movieId,avg_rating,num_ratings,title,genres,score
318,4.404613860039444,102929,"Shawshank Redemption, The (1994)",Crime|Drama,4.40123771665851
159817,4.444369063772049,2948,Planet Earth (2006),Documentary,4.332310990528357
858,4.317030403371463,66440,"Godfather, The (1972)",Crime|Drama,4.312133878435844
170705,4.426538598363572,2811,Band of Brothers (2001),Action|Drama|War,4.310913757188177
202439,4.312253641816624,11670,Parasite (2019),Comedy|Drama,4.284956246433824
171011,4.4468302658486705,1956,Planet Earth II (2016),Documentary,4.284078645571274
50,4.265070110701107,67750,"Usual Suspects, The (1995)",Crime|Mystery|Thriller,4.260458110434434
1221,4.26446846512491,43111,"Godfather: Part II, The (1974)",Crime|Drama,4.25723917734174
1203,4.265311256460687,21863,12 Angry Men (1957),Drama,4.251125638485164
527,4.23699034516378,73849,Schindler's List (1993),Drama|War,4.232852280639803
2019,4.249621922448733,16531,Seven Samurai (Shichinin no samurai) (1954),Action|Adventure|Drama,4.231161389854535
2959,4.228779806548388,77332,Fight Club (1999),Action|Crime|Drama|Thriller,4.22485386229884
904,4.226700960495117,24883,Rear Window (1954),Mystery|Thriller,4.214602358183031
5618,4.213107131071311,33333,Spirited Away (Sen to Chihiro no kamikakushi) (2001),Adventure|Animation|Fantasy,4.2041535769453215
1193,4.20422945819878,44592,One Flew Over the Cuckoo's Nest (1975),Drama,4.197573309314044
296,4.196968773181315,98409,Pulp Fiction (1994),Comedy|Crime|Drama|Thriller,4.193961811528728
750,4.2026804751751445,32830,Dr. Strangelove or: How I Learned to Stop Worrying and Love the Bomb (1964),Comedy|War,4.1936692273812035
912,4.194516930723827,32190,Casablanca (1942),Drama|Romance,4.185390534377556
1213,4.188427017117825,42003,Goodfellas (1990),Crime|Drama,4.181456100332059
44555,4.198769656970586,12273,"Lives of Others, The (Das leben der Anderen) (2006)",Drama|Romance|Thriller,4.175042525944154
908,4.187254267655402,20093,North by Northwest (1959),Action|Adventure|Mystery|Romance|Thriller,4.172789415227688
58559,4.173349175851957,59334,"Dark Knight, The (2008)",Action|Crime|Drama|IMAX,4.168468889658277
6016,4.178663189037683,25688,City of God (Cidade de Deus) (2002),Action|Adventure|Crime|Drama|Thriller,4.167401077446422
922,4.195767195767195,9072,Sunset Blvd. (a.k.a. Sunset Boulevard) (1950),Drama|Film-Noir|Romance,4.1639718273578845
195159,4.1852597278129196,10434,Spider-Man: Into the Spider-Verse (2018),Action|Adventure|Animation|Sci-Fi,4.157762873903164
2571,4.156436551253624,93808,"Matrix, The (1999)",Action|Sci-Fi|Thriller,4.153389756685795
1212,4.184687747931543,8823,"Third Man, The (1949)",Film-Noir|Mystery|Thriller,4.152323659389996
79132,4.157169736410557,57931,Inception (2010),Action|Crime|Drama|Mystery|Sci-Fi|Thriller|IMAX,4.152240980228912
3000,4.164156796390299,17730,Princess Mononoke (Mononoke-hime) (1997),Action|Adventure|Animation|Drama|Fantasy,4.148110563250261
166024,4.240097402597403,3080,Whiplash (2013),(no genres listed),4.147756017188892
593,4.148367098416916,90330,"Silence of the Lambs, The (1991)",Crime|Horror|Thriller,4.145225488558816
1252,4.154630969609262,20730,Chinatown (1974),Crime|Film-Noir|Mystery|Thriller,4.140992378323941
5971,4.161773384479197,13556,My Neighbor Totoro (Tonari no Totoro) (1988),Animation|Children|Drama|Fantasy,4.140918442409586
2324,4.150373922666756,29819,Life Is Beautiful (La Vita è bella) (1997),Comedy|Drama|Romance|War,4.140893278400557
3435,4.183495293045855,6586,Double Indemnity (1944),Crime|Drama|Film-Noir,4.140582160034544
112552,4.154746624223443,19477,Whiplash (2014),Drama,4.140240242808699
4226,4.14160050691416,53658,Memento (2000),Mystery|Thriller,4.13635295306575
1136,4.1356325793411886,46508,Monty Python and the Holy Grail (1975),Adventure|Comedy|Fantasy,4.129614345810354
1234,4.143217854039965,18416,"Sting, The (1973)",Comedy|Crime,4.128040600572202
1178,4.178506375227687,5490,Paths of Glory (1957),Drama|War,4.127614177912162
1196,4.13035162367812,72151,Star Wars: Episode V - The Empire Strikes Back (1980),Action|Adventure|Sci-Fi,4.126483116767014
913,4.145630725863284,14190,"Maltese Falcon, The (1941)",Film-Noir|Mystery,4.1259697764802095
109487,4.133447264310897,37157,Interstellar (2014),Sci-Fi|IMAX,4.1259390899729755
48516,4.131371324781473,35236,"Departed, The (2006)",Crime|Drama|Thriller,4.123471251310279
2329,4.130443708779223,38967,American History X (1998),Crime|Drama,4.123301135652124
1201,4.134063345257831,22922,"Good, the Bad and the Ugly, The (Buono, il brutto, il cattivo, Il) (1966)",Action|Adventure|Western,4.12193591986587
1207,4.134468991216396,18785,To Kill a Mockingbird (1962),Drama,4.119700376991584
3030,4.171581238867999,5053,Yojimbo (1961),Action|Adventure,4.116819443146816
1204,4.134256910981486,15772,Lawrence of Arabia (1962),Adventure|Drama|War,4.116714105051534
926,4.161090969017798,6068,All About Eve (1950),Drama,4.115541643150929
1197,4.119108972038248,46957,"Princess Bride, The (1987)",Action|Adventure|Comedy|Fantasy|Romance,4.113235104205621
1233,4.1293343457352565,15804,"Boot, Das (Boat, The) (1981)",Action|Drama|War,4.111902834105993
608,4.116532542951181,58031,Fargo (1996),Comedy|Crime|Drama|Thriller,4.111785795885376
1208,4.119902823051849,32518,Apocalypse Now (1979),Action|Drama|War,4.111434557606002
1284,4.150637659414854,6665,"Big Sleep, The (1946)",Crime|Film-Noir|Mystery,4.109397735810484
48780,4.1177309267404825,32965,"Prestige, The (2006)",Drama|Mystery|Sci-Fi|Thriller,4.109392904947029
1198,4.1118932470923335,67408,Raiders of the Lost Ark (Indiana Jones and the Raiders of the Lost Ark) (1981),Action|Adventure,4.1078214491887755
1172,4.12998543070479,10982,Cinema Paradiso (Nuovo cinema Paradiso) (1989),Drama,4.1050552498571
541,4.110004536714986,46289,Blade Runner (1982),Action|Sci-Fi|Thriller,4.104095049532104
92259,4.118809730668984,18416,Intouchables (2011),Comedy|Drama,4.1039579641798305
1260,4.151099860335195,5728,M (1931),Crime|Film-Noir|Thriller,4.103375496598589
903,4.117005479031184,19529,Vertigo (1958),Drama|Mystery|Romance|Thriller,4.1030122007705625
930,4.146511237839651,5962,Notorious (1946),Film-Noir|Romance|Thriller,4.100768810578194
1217,4.1411811023622045,6350,Ran (1985),Drama|War,4.098329267850718
260,4.099823550170568,85010,Star Wars: Episode IV - A New Hope (1977),Action|Adventure|Sci-Fi,4.096627624865206
1148,4.111800362565148,17652,Wallace & Gromit: The Wrong Trousers (1993),Animation|Children|Comedy|Crime,4.096412191879744
31658,4.112218127303392,16009,Howl's Moving Castle (Hauru no ugoku shiro) (2004),Adventure|Animation|Fantasy|Romance,4.095268454451074
898,4.131497649429147,7445,"Philadelphia Story, The (1940)",Comedy|Drama|Romance,4.095057773771443
7153,4.094360183249567,67449,"Lord of the Rings: The Return of the King, The (2003)",Action|Adventure|Drama|Fantasy,4.090355313911068
2858,4.0930507382055925,65158,American Beauty (1999),Drama|Romance,4.088910573740998
4993,4.0921336943737865,73122,"Lord of the Rings: The Fellowship of the Ring, The (2001)",Adventure|Fantasy,4.088446032495446
293,4.093760455001672,41846,Léon: The Professional (a.k.a. The Professional) (Léon) (1994),Action|Crime|Drama|Thriller,4.087323286327324
1089,4.092682369083009,43730,Reservoir Dogs (1992),Crime|Mystery|Thriller,4.08652706196881
1704,4.091108531402487,50824,Good Will Hunting (1997),Drama|Romance,4.085815863317338
47,4.087198647666593,63298,Seven (a.k.a. Se7en) (1995),Mystery|Thriller,4.082960223167772
1248,4.1243441762854145,5718,Touch of Evil (1958),Crime|Film-Noir|Thriller,4.077655902666393
1209,4.114501176145012,7227,Once Upon a Time in the West (C'era una volta il West) (1968),Action|Drama|Western,4.077564574916747
1262,4.096466671710676,13217,"Great Escape, The (1963)",Action|Adventure|Drama|War,4.076293824075636
745,4.095309810671257,13944,Wallace & Gromit: A Close Shave (1995),Animation|Children|Comedy,4.076190560464747
4973,4.082169401044663,43459,"Amelie (Fabuleux destin d'Amélie Poulain, Le) (2001)",Comedy|Romance,4.076035796860982
950,4.143992702632265,3837,"Thin Man, The (1934)",Comedy|Crime,4.074613917526152
27773,4.089463966303156,17331,Old Boy (2003),Mystery|Thriller,4.0741110589719
163809,4.2637795275590555,1397,Over the Garden Wall (2013),Adventure|Animation|Drama,4.0734339908986605
163134,4.143597236981934,3764,Your Name. (2016),Animation|Drama|Fantasy|Romance,4.072980888041094
7099,4.108901515151516,7392,Nausicaä of the Valley of the Wind (Kaze no tani no Naushika) (1984),Adventure|Animation|Drama|Fantasy|Sci-Fi,4.072944941776506
1945,4.110999713549126,6982,On the Waterfront (1954),Crime|Drama,4.07293213923856
1254,4.114552297318489,6377,"Treasure of the Sierra Madre, The (1948)",Action|Adventure|Drama|Western,4.072875383815045
1250,4.09085970392503,14726,"Bridge on the River Kwai, The (1957)",Adventure|Drama|War,4.072812840527823
179135,4.300085984522786,1163,Blue Planet II (2017),Documentary,4.071793332119913
111,4.076663846972467,36647,Taxi Driver (1976),Crime|Drama|Thriller,4.069434950919211
1276,4.088519233625427,13466,Cool Hand Luke (1967),Drama,4.068856864112761
5952,4.072187717711931,67463,"Lord of the Rings: The Two Towers, The (2002)",Adventure|Fantasy,4.068265179468013
198185,4.298684210526316,1140,Twin Peaks (1989),Drama|Mystery,4.066862269148323
720,4.094809568044589,8612,Wallace & Gromit: The Best of Aardman Animation (1996),Adventure|Animation|Comedy,4.06419946118567
1267,4.089948145193459,10028,"Manchurian Candidate, The (1962)",Crime|Thriller|War,4.063673384543988
905,4.114603862830115,5074,It Happened One Night (1934),Comedy|Romance,4.062722389227697
1214,4.068401495211343,45211,Alien (1979),Horror|Sci-Fi,4.062579658239902
5291,4.105895015731082,6039,Rashomon (Rashômon) (1950),Crime|Drama|Mystery,4.062320489451185
1225,4.072640678780117,24986,Amadeus (1984),Drama,4.0621110052197595
2186,4.101552984165652,6568,Strangers on a Train (1951),Crime|Drama|Film-Noir|Thriller,4.061518432956344
1147,4.12631315657829,3998,When We Were Kings (1996),Documentary,4.0606006747557295
923,4.071378708551483,22920,Citizen Kane (1941),Drama|Mystery,4.059923647890927
5690,4.097916972275194,6817,Grave of the Fireflies (Hotaru no haka) (1988),Animation|Drama|War,4.059421305936979
7361,4.065293720459149,44430,Eternal Sunshine of the Spotless Mind (2004),Drama|Romance|Sci-Fi,4.05938742909114
4011,4.066981451290411,32509,Snatch (2000),Comedy|Crime|Thriller,4.058912964677836
3089,4.109116867224149,4903,Bicycle Thieves (a.k.a. The Bicycle Thief) (a.k.a. The Bicycle Thieves) (Ladri di biciclette) (1948),Drama,4.055778451759566
1219,4.062511562511562,27027,Psycho (1960),Crime|Horror,4.0528622338995275
356,4.052743878120762,100296,Forrest Gump (1994),Comedy|Drama|Romance|War,4.050150380632137
1617,4.0556486247753645,32831,L.A. Confidential (1997),Crime|Film-Noir|Mystery|Thriller,4.047743947400691
1224,4.100954554886906,4819,Henry V (1989),Action|Drama|Romance|War,4.0471329358551085
6350,4.080183048149622,7539,Laputa: Castle in the Sky (Tenkû no shiro Rapyuta) (1986),Action|Adventure|Animation|Children|Fantasy|Sci-Fi,4.045823008207617
1280,4.115038209606987,3664,Raise the Red Lantern (Da hong deng long gao gao gua) (1991),Drama,4.044433797342152
2028,4.048742461622807,58368,Saving Private Ryan (1998),Action|Drama|War,4.044310855838847
142488,4.072008571106349,8867,Spotlight (2015),Thriller,4.042877280972817
306,4.073567151411463,8183,Three Colors: Red (Trois couleurs: Rouge) (1994),Drama,4.042026708763162
96829,4.093531643042524,5009,"Hunt, The (Jagten) (2012)",Drama,4.042006315376882
5995,4.052858969272142,22683,"Pianist, The (2002)",Drama|War,4.041486532106807
55820,4.050814344142565,27384,No Country for Old Men (2007),Crime|Drama,4.041395040173854
1222,4.049029260638134,32501,Full Metal Jacket (1987),Drama|War,4.041095240157072
1237,4.079615442391468,6657,"Seventh Seal, The (Sjunde inseglet, Det) (1957)",Drama,4.040887502804864
148626,4.0567446822697875,14997,"Big Short, The (2015)",Drama,4.039575558387508
98491,4.106174496644296,3725,Paperman (2012),Animation|Comedy|Romance,4.037209040393595
3462,4.079243100313998,6051,Modern Times (1936),Comedy|Drama|Romance,4.036804553345308
1256,4.076748552652167,6391,Duck Soup (1933),Comedy|Musical|War,4.0365766059157675
969,4.058496536389293,11693,"African Queen, The (1951)",Adventure|Comedy|Romance|War,4.0365406682035605
1299,4.067232883817427,7712,"Killing Fields, The (1984)",Drama|War,4.034024420055534
3307,4.097747183979975,3995,City Lights (1931),Comedy|Drama|Romance,4.033663612625205
164179,4.045182858879546,19742,Arrival (2016),Sci-Fi,4.032232916257902
1131,4.103291713961408,3524,Jean de Florette (1986),Drama|Mystery,4.030842324371202
68157,4.03795001146526,34888,Inglourious Basterds (2009),Action|Drama|War,4.030633465263587
1258,4.036438923395445,38640,"Shining, The (1980)",Horror,4.029837948762245
2731,4.089978576529398,4201,"400 Blows, The (Les quatre cents coups) (1959)",Crime|Drama,4.029296165221714
3147,4.035557551648916,38965,"Green Mile, The (1999)",Crime|Drama,4.0290168793621675
910,4.047655790711346,13608,Some Like It Hot (1959),Comedy|Crime,4.028928909468936
951,4.07953849295487,4897,His Girl Friday (1940),Comedy|Romance,4.0275685508113455
1304,4.0419343833513395,17587,Butch Cassidy and the Sundance Kid (1969),Action|Western,4.027465112812928
2859,4.122616323417239,2622,Stop Making Sense (1984),Documentary|Musical,4.025728867470169
953,4.039131381299662,18374,It's a Wonderful Life (1946),Children|Drama|Fantasy|Romance,4.025311042083676
899,4.044915976148068,12913,Singin' in the Rain (1952),Comedy|Musical|Romance,4.025252053701982
116897,4.108892617449665,2980,Wild Tales (2014),Comedy|Drama|Thriller,4.023805322438014
160718,4.15354535974974,1918,Piper (2016),Animation,4.021627673459831
928,4.0641265521347165,5879,Rebecca (1940),Drama|Mystery|Romance|Thriller,4.021110821916171
1230,4.033405785851058,19323,Annie Hall (1977),Comedy|Romance,4.020328379238608
800,4.053673859601202,7322,Lone Star (1996),Drama|Mystery|Western,4.0192004920973865
207313,4.042504655493483,10740,Knives Out (2019),Comedy|Crime|Drama|Mystery|Thriller,4.019006907481195
1228,4.037857307073339,13049,Raging Bull (1980),Drama,4.018526609887283
99114,4.026370814218394,32043,Django Unchained (2012),Action|Drama|Western,4.018498911665777
2542,4.028092911560119,24152,"Lock, Stock & Two Smoking Barrels (1998)",Comedy|Crime|Thriller,4.017657750559205
109374,4.028973740373017,21554,"Grand Budapest Hotel, The (2014)",Comedy|Drama,4.017285086186705
1232,4.080921895006402,3905,Stalker (1979),Drama|Mystery|Sci-Fi,4.016458028748913
3468,4.066539923954372,4997,"Hustler, The (1961)",Drama,4.016177396751768
134130,4.024782949046399,28104,The Martian (2015),Adventure|Drama|Sci-Fi,4.015831361364097
56782,4.031560604104815,15494,There Will Be Blood (2007),Drama|Western,4.015331673682747
1223,4.042918454935623,8854,"Grand Day Out with Wallace and Gromit, A (1989)",Adventure|Animation|Children|Comedy|Sci-Fi,4.014540971077361
1244,4.038351431391905,10130,Manhattan (1979),Comedy|Drama|Romance,4.013572248082177
916,4.046414895021788,7573,Roman Holiday (1953),Comedy|Drama|Romance,4.013278743734912
1189,4.09277031349968,3126,"Thin Blue Line, The (1988)",Documentary,4.012552966197549
104879,4.038098731789121,9541,Prisoners (2013),Drama|Mystery|Thriller,4.0118351572151
142115,4.247408105560791,1061,The Blue Planet (2001),Documentary,4.01134819880915
1247,4.021080693579462,22319,"Graduate, The (1967)",Comedy|Drama|Romance,4.0098753098702185
158783,4.1001845018450185,2710,The Handmaiden (2016),Drama|Romance|Thriller,4.008065499212582
6818,4.173898531375167,1498,Come and See (Idi i smotri) (1985),Drama|War,4.0073644774286485
7156,4.081679389312977,3275,"Fog of War: Eleven Lessons from the Life of Robert S. McNamara, The (2003)",Documentary|War,4.005637221720282
1041,4.0470005127328665,5851,Secrets & Lies (1996),Drama,4.004486140038379
3429,4.093514869222501,2791,Creature Comforts (1989),Animation|Comedy,4.004396528050299
5782,4.0535677352637025,4835,"Professional, The (Le professionnel) (1981)",Action|Drama|Thriller,4.002235489608393
208703,4.038131900058106,6884,1917 (2019),Drama|War,4.002084005891027
246,4.024880206413564,10852,Hoop Dreams (1994),Documentary,4.002014702016963
778,4.008880265133275,35303,Trainspotting (1996),Comedy|Crime|Drama,4.001852643758002
60069,4.007613832420674,39993,WALL·E (2008),Adventure|Animation|Children|Romance|Sci-Fi,4.0014130795419725
26662,4.037417943107221,6855,Kiki's Delivery Service (Majo no takkyûbin) (1989),Adventure|Animation|Children|Drama|Fantasy,4.001247906870889
1200,4.00725943469083,38846,Aliens (1986),Action|Adventure|Horror|Sci-Fi,4.000879015053628
2762,4.003209963164357,57010,"Sixth Sense, The (1999)",Drama|Horror|Mystery,3.998871179949669
1086,4.032749586321015,7252,Dial M for Murder (1954),Crime|Mystery|Thriller,3.9986488295564673
5147,4.085926449787836,2828,Wild Strawberries (Smultronstället) (1957),Drama,3.998493615528651
2203,4.086355475763016,2785,Shadow of a Doubt (1943),Crime|Drama|Thriller,3.9976482433897313
1272,4.023717595146167,9065,Patton (1970),Drama|War,3.996496097834431
26082,4.19015748031496,1270,Harakiri (Seppuku) (1962),Drama,3.9959608964514484
1949,4.099410278011795,2374,"Man for All Seasons, A (1966)",Drama,3.995564072446569
1288,4.00787502565155,19492,This Is Spinal Tap (1984),Comedy,3.9952314740270256
3022,4.074175824175824,3094,"General, The (1926)",Comedy|War,3.994575071231597
3196,4.07067738942159,3233,Stalag 17 (1953),Drama|War,3.9945044388466373
4144,4.05306319343946,4146,In the Mood For Love (Fa yeung nin wa) (2000),Drama|Romance,3.993712031131563
6669,4.112614789753504,2069,Ikiru (1952),Drama,3.993686097597008
1199,4.006763982461769,18702,Brazil (1985),Fantasy|Sci-Fi,3.993607955591561
909,4.028897558156336,6921,"Apartment, The (1960)",Comedy|Drama|Romance,3.9933562540091363
177765,4.018624195891264,9638,Coco (2017),Adventure|Animation|Children,3.9931085583570285
2360,4.074380165289257,3025,"Celebration, The (Festen) (1998)",Drama,3.993086229151809
7327,4.083518930957684,2694,Persona (1966),Drama,3.992308609065924
1269,4.0239215686274505,7650,Arsenic and Old Lace (1944),Comedy|Mystery|Thriller,3.991817215766765
68237,4.006510416666667,15744,Moon (2009),Drama|Mystery|Sci-Fi|Thriller,3.990925035835909
286897,4.207413945278023,1133,Spider-Man: Across the Spider-Verse (2023),Action|Adventure|Animation|Sci-Fi,3.990856795441136
270698,4.052268739032339,3989,Everything Everywhere All at Once (2022),Action|Comedy|Sci-Fi,3.990765474791785
3134,4.115384615384615,1963,Grand Illusion (La grande illusion) (1937),Drama|War,3.990444868945298
232,4.028991262907069,6295,Eat Drink Man Woman (Yin shi nan nu) (1994),Comedy|Drama|Romance,3.9900464563364517
6787,4.028689831048773,6274,All the President's Men (1976),Drama|Thriller,3.9896311465176693
2357,4.083046306926904,2613,Central Station (Central do Brasil) (1998),Drama,3.989295574834937
1281,4.033643326039387,5484,"Great Dictator, The (1940)",Comedy|Drama|War,3.9889872500165895
1283,4.030393835616438,5840,High Noon (1952),Drama|Western,3.9884815000443608
924,3.995171703678967,35934,2001: A Space Odyssey (1968),Adventure|Drama|Sci-Fi,3.9883609386096777
1210,3.991555055114377,67496,Star Wars: Episode VI - Return of the Jedi (1983),Action|Adventure|Sci-Fi,3.987930678259472
1132,4.063253943705536,3233,Manon of the Spring (Manon des sources) (1986),Drama,3.9876116504265213
911,4.034199726402189,5117,Charade (1963),Comedy|Crime|Mystery|Romance|Thriller,3.986463595225425
1732,3.9925307436243087,36349,"Big Lebowski, The (1998)",Comedy|Crime,3.9858151698764166
5008,4.078190079515335,2641,Witness for the Prosecution (1957),Drama|Mystery|Thriller,3.9857659454029917
110,3.9886301488155205,69482,Braveheart (1995),Action|Drama|War,3.9851194378047623
74458,3.99312620291449,29096,Shutter Island (2010),Drama|Mystery|Thriller,3.9847457311362486
116797,3.992477514309076,24460,The Imitation Game (2014),Drama|Thriller|War,3.982531193441234
2502,3.9910165901870807,28330,Office Space (1999),Comedy|Crime,3.9824298697857548
3730,4.024679430880028,5693,"Conversation, The (1974)",Drama|Mystery,3.9819695729682607
1358,3.998711160652083,14354,Sling Blade (1996),Drama,3.9817751957227743
1291,3.9868645072304476,46401,Indiana Jones and the Last Crusade (1989),Action|Adventure,3.981626220112371
678,4.069733479372034,2739,Some Folks Call It a Sling Blade (1993),Drama|Thriller,3.9810452175842923
1266,3.993349627692832,17593,Unforgiven (1992),Drama|Western,3.979562995287503
1206,3.985441903416807,36818,"Clockwork Orange, A (1971)",Crime|Drama|Sci-Fi|Thriller,3.9788589012196893
1080,3.9873039718598857,27292,Monty Python's Life of Brian (1979),Comedy,3.9784271757865612
1259,3.986662769028392,27367,Stand by Me (1986),Adventure|Drama,3.977815859907521
3504,4.011166785969936,6985,Network (1976),Comedy|Drama,3.9765499945562013
1950,4.034569983136594,4151,In the Heat of the Night (1967),Drama|Mystery,3.9763324179231585
115713,3.988002720031086,20588,Ex Machina (2015),Drama|Sci-Fi|Thriller,3.976261584286535
3949,3.9839233795108604,29235,Requiem for a Dream (2000),Drama,3.975660106214582
3677,4.086666666666667,2175,Baraka (1992),Documentary,3.9756033687941357
942,4.048068006182381,3235,Laura (1944),Crime|Film-Noir|Mystery,3.973554064588567
7926,4.164285714285715,1260,High and Low (Tengoku to jigoku) (1963),Crime|Drama|Film-Noir|Thriller,3.973069789661413
954,4.008810572687224,6583,Mr. Smith Goes to Washington (1939),Drama,3.9722427151480706
168250,3.991137939892114,11679,Get Out (2017),Horror,3.9705618764091
1251,4.0260296159185565,4322,8 1/2 (8½) (1963),Drama|Fantasy,3.9704358016189603
1939,4.078532853285329,2222,"Best Years of Our Lives, The (1946)",Drama|War,3.970401475421954
176601,4.203992210321324,1027,Black Mirror,(no genres listed),3.970111298393374
3681,4.003511537910277,6977,For a Few Dollars More (Per qualche dollaro in più) (1965),Action|Drama|Thriller|Western,3.9691201103834968
28,4.041238670694864,3310,Persuasion (1995),Drama|Romance,3.9687726560510566
2905,4.101510067114094,1788,Sanjuro (Tsubaki Sanjûrô) (1962),Action|Adventure|Drama,3.9675315457902234
31410,3.9997270742358078,7328,"Downfall (Untergang, Der) (2004)",Drama|War,3.9670531491269654
170355,4.128629304523971,1481,Mulholland Dr. (1999),Drama|Mystery|Romance,3.966972082559747
8638,4.003973819541842,6417,Before Sunset (2004),Drama|Romance,3.9666759185736513
177593,3.9980226733456368,7586,"Three Billboards Outside Ebbing, Missouri (2017)",Crime|Drama,3.966478832610513
457,3.9699420041000124,57073,"Fugitive, The (1993)",Thriller,3.96575244375396
1270,3.9691494691252283,61879,Back to the Future (1985),Adventure|Comedy|Sci-Fi,3.9652871738079045
31364,4.048426573426574,2860,Memories of Murder (Salinui chueok) (2003),Crime|Drama|Mystery|Thriller,3.9648959457107362
2132,4.0287557108304215,3721,Who's Afraid of Virginia Woolf? (1966),Drama,3.9645746758407276
741,3.9867991417109807,10719,Ghost in the Shell (Kôkaku kidôtai) (1995),Animation|Sci-Fi,3.9645205559514682
1278,3.9769810496422915,18311,Young Frankenstein (1974),Comedy|Fantasy,3.9639472737256183
4235,3.992665195378424,7703,Amores Perros (Love's a Bitch) (2000),Drama|Thriller,3.9617531666167967
115122,4.010166734444896,4918,What We Do in the Shadows (2014),Comedy|Horror,3.9617497930325927
162,3.9978783592644977,6363,Crumb (1994),Documentary,3.9605053018981087
48394,3.9690380074643916,26258,"Pan's Labyrinth (Laberinto del fauno, El) (2006)",Drama|Fantasy|Thriller,3.959986456568671
955,4.005278310940499,5210,Bringing Up Baby (1938),Comedy|Romance,3.959674111198246
2208,4.045108695652174,2760,"Lady Vanishes, The (1938)",Drama|Mystery|Thriller,3.9590764085280687
589,3.96204466022257,68383,Terminator 2: Judgment Day (1991),Action|Sci-Fi,3.958574147089329
115569,3.9763904653802498,13215,Nightcrawler (2014),Crime|Drama|Thriller,3.958434406495897
1263,3.975589163791205,13621,"Deer Hunter, The (1978)",Drama|War,3.9581730946596667
1293,3.9795540711319735,11078,Gandhi (1982),Drama,3.9581407980665593
2804,3.973128662759723,15016,"Christmas Story, A (1983)",Children|Comedy,3.9573443000360373
2351,4.102391171060699,1631,"Nights of Cabiria (Notti di Cabiria, Le) (1957)",Drama,3.957106763987502
3578,3.961182962279587,57449,Gladiator (2000),Action|Adventure|Drama,3.957058489227859
1211,4.010257579211306,4387,"Wings of Desire (Himmel über Berlin, Der) (1987)",Drama|Fantasy|Romance,3.956290041981083
91529,3.963564819388192,30369,"Dark Knight Rises, The (2012)",Action|Adventure|Crime|IMAX,3.955773093700747
2973,4.004516806722689,4760,Crimes and Misdemeanors (1989),Comedy|Crime|Drama,3.9548533621394135
3819,4.0625,2152,Tampopo (1985),Comedy,3.9528780897247304
4995,3.9586037579912006,41139,"Beautiful Mind, A (2001)",Drama|Romance,3.952869437821685
994,3.9953271028037385,5457,Big Night (1996),Comedy|Drama,3.952131128414467
3983,4.0262326169405815,3164,You Can Count on Me (2000),Drama|Romance,3.9517609673943292
307,3.981914481333161,7741,Three Colors: Blue (Trois couleurs: Bleu) (1993),Drama,3.951484374725604
5989,3.9567810203870435,38652,Catch Me If You Can (2002),Crime|Drama,3.9506917579187144
1361,4.077026301663983,1863,Paradise Lost: The Child Murders at Robin Hood Hills (1996),Documentary,3.950691323272933
30749,3.967007565144298,14276,Hotel Rwanda (2004),Drama|War,3.950523928262508
34405,3.965015620932049,15364,Serenity (2005),Action|Adventure|Sci-Fi,3.9497124176559195
2920,4.1392251815980625,1239,Children of Paradise (Les enfants du paradis) (1945),Drama|Romance,3.9495026585255095
1104,3.9820338512763596,7208,"Streetcar Named Desire, A (1951)",Drama,3.9494246946613347
2692,3.9599352488870903,22239,Run Lola Run (Lola rennt) (1998),Action|Crime,3.949366770824315
3629,4.029989658738366,2901,"Gold Rush, The (1925)",Adventure|Comedy|Romance,3.9490031447411362
131724,4.131128404669261,1285,The Jinx: The Life and Deaths of Robert Durst (2015),Documentary,3.9484092871895866
171495,4.330081300813008,615,Cosmos,(no genres listed),3.9483331469152754
1218,4.0228288633461045,3132,"Killer, The (Die xue shuang xiong) (1989)",Action|Crime|Drama|Thriller,3.9479029269188994
58,3.9677502358692855,11659,"Postman, The (Postino, Il) (1994)",Comedy|Drama|Romance,3.9476284656085543
3469,4.052690582959642,2230,Inherit the Wind (1960),Drama,3.9475029269515134
3683,3.9832225143033866,6467,Blood Simple (1984),Crime|Drama|Film-Noir,3.946971367295539
152970,4.018958076448828,3244,Hunt for the Wilderpeople (2016),Adventure|Comedy,3.9467104714191943
111759,3.9581983805668015,19760,Edge of Tomorrow (2014),Action|Sci-Fi|IMAX,3.9463421280340305
2788,3.9804370293813673,6773,Monty Python's And Now for Something Completely Different (1971),Comedy,3.945864367994433
1952,3.9763077332623453,7513,Midnight Cowboy (1969),Drama,3.945163556039128
7256,4.0271834444054715,2851,Touching the Void (2003),Adventure|Documentary,3.945115973295947
94959,3.9639502307185235,12136,Moonrise Kingdom (2012),Comedy|Drama|Romance,3.9446798121599778
3035,4.032904689863843,2644,Mister Roberts (1955),Comedy|Drama|War,3.9444726764216207
1303,4.003956100051046,3918,"Man Who Would Be King, The (1975)",Adventure|Drama,3.944290721068445
1300,4.007452574525745,3690,My Life as a Dog (Mitt liv som hund) (1985),Comedy|Drama,3.9441125709259195
68954,3.9504425265241054,36382,Up (2009),Adventure|Animation|Children|Drama,3.944018984125973
8228,4.013692446584412,3323,"Maltese Falcon, The (a.k.a. Dangerous Female) (1931)",Mystery,3.943409671496992
1235,3.967871485943775,9462,Harold and Maude (1971),Comedy|Drama|Romance,3.9431942462202376
112556,3.953546626984127,20160,Gone Girl (2014),Drama|Thriller,3.941979479816164
166643,3.9828011995060857,5669,Hidden Figures (2016),Drama,3.9416794818466188
2010,3.973456790123457,7290,Metropolis (1927),Drama|Sci-Fi,3.941485495976881
104374,3.9705734722047934,7969,About Time (2013),Drama|Fantasy|Romance,3.9413311193395035
1227,3.978902953586498,5925,Once Upon a Time in America (1984),Crime|Drama,3.9396435001571306
1242,3.9573068734793186,13152,Glory (1989),Drama|War,3.939620846780448
97,4.004987175833571,3509,"Hate (Haine, La) (1995)",Crime|Drama,3.938759681103836
123,4.003961516694964,3534,Chungking Express (Chung Hing sam lam) (1994),Drama|Mystery|Romance,3.9382391830659307
86781,4.045328399629972,2162,Incendies (2010),Drama|Mystery|War,3.937933968899625
1292,3.9700167738328207,7154,Being There (1979),Comedy|Drama,3.9375737894095697
3362,3.9614462852974888,9597,Dog Day Afternoon (1975),Crime|Drama,3.9372698286210612
1036,3.9423089587952496,45553,Die Hard (1988),Action|Crime|Thriller,3.937215814313819
176371,3.957274202271498,11094,Blade Runner 2049 (2017),Sci-Fi,3.9363800267674147
3083,3.9792341398361595,5249,All About My Mother (Todo sobre mi madre) (1999),Drama,3.9351325061605538
17,3.9451260617500337,22251,Sense and Sensibility (1995),Drama|Romance,3.9347270434810873
945,4.034662045060658,2308,Top Hat (1935),Comedy|Musical|Romance,3.9344381890649247
26131,4.056293149229952,1883,"Battle of Algiers, The (La battaglia di Algeri) (1966)",Drama|War,3.9335639596698284
71033,4.006999681832644,3143,"Secret in Their Eyes, The (El secreto de sus ojos) (2009)",Crime|Drama|Mystery|Romance|Thriller,3.933478288163008
2726,4.013386648122392,2876,"Killing, The (1956)",Crime|Film-Noir,3.9330746601875597
3359,4.000741619697419,3371,Breaking Away (1979),Comedy|Drama,3.9322812800409146
933,3.9724162011173183,5728,To Catch a Thief (1955),Crime|Mystery|Romance|Thriller,3.9321328791882255
2935,4.068831942789035,1678,"Lady Eve, The (1941)",Comedy|Romance,3.931426127780428
1246,3.938424359594007,31035,Dead Poets Society (1989),Drama,3.930998532971276
326,4.084502338009352,1497,To Live (Huozhe) (1994),Drama,3.9306174498081825
205156,3.9679192648506727,6094,Jojo Rabbit (2019),Comedy|War,3.930136846808259
3095,3.984837631327603,4188,"Grapes of Wrath, The (1940)",Drama,3.9298755900786824
4878,3.9355325510549477,35452,Donnie Darko (2001),Drama|Mystery|Sci-Fi|Thriller,3.92904562645816
1273,3.999234771962045,3267,Down by Law (1986),Comedy|Drama|Film-Noir,3.928856055524932
2997,3.9338884124920472,36151,Being John Malkovich (1999),Comedy|Drama|Fantasy,3.92753730108105
194448,3.968352160659853,5577,Green Book (2018),Comedy|Drama,3.9271983737482805
228099,4.1757049891540134,922,Firefly (2002),Action|Adventure|Sci-Fi|Western,3.9268639556068896
1245,3.9574862637362638,7280,Miller's Crossing (1990),Crime|Drama|Film-Noir|Thriller,3.926000478903971
106782,3.934272737426008,26861,"Wolf of Wall Street, The (2013)",Comedy|Crime|Drama,3.9257417034227386
3088,3.981749142577168,4082,Harvey (1950),Comedy|Fantasy,3.925619387568428
169906,4.12664907651715,1137,The Night Of (2016),Crime|Drama,3.925221881535541
290,3.979280781138366,4199,Once Were Warriors (1994),Crime|Drama,3.924765620994201
4262,3.936380845185716,19546,Scarface (1983),Action|Crime|Drama,3.924670748810052
2951,3.9474729640256014,9062,"Fistful of Dollars, A (Per un pugno di dollari) (1964)",Action|Western,3.9222808757069787
82,4.010176125244619,2555,Antonia's Line (Antonia) (1995),Comedy|Drama,3.9209547436142898
1175,3.947709696609161,8405,Delicatessen (1991),Comedy|Drama|Romance,3.9205982280382377
2288,3.9359671173313404,14719,"Thing, The (1982)",Action|Horror|Sci-Fi|Thriller,3.920487510313411
193950,4.030990727183992,2049,Free Solo (2018),Documentary,3.9198681429218447
906,4.011717171717172,2475,Gaslight (1944),Drama|Thriller,3.9197345738169926
1264,4.0033320992225105,2701,Diva (1981),Action|Drama|Mystery|Romance|Thriller,3.919104039330183
1719,3.975520040588534,3942,"Sweet Hereafter, The (1997)",Drama,3.9178851811353423
254726,3.9596774193548385,5332,Dune (2021),Action|Adventure|Drama|Sci-Fi,3.9171038731423438
7766,4.04669373549884,1724,Throne of Blood (Kumonosu jô) (1957),Action|Drama|Thriller|War,3.9152846092656026
80906,3.9929601648351647,2912,Inside Job (2010),Documentary,3.9151713137461184
947,4.023128278493085,2097,My Man Godfrey (1936),Comedy|Romance,3.915113604851062
65188,4.0876524390243905,1312,Dear Zachary: A Letter to a Son About His Father (2008),Documentary,3.915026590825874
33794,3.9204049321115004,41686,Batman Begins (2005),Action|Crime|IMAX,3.9149721355152893
3198,3.9573055028463,5270,Papillon (1973),Crime|Drama,3.9143606525974572
202749,4.0561160151324085,1586,Portrait of a Lady on Fire (2019),Drama|Romance,3.9135457003761
61240,3.9442470620388086,7318,Let the Right One In (Låt den rätte komma in) (2008),Drama|Fantasy|Horror|Romance,3.913354875262011
1274,3.9327138186198587,11622,Akira (1988),Action|Adventure|Animation|Sci-Fi,3.9132639484470517
7669,3.9862370466321244,3088,Pride and Prejudice (1995),Drama|Romance,3.913052535473076
215,3.9393581878244457,8476,Before Sunrise (1995),Drama|Romance,3.9127055903930255
96606,4.074659009332376,1393,Samsara (2011),Documentary,3.91251903625075
919,3.919941900205058,29260,"Wizard of Oz, The (1939)",Adventure|Children|Fantasy|Musical,3.9122252949320413
3741,3.983029541169076,3182,Badlands (1973),Crime|Drama|Thriller,3.912082837045704
965,3.965414784882339,4207,"39 Steps, The (1935)",Drama|Mystery|Thriller,3.911772033847283
1231,3.938603868797309,8323,"Right Stuff, The (1983)",Drama,3.911497451629173
3152,3.9810146280734515,3213,"Last Picture Show, The (1971)",Drama,3.9108480908229892
8014,3.994958924570575,2678,"Spring, Summer, Fall, Winter... and Spring (Bom yeoreum gaeul gyeoul geurigo bom) (2003)",Drama,3.9107810330452377
36,3.920561606691484,21759,Dead Man Walking (1995),Crime|Drama,3.9102079255912696
4427,4.031317494600432,1852,"Lion in Winter, The (1968)",Drama,3.909736306164076
3037,3.962087526328107,4273,Little Big Man (1970),Western,3.9094108683562454
3801,4.003589527027027,2368,Anatomy of a Murder (1959),Drama|Mystery,3.908618978799384
2289,3.9355542095699576,8255,"Player, The (1992)",Comedy|Crime|Drama,3.908320300758488
203375,3.9537489812550937,4908,Ford v. Ferrari (2019),Action|Drama,3.907961179317052
5878,3.9574396782841825,4476,Talk to Her (Hable con Ella) (2002),Drama|Romance,3.9072710545450926
140174,3.942027851666406,6391,Room (2015),Drama,3.9069059783460753
48774,3.9171903702987527,20686,Children of Men (2006),Action|Adventure|Drama|Sci-Fi|Thriller,3.906346101754492
32,3.910185436454093,55275,Twelve Monkeys (a.k.a. 12 Monkeys) (1995),Mystery|Sci-Fi|Thriller,3.906128081882218
29,3.929884202698396,9413,"City of Lost Children, The (Cité des enfants perdus, La) (1995)",Adventure|Drama|Fantasy|Mystery|Sci-Fi,3.9060604027800028
3334,3.975864216754905,3211,Key Largo (1948),Crime|Drama|Film-Noir|Thriller,3.9060276324807384
1289,3.9710695499707773,3422,Koyaanisqatsi (a.k.a. Koyaanisqatsi: Life Out of Balance) (1983),Documentary,3.9055722045329775
1953,3.9277682963557874,9961,"French Connection, The (1971)",Action|Crime|Thriller,3.905274782869578
3091,4.0360070257611245,1708,Kagemusha (1980),Drama|War,3.9048827255455603
2843,4.025013448090371,1859,"Black Cat, White Cat (Crna macka, beli macor) (1998)",Comedy|Romance,3.9045803907301613
6643,4.060111188325226,1439,Tokyo Story (Tôkyô monogatari) (1953),Drama,3.904535224610526
213,4.0155466399197595,1994,Burnt by the Sun (Utomlyonnye solntsem) (1994),Drama,3.903412994614164
1446,3.9995680345572353,2315,Kolya (Kolja) (1996),Comedy|Drama,3.9030246911424418
112852,3.910184276112076,26482,Guardians of the Galaxy (2014),Action|Adventure|Sci-Fi,3.9017565815449573
2918,3.9081584181931537,33683,Ferris Bueller's Day Off (1986),Comedy,3.9015341022937147
3811,4.018646776771444,1877,Breaker Morant (1980),Drama|War,3.8999788351381097
134853,3.9099753293301682,21483,Inside Out (2015),Adventure|Animation|Children|Comedy|Drama|Fantasy,3.899611401010501
1265,3.9043902648778808,46512,Groundhog Day (1993),Comedy|Fantasy|Romance,3.8996034080956545
27156,4.028372900984366,1727,"Neon Genesis Evangelion: The End of Evangelion (Shin seiki Evangelion Gekijô-ban: Air/Magokoro wo, kimi ni) (1997)",Action|Animation|Drama|Fantasy|Sci-Fi,3.899471129925658
265,3.917927823050058,12026,Like Water for Chocolate (Como agua para chocolate) (1992),Drama|Fantasy|Romance,3.899417918322765
2810,3.976645435244161,2826,Perfect Blue (1997),Animation|Horror|Mystery|Thriller,3.8980015628541116
44191,3.903846700594206,35173,V for Vendetta (2006),Action|Sci-Fi|Thriller|IMAX,3.8975313296469163
5418,3.903358318440076,37489,"Bourne Identity, The (2002)",Action|Mystery|Thriller,3.897433747124777
1240,3.9020920413316076,47131,"Terminator, The (1984)",Action|Sci-Fi|Thriller,3.8973797961924803
2066,4.046096904441454,1486,Out of the Past (1947),Film-Noir,3.8967462133956463
1296,3.9291088816760107,6778,"Room with a View, A (1986)",Drama|Romance,3.89637891611096
7013,3.98464025869038,2474,"Night of the Hunter, The (1955)",Drama|Film-Noir|Thriller,3.895098977421171
475,3.91766944358737,9723,In the Name of the Father (1993),Drama,3.894891144678557
1961,3.901394063213556,33284,Rain Man (1988),Drama,3.8947411349933976
57669,3.908899948293692,15472,In Bruges (2008),Comedy|Crime|Drama|Thriller,3.894590322794503
1,3.8974375697494095,68997,Toy Story (1995),Adventure|Animation|Children|Comedy|Fantasy,3.8942300555790323
1090,3.905312940229422,19876,Platoon (1986),Drama|War,3.8941791017903244
2067,3.9283027738598966,6381,Doctor Zhivago (1965),Drama|Romance|War,3.893643193052702
3006,3.9156898106402163,9981,"Insider, The (1999)",Drama|Thriller,3.893534150443318
100714,3.9636101314523886,3119,Before Midnight (2013),Drama|Romance,3.89277146162894
81845,3.9033491170957877,20274,"King's Speech, The (2010)",Drama,3.892455013941505
85774,3.993150684931507,2190,Senna (2010),Documentary,3.892314160326421
6331,3.961598992760466,3177,Spellbound (2002),Documentary,3.892105725683793
3077,4.072244897959184,1225,42 Up (1998),Documentary,3.892031349223222
287699,4.082899305555555,1152,Oppenheimer (2023),Drama,3.8914019598972853
54286,3.8992537313432836,26934,"Bourne Ultimatum, The (2007)",Action|Crime|Thriller,3.8910662587737184
55908,3.9418253599628423,4306,"Man from Earth, The (2007)",Drama|Sci-Fi,3.890637556394236
2819,3.94389118290017,4117,Three Days of the Condor (3 Days of the Condor) (1975),Drama|Mystery|Romance|Thriller,3.8903696845140994
2068,3.981551362683438,2385,Fanny and Alexander (Fanny och Alexander) (1982),Drama|Fantasy|Mystery,3.88927636038578
66934,3.931756494765413,5158,Dr. Horrible's Sing-Along Blog (2008),Comedy|Drama|Musical|Sci-Fi,3.8890981903900768
599,3.9463912133891212,3824,"Wild Bunch, The (1969)",Adventure|Western,3.8888666565886973
76093,3.899736868235528,20142,How to Train Your Dragon (2010),Adventure|Animation|Children|Fantasy|IMAX,3.888816335013173
168252,3.906026557711951,12727,Logan (2017),Action|Sci-Fi,3.888744904447484
106920,3.901490356516657,17110,Her (2013),Drama|Romance|Sci-Fi,3.8886372411627526
117444,4.019345238095238,1680,Song of the Sea (2014),Animation|Children|Fantasy,3.888467523262018
1449,3.922586662521374,6433,Waiting for Guffman (1996),Comedy,3.888409734599456
104944,3.9889908256880733,2180,Short Term 12 (2013),Drama,3.888165426991686
1238,3.9525733093955715,3342,Local Hero (1983),Comedy,3.886898829157065
1682,3.891832804712279,44140,"Truman Show, The (1998)",Comedy|Drama|Sci-Fi,3.886860566619585
2936,4.011474469305795,1743,Sullivan's Travels (1941),Adventure|Comedy|Romance,3.88571966746328
2313,3.912803115969343,7959,"Elephant Man, The (1980)",Drama,3.8852769899267905
1537,3.9400904295403163,3981,Shall We Dance? (Shall We Dansu?) (1996),Comedy|Drama|Romance,3.885071752433889
7981,3.9569220651101613,3041,Infernal Affairs (Mou gaan dou) (2002),Crime|Drama|Thriller,3.8849098773884037
668,4.088454376163873,1074,Song of the Little Road (Pather Panchali) (1955),Drama,3.884620912858195
65514,3.9351786136740006,4227,Ip Man (2008),Action|Drama|War,3.8834569596327233
89492,3.9027888800071056,11259,Moneyball (2011),Drama,3.8833727270501224
204698,3.902019767941556,11635,Joker (2019),Crime|Drama|Thriller,3.8832340398034404
106100,3.9038626201122635,10511,Dallas Buyers Club (2013),Drama,3.883071869219984
182723,4.250841750841751,594,Cosmos: A Spacetime Odissey,(no genres listed),3.882981380496034
2966,3.932696732627704,4346,"Straight Story, The (1999)",Adventure|Drama,3.8824490207882887
122912,3.8967224308637762,14645,Avengers: Infinity War - Part I (2018),Action|Adventure|Sci-Fi,3.8818217529069026
64614,3.8931951089845827,18810,Gran Torino (2008),Crime|Drama,3.881596787097897
55721,3.981830726770929,2174,Elite Squad (Tropa de Elite) (2007),Action|Crime|Drama|Thriller,3.8814911905650695
26776,3.9348785871964678,4077,Porco Rosso (Crimson Pig) (Kurenai no buta) (1992),Adventure|Animation|Comedy|Fantasy|Romance,3.8813807544372514
26903,4.005730659025788,1745,Whisper of the Heart (Mimi wo sumaseba) (1995),Animation|Drama|Romance,3.880819000762379
88125,3.891531121767934,20227,Harry Potter and the Deathly Hallows: Part 2 (2011),Action|Adventure|Drama|Fantasy|Mystery|IMAX,3.8807556691339626
89759,3.9686995153473346,2476,"Separation, A (Jodaeiye Nader az Simin) (2011)",Drama,3.8806800270175446
55442,3.9313931743805517,4278,Persepolis (2007),Animation|Drama,3.880462348543177
8477,4.02154046997389,1532,"Jetée, La (1962)",Romance|Sci-Fi,3.8794794798248673
2677,3.954466458116093,2877,Buena Vista Social Club (1999),Documentary|Musical,3.878871686752649
3097,3.9841617933723197,2052,"Shop Around the Corner, The (1940)",Comedy|Drama|Romance,3.878249817732238
44199,3.8947573319491307,11559,Inside Man (2006),Crime|Drama|Thriller,3.876003777608221
3265,3.942557134033354,3238,Hard-Boiled (Lat sau san taam) (1992),Action|Crime|Drama|Thriller,3.875638821193641
515,3.894565411386757,11206,"Remains of the Day, The (1993)",Drama|Romance,3.875238108199994
914,3.89464656495441,11077,My Fair Lady (1964),Comedy|Drama|Musical|Romance,3.875097343753707
150,3.8782087951376476,55940,Apollo 13 (1995),Adventure|Drama|IMAX,3.8743411066175013
1253,3.9052486588371758,6897,"Day the Earth Stood Still, The (1951)",Drama|Sci-Fi|Thriller,3.873894821592817
7063,3.9673584089926504,2313,"Aguirre: The Wrath of God (Aguirre, der Zorn Gottes) (1972)",Adventure|Drama,3.8738690056677103
1927,3.9470648116728877,2947,All Quiet on the Western Front (1930),Action|Drama|War,3.8737022452580203
7090,3.895628078817734,9744,Hero (Ying xiong) (2002),Action|Adventure|Drama,3.8734466476818645
3090,4.0530936454849495,1196,Matewan (1987),Drama,3.8725621189148773
1243,3.920370784007148,4477,Rosencrantz and Guildenstern Are Dead (1990),Comedy|Drama,3.872165091436574
93721,3.963725074246924,2357,Jiro Dreams of Sushi (2011),Documentary,3.8721612516290365
7132,3.9798893916540976,1989,"Night at the Opera, A (1935)",Comedy|Musical|Romance,3.8714710244515427
96488,3.9885683179096354,1837,Searching for Sugar Man (2012),Documentary,3.871213867213245
73881,3.9715882626921286,2147,3 Idiots (2009),Comedy|Drama|Romance,3.87118202162866
85342,3.9796175138399597,1987,Elite Squad: The Enemy Within (Tropa de Elite 2 - O Inimigo Agora É Outro) (2010),Action|Crime|Drama,3.8711324324075798
2761,3.887771585493902,12381,"Iron Giant, The (1999)",Adventure|Animation|Children|Drama|Sci-Fi,3.8703762504548815
8874,3.878018874934978,26914,Shaun of the Dead (2004),Comedy|Horror,3.8700199538937343
72226,3.891067427174577,9818,Fantastic Mr. Fox (2009),Adventure|Animation|Children|Comedy|Crime,3.8691618080660484
167832,4.028294862248697,1343,The Invisible Guest (2016),Thriller,3.868311455254794
3470,4.034003091190108,1294,Dersu Uzala (1975),Adventure|Drama,3.868018021660579
52885,3.922614479406498,3909,Paprika (Papurika) (2006),Animation|Mystery|Sci-Fi,3.8676892194665835
3735,3.908095238095238,5250,Serpico (1973),Crime|Drama,3.8672216271654527
89774,3.914957646009808,4486,Warrior (2011),Drama,3.8671281348328597
497,3.8817926403069967,14593,Much Ado About Nothing (1993),Comedy|Romance,3.8670901303485476
4027,3.873990470719427,29593,"O Brother, Where Art Thou? (2000)",Adventure|Comedy|Crime,3.866743237046572
4406,3.9548453608247423,2425,"Man Who Shot Liberty Valance, The (1962)",Crime|Drama|Western,3.866436667646549
2917,3.918122270742358,4122,Body Heat (1981),Crime|Thriller,3.8661294025532746
1625,3.8745173745173744,23310,"Game, The (1997)",Drama|Mystery|Thriller,3.865331785678453
308,3.901628222523745,5896,Three Colors: White (Trzy kolory: Bialy) (1994),Comedy|Drama,3.8653135129326928
581,3.975748194014448,1938,"Celluloid Closet, The (1995)",Documentary,3.8652727630984987
188773,4.024145616641902,1346,Shoplifters (2018),Drama,3.865110668769269
5060,3.8806763285024153,13455,M*A*S*H (a.k.a. MASH) (1970),Comedy|Drama|War,3.8647731671728565
6985,4.020363636363636,1375,"Passion of Joan of Arc, The (Passion de Jeanne d'Arc, La) (1928)",Drama,3.8647484485621697
3160,3.878061322877161,15557,Magnolia (1999),Drama,3.8643142754047606
225173,3.9119482835488184,4486,Soul (2020),Adventure|Animation|Children|Comedy|Fantasy,3.8642769658535783
128360,3.882938596491228,11400,The Hateful Eight (2015),Western,3.864181597028055
2194,3.8749801891277933,18929,"Untouchables, The (1987)",Action|Crime|Drama,3.8636902374931616
26150,4.025378787878788,1320,Andrei Rublev (Andrey Rublyov) (1969),Drama|War,3.86351265575888
3508,3.915518937530743,4066,"Outlaw Josey Wales, The (1976)",Action|Adventure|Drama|Thriller|Western,3.8630014613595005
1610,3.8711049239101416,26219,"Hunt for Red October, The (1990)",Action|Adventure|Thriller,3.862960983138825
2176,3.910977545928782,4409,Rope (1948),Crime|Drama|Thriller,3.862570043500313
122916,3.8786316423302725,13286,Thor: Ragnarok (2017),Action|Adventure|Sci-Fi,3.8625675110728643
971,3.9255765199161425,3339,Cat on a Hot Tin Roof (1958),Drama,3.861719949168067
6993,3.9286616161616164,3168,Hannah and Her Sisters (1986),Comedy|Drama|Romance,3.861384590014372
105844,3.886350218443736,8469,12 Years a Slave (2013),Drama,3.8611896219984296
6,3.8682773821634453,29490,Heat (1995),Action|Crime|Thriller,3.861052863610292
7587,4.001660026560425,1506,"Samouraï, Le (Godson, The) (1967)",Crime|Drama|Thriller,3.860313981206968
670,4.1018202502844145,879,"World of Apu, The (Apur Sansar) (1959)",Drama,3.8597969727991024
51255,3.869765190026628,20655,Hot Fuzz (2007),Action|Comedy|Crime|Mystery,3.8594695250943656
915,3.895186070331171,5858,Sabrina (1954),Comedy|Romance,3.8589079574939995
122882,3.868707482993197,21315,Mad Max: Fury Road (2015),Action|Adventure|Sci-Fi|Thriller,3.858739142994547
139644,3.8846924715019417,7983,Sicario (2015),Crime|Drama|Mystery,3.8580965519041905
161582,3.9094901195413514,4099,Hell or High Water (2016),Crime|Drama,3.8577163701143324
4914,3.9334403997144896,2802,Breathless (À bout de souffle) (1960),Crime|Drama|Romance,3.857702646963226
1394,3.86858566288403,18065,Raising Arizona (1987),Comedy,3.8568499885671597
2300,3.8863572234762978,7088,"Producers, The (1968)",Comedy,3.856460494980183
3224,4.061105722599418,1031,Woman in the Dunes (Suna no onna) (1964),Drama,3.8557426405345003
2686,3.890073230268511,6145,"Red Violin, The (Violon rouge, Le) (1998)",Drama|Mystery,3.8556225473686023
86345,3.9525023169601483,2158,Louis C.K.: Hilarious (2010),Comedy,3.8545286491420945
3415,4.021327014218009,1266,"Mirror, The (Zerkalo) (1975)",Drama,3.8543567269259404
4327,3.8983696802879524,4723,"Magnificent Seven, The (1960)",Adventure|Western,3.853650517029729
2020,3.8793382261475307,8039,Dangerous Liaisons (1988),Drama|Romance,3.853082808144416
88810,3.8777764719708543,8509,"Help, The (2011)",Drama,3.8529744579887995
46578,3.8611565630362774,25057,Little Miss Sunshine (2006),Adventure|Comedy|Drama,3.852736516212429
122914,3.870544407755482,11811,Avengers: Infinity War - Part II (2019),Action|Adventure|Sci-Fi,3.8526824439356964
7700,4.015011547344111,1299,"Wages of Fear, The (Salaire de la peur, Le) (1953)",Action|Adventure|Drama|Thriller,3.8526164517217563
158966,3.9202315857188808,3109,Captain Fantastic (2016),Drama,3.8523973333393213
7234,3.9923435419440745,1502,"Strada, La (1954)",Drama,3.8519989751671178
2501,3.8756077315308906,8433,October Sky (1999),Drama,3.8506507798546523
1944,3.916535680603584,3181,From Here to Eternity (1953),Drama|Romance|War,3.8503935991195393
446,3.9044250064316954,3887,Farewell My Concubine (Ba wang bie ji) (1993),Drama|Romance,3.850302233037575
163645,3.890676809050127,5127,Hacksaw Ridge (2016),Drama|War,3.8496744741569056
6283,3.897973284200829,4342,Cowboy Bebop: The Movie (Cowboy Bebop: Tengoku no Tobira) (2001),Action|Animation|Sci-Fi|Thriller,3.849564356797165
59387,3.915079612862941,3203,"Fall, The (2006)",Adventure|Drama|Fantasy,3.849464064897624
3814,3.947565543071161,2136,Love and Death (1975),Comedy,3.8492033232504954
3671,3.8643881733021077,13664,Blazing Saddles (1974),Comedy|Western,3.8490153027492546
6874,3.853561537609394,45135,Kill Bill: Vol. 1 (2003),Action|Crime|Thriller,3.848908203253138
936,3.979700187382886,1601,Ninotchka (1939),Comedy|Romance,3.848567493172662
1111,3.955612244897959,1960,Microcosmos (Microcosmos: Le peuple de l'herbe) (1996),Documentary,3.8485060462764755
2336,3.870210329029571,9604,Elizabeth (1998),Drama,3.8483558145946986
26587,4.168960244648318,654,"Decalogue, The (Dekalog) (1989)",Crime|Drama|Romance,3.8481171842065645
1305,3.911231884057971,3312,"Paris, Texas (1984)",Drama|Romance,3.847893792473843
168492,3.9136363636363636,3190,Call Me by Your Name (2017),Drama|Romance,3.8478772298177053
1084,3.8675777568331764,10610,Bonnie and Clyde (1967),Crime|Drama,3.8478082499719224
534,3.8901792991035045,4908,Shadowlands (1993),Drama|Romance,3.847459715259188
6650,4.019325657894737,1216,Kind Hearts and Coronets (1949),Comedy|Drama,3.8469963858421106
7323,3.877335264301231,6905,"Good bye, Lenin! (2003)",Comedy|Drama,3.8469876578677513
2970,3.963149078726968,1791,Fitzcarraldo (1982),Adventure|Drama,3.8462498189225487
2932,3.9459008579599617,2098,Days of Heaven (1978),Drama,3.8461225470280396
4432,4.024358974358974,1170,Sweet Smell of Success (1957),Drama|Film-Noir,3.845559944760101
3365,3.917907862833391,2887,"Searchers, The (1956)",Drama|Western,3.8454558517874
7116,3.9642248722316866,1761,Diabolique (Les diaboliques) (1955),Horror|Mystery|Thriller,3.8454475374994317
115617,3.858769132653061,15680,Big Hero 6 (2014),Action|Animation|Comedy,3.845429691040819
2064,3.872334893395736,7692,Roger & Me (1989),Documentary,3.8451516837663373
1096,3.896585848589807,4042,Sophie's Choice (1982),Drama,3.844872871803143
1185,3.8798854447439353,5936,My Left Foot (1989),Drama,3.8446805939659665
67255,3.8719656992084435,7580,"Girl with the Dragon Tattoo, The (Män som hatar kvinnor) (2009)",Crime|Drama|Mystery|Thriller,3.8444053450191094
4967,3.938033228558599,2227,No Man's Land (2001),Drama|War,3.8442445194152057
6104,3.918546365914787,2793,Monty Python Live at the Hollywood Bowl (1982),Comedy,3.843803216943393
100556,4.029359430604982,1124,"Act of Killing, The (2012)",Documentary,3.8436630531139246
4857,3.9018456375838926,3576,Fiddler on the Roof (1971),Drama|Musical,3.843490027352377
8961,3.8482381882642356,41463,"Incredibles, The (2004)",Action|Adventure|Animation|Children|Comedy,3.84320697464321
2395,3.854501834603443,17715,Rushmore (1998),Comedy|Drama,3.84273264745518
66371,3.998505231689088,1338,Departures (Okuribito) (2008),Drama,3.842690154149667
2076,3.8593432496139153,12303,Blue Velvet (1986),Drama|Mystery|Thriller,3.8424035409475943
1249,3.8633968382650994,9868,"Femme Nikita, La (Nikita) (1990)",Action|Crime|Romance|Thriller,3.842280244503762
3424,3.8703293661776916,7226,Do the Right Thing (1989),Drama,3.8415182819328835
122904,3.8502829740355122,23147,Deadpool (2016),Action|Adventure|Comedy|Sci-Fi,3.8412912093836997
6807,3.858657553452506,11412,Monty Python's The Meaning of Life (1983),Comedy,3.840438131329495
8132,3.8970990695128624,3654,Gladiator (1992),Action|Drama,3.840212407599504
3275,3.855761764249107,12878,"Boondock Saints, The (2000)",Action|Crime|Drama|Thriller,3.839631977513359
104913,3.876957082335605,5429,Rush (2013),Action|Drama,3.838737034047818
5319,3.955467869222097,1774,Nine Queens (Nueve reinas) (2000),Crime|Thriller,3.8385313192051544
5225,3.8694002083643397,6719,And Your Mother Too (Y tu mamá también) (2001),Drama|Romance,3.8385259555418565
2919,3.9091219678852065,2927,"Year of Living Dangerously, The (1982)",Drama|Romance|War,3.838271043049248
4848,3.8506161707243765,16635,Mulholland Drive (2001),Crime|Drama|Film-Noir|Mystery|Thriller,3.83815143453942
104283,3.933164905833716,2177,"Wind Rises, The (Kaze tachinu) (2013)",Animation|Drama|Romance,3.837942621550809
1956,3.8817718291905674,4707,Ordinary People (1980),Drama,3.8377418845457147
4037,3.9317150635208713,2204,House of Games (1987),Crime|Film-Noir|Mystery|Thriller,3.8376880450161472
2730,3.8910852713178294,3870,Barry Lyndon (1975),Drama|Romance|War,3.837545219748017
8665,3.8454095061154976,25836,"Bourne Supremacy, The (2004)",Action|Crime|Thriller,3.837391172886233
117533,3.926496097137901,2306,Citizenfour (2014),Documentary,3.8367313811186765
165551,3.919232307077169,2501,Lion (2016),Drama,3.8364904198771255
1357,3.8612876153938376,8341,Shine (1996),Drama|Romance,3.8364783065716836
2732,3.928475935828877,2244,Jules and Jim (Jules et Jim) (1961),Drama|Romance,3.8362810404027865
152081,3.850460813526436,14431,Zootopia (2016),Action|Adventure|Animation|Children|Comedy,3.8361272900782777
714,3.8804394657475227,4642,Dead Man (1995),Drama|Mystery|Western,3.8358921682349076
4298,4.018061674008811,1135,Rififi (Du rififi chez les hommes) (1955),Crime|Film-Noir|Thriller,3.835873260799268
77455,3.8899603698811096,3785,Exit Through the Gift Shop (2010),Comedy|Documentary,3.835361562165673
79357,3.8800477637863655,4606,Mr. Nobody (2009),Drama|Fantasy|Romance|Sci-Fi,3.8351902213475264
55247,3.8492090902811356,14477,Into the Wild (2007),Action|Adventure|Drama,3.8349414980150693
88129,3.8492357088015634,14327,Drive (2011),Crime|Drama|Film-Noir|Thriller,3.8348208347765906
1734,3.9423879040667362,1918,My Life in Pink (Ma vie en rose) (1997),Comedy|Drama,3.8347247245466374
3467,3.9549970777323202,1711,Hud (1963),Drama|Western,3.8343614498801504
27815,3.940225756798358,1949,"Chorus, The (Choristes, Les) (2004)",Drama,3.8343259500523716
1066,3.9739336492890995,1477,Shall We Dance (1937),Comedy|Musical|Romance,3.834211139475119
49530,3.846738131699847,16325,Blood Diamond (2006),Action|Adventure|Crime|Drama|Thriller|War,3.8340984925467216
3062,3.900743614613644,3093,"Longest Day, The (1962)",Action|Drama|War,3.8340360290912674
8154,3.9286042240587693,2178,"Dolce Vita, La (1960)",Drama,3.8338889140962165
3507,3.893966022261277,3414,"Odd Couple, The (1968)",Comedy,3.83356493642199
3996,3.839471553249558,33343,"Crouching Tiger, Hidden Dragon (Wo hu cang long) (2000)",Action|Drama|Romance,3.833289126415002
2070,3.947587354409318,1803,Tender Mercies (1983),Drama|Romance|Western,3.833259420839274
33154,3.945078847199565,1839,Enron: The Smartest Guys in the Room (2005),Documentary,3.8330212201830105
4886,3.8374424363541575,46036,"Monsters, Inc. (2001)",Adventure|Animation|Children|Comedy|Fantasy,3.8329663671223253
223,3.8398552282663228,27906,Clerks (1994),Comedy,3.832475519558589
5902,3.8473649682921494,13719,Adaptation (2002),Comedy|Drama|Romance,3.8323559737412283
7396,4.087468982630273,806,Scenes From a Marriage (Scener ur ett äktenskap) (1973),Drama,3.8320836151484565
2467,3.864240506329114,6320,"Name of the Rose, The (Name der Rose, Der) (1986)",Crime|Drama|Mystery|Thriller,3.831686432373777
6867,3.878518689432395,4334,"Station Agent, The (2003)",Comedy|Drama,3.8310818489646525
57504,3.9055232558139537,2752,"Girl Who Leapt Through Time, The (Toki o kakeru shôjo) (2006)",Animation|Comedy|Drama|Romance|Sci-Fi,3.8308390834816577
115149,3.846380697050938,13055,John Wick (2014),Action|Thriller,3.830641015463143
2937,4.036217303822937,994,"Palm Beach Story, The (1942)",Comedy,3.829724841596353
214,4.0345,1000,Before the Rain (Pred dozhdot) (1994),Drama|War,3.829341825302352
1095,3.8578070784177654,7205,Glengarry Glen Ross (1992),Drama,3.8293329673888983
220528,4.28619153674833,449,Twelve Angry Men (1954),Drama,3.829295035993849
364,3.8331554019954193,51518,"Lion King, The (1994)",Adventure|Animation|Children|Drama|Musical|IMAX,3.8291739510308735
16,3.8383487308278768,22298,Casino (1995),Crime|Drama,3.8291501273177286
86377,3.9250234301780695,2134,Louis C.K.: Shameless (2007),Comedy,3.8289332349742367
1307,3.835721073020978,27362,When Harry Met Sally... (1989),Comedy|Romance,3.828233234179984
49272,3.8356025858644225,27689,Casino Royale (2006),Action|Adventure|Thriller,3.828203444268184
47099,3.8413995390739575,14319,"Pursuit of Happyness, The (2006)",Drama,3.8271106340392302
113741,3.8875406925125775,3379,Coherence (2013),Drama|Mystery|Sci-Fi|Thriller,3.8269977137242224
6380,3.9227166276346606,2135,Capturing the Friedmans (2003),Documentary,3.8269075907630805
8207,3.920210333790581,2187,"Day of the Jackal, The (1973)",Crime|Thriller,3.826702658409667
665,3.9629753168779187,1499,Underground (1995),Comedy|Drama|War,3.8265718894788643
84152,3.839270036372758,15946,Limitless (2011),Sci-Fi|Thriller,3.8264493763851655
1192,3.968121968121968,1443,Paris Is Burning (1990),Documentary,3.8264466018205017
5120,3.94364161849711,1730,Sleuth (1972),Comedy|Mystery|Thriller,3.8255925037243457
101962,3.9966442953020134,1192,Wolf Children (Okami kodomo no ame to yuki) (2012),Animation|Fantasy,3.8253626244847716
30803,3.9492092457420926,1644,3-Iron (Bin-jip) (2004),Drama|Romance,3.825064718484921
50872,3.832298577358357,28187,Ratatouille (2007),Animation|Children|Drama,3.8250579375233458
1968,3.8315581920523103,29669,"Breakfast Club, The (1985)",Comedy|Drama,3.8246823809699246
7215,3.9925864909390443,1214,To Have and Have Not (1944),Adventure|Drama|Romance|Thriller|War,3.8245710613303077
2248,3.844549527127924,10045,Say Anything... (1989),Comedy|Drama|Romance,3.8242517418684954
3067,3.888818498574596,3157,Women on the Verge of a Nervous Breakdown (Mujeres al borde de un ataque de nervios) (1988),Comedy|Drama,3.8242358864382706
86347,3.943595769682726,1702,Louis C.K.: Chewed Up (2008),Comedy,3.8238582221641844
529,3.841982820329277,11176,Searching for Bobby Fischer (1993),Drama,3.823750317781347
940,3.8700860665270995,4299,"Adventures of Robin Hood, The (1938)",Action|Adventure|Romance,3.8227456640691546
1963,3.9013948082138707,2581,Take the Money and Run (1969),Comedy|Crime,3.8225608698611637
3897,3.830877455877456,24024,Almost Famous (2000),Drama,3.8224095598638854
219994,3.9986990459670424,1153,The Father (2020),Drama,3.8222876136815085
73344,3.920202507232401,2074,"Prophet, A (Un Prophète) (2009)",Crime|Drama,3.8221468877782545
1834,3.8644622860764843,4733,"Spanish Prisoner, The (1997)",Crime|Drama|Mystery|Thriller,3.8215269286055737
7371,3.86340206185567,4850,Dogville (2003),Drama|Mystery|Thriller,3.8215036587538704
81834,3.831036291668654,20969,Harry Potter and the Deathly Hallows: Part 1 (2010),Action|Adventure|Fantasy|IMAX,3.8213473060774206
2268,3.8315150897226755,19616,"Few Good Men, A (1992)",Crime|Drama|Thriller,3.8211601873465315
1348,3.8631633714880333,4805,"Nosferatu (Nosferatu, eine Symphonie des Grauens) (1922)",Horror,3.8209036596727493
946,3.938150289017341,1730,To Be or Not to Be (1942),Comedy|Drama|War,3.8207918569003523
3503,3.8767975663716814,3616,Solaris (Solyaris) (1972),Drama|Mystery|Sci-Fi,3.8206590094491726
136449,4.030506721820062,967,Ghost in the Shell 2.0 (2008),Action|Animation|Sci-Fi,3.820597915634598
2594,3.8854200193112325,3107,Open Your Eyes (Abre los ojos) (1997),Drama|Romance|Sci-Fi|Thriller,3.820127240269408
2925,3.9838579499596447,1239,"Conformist, The (Conformista, Il) (1970)",Drama,3.820125684266488
183869,3.8637946040034814,4596,Hereditary (2018),(no genres listed),3.8196794579083377
2330,4.05771495877503,849,Hands on a Hard Body (1996),Comedy|Documentary,3.819077334566088
7438,3.8244819173748694,37301,Kill Bill: Vol. 2 (2004),Action|Drama|Thriller,3.8190505169286766
44665,3.83645303200207,11593,Lucky Number Slevin (2006),Crime|Drama|Mystery,3.8189787961070523
1674,3.835225429776192,12332,Witness (1985),Drama|Romance|Thriller,3.818801914459228
1960,3.8447092345551095,7721,"Last Emperor, The (1987)",Drama,3.8184876856196572
250010,3.9444444444444446,1602,Bo Burnham: Inside (2021),Comedy,3.8181236185748055
32460,4.0199600798403194,1002,Knockin' on Heaven's Door (1997),Action|Comedy|Crime|Drama,3.8180230279159866
40629,3.8426671547096145,8196,Pride & Prejudice (2005),Drama|Romance,3.8179806753922616
3360,3.857834420075084,5061,Hoosiers (a.k.a. Best Shot) (1986),Drama|Romance,3.8178619193619667
78499,3.8276430363555862,20327,Toy Story 3 (2010),Adventure|Animation|Children|Comedy|Fantasy|IMAX,3.8176927864939127
26729,3.973970473970474,1287,Hearts of Darkness: A Filmmakers Apocalypse (1991),Documentary,3.8169574878703743
1079,3.825762936753649,22610,"Fish Called Wanda, A (1988)",Comedy|Crime,3.8168269254259877
3007,3.9046997389033944,2298,American Movie (1999),Documentary,3.816783150347524
3310,3.9285318559556788,1805,"Kid, The (1921)",Comedy|Drama,3.8166244732558097
38061,3.838377854373115,9284,Kiss Kiss Bang Bang (2005),Comedy|Crime|Mystery|Thriller,3.8166208609783077
95858,3.9340116279069766,1720,For the Birds (2000),Animation|Children|Comedy,3.8165803268932437
6783,3.9964381121994657,1123,"Rules of the Game, The (La règle du jeu) (1939)",Comedy|Drama,3.8165792008310424
2303,3.8942232630757223,2562,Nashville (1975),Drama|Musical,3.81549148159668
1653,3.8228169745530085,26958,Gattaca (1997),Drama|Sci-Fi|Thriller,3.8153359995302703
7925,3.953178400546822,1463,"Hidden Fortress, The (Kakushi-toride no san-akunin) (1958)",Action|Adventure,3.815330922145048
6777,3.9716834755624517,1289,Judgment at Nuremberg (1961),Drama,3.8152448180116445
218537,3.8816137566137567,3024,Palm Springs (2020),Comedy,3.81495462911183
3498,3.8729353810489715,3451,Midnight Express (1978),Drama,3.8145530975486115
63082,3.822140221402214,25745,Slumdog Millionaire (2008),Crime|Drama|Romance,3.8143166283481937
3543,3.867736800212258,3769,Diner (1982),Comedy|Drama,3.814297271116779
2944,3.8399083736319675,7858,"Dirty Dozen, The (1967)",Action|Drama|War,3.814277344684171
77846,4.00621414913958,1046,12 Angry Men (1997),Crime|Drama,3.8137809912889864
4546,3.917525773195876,1940,"Vanishing, The (Spoorloos) (1988)",Drama|Thriller,3.8137717600713175
33660,3.84188393608074,7134,Cinderella Man (2005),Drama|Romance,3.81367281225807
27803,3.905355493998153,2166,"Sea Inside, The (Mar adentro) (2004)",Drama,3.8125657400389694
69524,3.9657012195121952,1312,Raiders of the Lost Ark: The Adaptation (1989),Action|Adventure|Thriller,3.812521625741628
3545,3.8665140086206895,3712,Cabaret (1972),Drama|Musical,3.812382288272894
6377,3.8164997398543186,46128,Finding Nemo (2003),Adventure|Animation|Children|Comedy,3.812144947282378
175569,3.872578692493947,3304,Wind River (2017),Action|Crime|Mystery|Thriller,3.811805850325117
8368,3.8174976930664717,31427,Harry Potter and the Prisoner of Azkaban (2004),Adventure|Fantasy|IMAX,3.811113970104089
1236,4.001423149905123,1054,Trust (1990),Comedy|Drama|Romance,3.811086810668591
53123,3.8643617021276597,3760,Once (2006),Drama|Musical|Romance,3.811011750260697
48738,3.8391304347826085,7130,"Last King of Scotland, The (2006)",Drama|Thriller,3.810996897318043
208939,3.922818791946309,1788,Klaus (2019),Adventure|Animation|Children|Comedy,3.810675539113411
194,3.8433168316831683,6060,Smoke (1995),Comedy|Drama,3.8102466365959375
30707,3.8210802903889913,18458,Million Dollar Baby (2004),Drama,3.810223233439004
59315,3.815139300208402,36468,Iron Man (2008),Action|Adventure|Sci-Fi,3.8096480096527787
160289,4.113981762917933,658,O.J.: Made in America (2016),Documentary,3.8096427451980457
5385,3.982698961937716,1156,"Last Waltz, The (1978)",Documentary,3.8094989007189892
65261,3.847689075630252,5236,Ponyo (Gake no ue no Ponyo) (2008),Adventure|Animation|Children|Fantasy,3.8094523155609235
1046,3.9508833922261486,1415,Beautiful Thing (1996),Drama|Romance,3.809402611707499
3201,3.8878116343490303,2527,Five Easy Pieces (1970),Drama,3.8086620575741583
4963,3.813365844190504,41217,Ocean's Eleven (2001),Crime|Thriller,3.808514104495986
949,3.8901888341543516,2436,East of Eden (1955),Drama,3.8081362455287375
1900,3.998565965583174,1046,"Children of Heaven, The (Bacheha-Ye Aseman) (1997)",Comedy|Drama,3.807602908039314
69844,3.8167879047211524,21033,Harry Potter and the Half-Blood Prince (2009),Adventure|Fantasy|Mystery|Romance|IMAX,3.807294696696258
1060,3.826076623253161,10519,Swingers (1996),Comedy|Drama,3.8070993420834247
556,3.9619565217391304,1288,"War Room, The (1993)",Documentary,3.806991349873191
210861,3.8631593874078276,3526,The Gentlemen (2020),Action|Crime,3.8065816327903006
120807,4.100294985250738,678,John Mulaney: New In Town (2012),Comedy,3.8061980856835773
3114,3.81204295811278,32683,Toy Story 2 (1999),Adventure|Animation|Children|Comedy|Fantasy,3.805943932953158
55814,3.8818043395508184,2627,"Diving Bell and the Butterfly, The (Scaphandre et le papillon, Le) (2007)",Drama,3.8059268422476817
274053,3.8696629213483145,3115,Top Gun: Maverick (2022),Action|Drama,3.8056913123517666
3910,3.844871794871795,5070,Dancer in the Dark (2000),Drama|Musical,3.805573521897405
1287,3.8250368912936548,10165,Ben-Hur (1959),Action|Adventure|Drama,3.8054393652349368
555,3.8156456067181423,17743,True Romance (1993),Crime|Thriller,3.804432272612682
8873,3.841030851653427,5413,"Motorcycle Diaries, The (Diarios de motocicleta) (2004)",Adventure|Drama,3.804282132432595
7139,3.8801383019592777,2603,In America (2002),Drama|Romance,3.8037676656334747
6870,3.816908081765263,14774,Mystic River (2003),Crime|Drama|Mystery,3.803457721586385
4873,3.8467209507042255,4544,Waking Life (2001),Animation|Drama|Fantasy,3.8030138341338455
1077,3.828878061627601,7594,Sleeper (1973),Comedy|Sci-Fi,3.8027343209297717
7566,4.02396878483835,897,28 Up (1985),Documentary,3.8026573048434487
95654,3.9454873646209387,1385,Geri's Game (1997),Animation|Children,3.802230862121371
1354,3.8477262287551675,4354,Breaking the Waves (1996),Drama|Mystery,3.802160595628866
4326,3.844503735325507,4685,Mississippi Burning (1988),Crime|Drama|Thriller,3.8021575235858265
44195,3.8170270678965674,13226,Thank You for Smoking (2006),Comedy|Drama,3.8020293290206313
1466,3.816206123973114,13390,Donnie Brasco (1997),Crime|Drama,3.801403705989494
3911,3.8162056875730426,12835,Best in Show (2000),Comedy,3.8007753808589264
6791,3.9388966480446927,1432,Babette's Feast (Babettes gæstebud) (1987),Drama,3.8006216941044126
1226,3.880758255197717,2453,"Quiet Man, The (1952)",Drama|Romance,3.800090679011106
314,3.847212251734865,4179,"Secret of Roan Inish, The (1994)",Children|Drama|Fantasy|Mystery,3.7998746596852024
166291,4.020716685330347,893,A Silent Voice (2016),Animation|Drama|Romance,3.7993388261845236
902,3.81588508660752,11835,Breakfast at Tiffany's (1961),Drama|Romance,3.799184452504581
2927,3.9499618029029793,1309,Brief Encounter (1946),Drama|Romance,3.799001865087687
2791,3.806905678537055,24936,Airplane! (1980),Comedy,3.7989813342764958
931,3.8738584474885847,2628,Spellbound (1945),Mystery|Romance|Thriller,3.7986947775800717
1301,3.844839691083548,4273,Forbidden Planet (1956),Drama|Sci-Fi,3.7986167331475946
1188,3.823399139458365,7902,Strictly Ballroom (1992),Comedy|Romance,3.798410605653377
70286,3.8061713963237667,24808,District 9 (2009),Mystery|Sci-Fi|Thriller,3.7982138654670012
1176,3.8882030178326477,2187,"Double Life of Veronique, The (Double Vie de Véronique, La) (1991)",Drama|Fantasy|Romance,3.7979658465536796
3551,3.8460034221461745,4091,Marathon Man (1976),Crime|Drama|Thriller,3.7977752956566064
122918,3.812619138391155,13115,Guardians of the Galaxy 2 (2017),Action|Adventure|Sci-Fi,3.7975789257342623
6440,3.832650881253338,5617,Barton Fink (1991),Drama|Thriller,3.797535758471864
6987,3.8834866403854575,2283,"Cabinet of Dr. Caligari, The (Cabinet des Dr. Caligari., Das) (1920)",Crime|Fantasy|Horror,3.79713456519614
96821,3.8172520661157026,9680,"Perks of Being a Wallflower, The (2012)",Drama|Romance,3.796892405565582
6001,3.866737739872068,2814,"King of Comedy, The (1983)",Comedy|Drama,3.796717165307424
165549,3.853707995365006,3452,Manchester by the Sea (2016),Drama,3.796634603912591
3634,3.9906219151036524,1013,Seven Days in May (1964),Thriller,3.7962318770267904
1035,3.8070301291248207,18122,"Sound of Music, The (1965)",Musical|Romance,3.7961648588593975
1931,3.893103448275862,2030,Mutiny on the Bounty (1935),Adventure|Drama,3.796114355882271
1279,3.8603133159268928,3064,Night on Earth (1991),Comedy|Drama,3.7960593454737865
183897,3.839352565514204,4541,Isle of Dogs (2018),Animation|Comedy,3.796000961527403
91658,3.811611278134395,12307,"Girl with the Dragon Tattoo, The (2011)",Drama|Thriller,3.7956231736171926
508,3.804207402234637,22912,Philadelphia (1993),Drama,3.7956195573410407
247,3.820049813200498,8030,Heavenly Creatures (1994),Crime|Drama,3.7955483223157795
5475,4.01511758118701,893,Z (1969),Drama|Mystery|Thriller,3.794960159050799
41,3.8362394957983192,4760,Richard III (1995),Drama|War,3.794938011463616
6385,3.8424957431281928,4111,Whale Rider (2002),Drama,3.7946890996628606
8950,3.8106967213114755,12200,The Machinist (2004),Drama|Mystery|Thriller,3.7945894822530595
1257,3.8284923928077457,5784,Better Off Dead... (1985),Comedy|Romance,3.794520878121651
156387,3.913730255164034,1646,Sing Street (2016),Drama,3.7943770149454363
83134,3.833366454689984,5032,Tucker & Dale vs Evil (2010),Comedy|Horror,3.794327672483877
2728,3.8267860102768108,6033,Spartacus (1960),Action|Drama|Romance|War,3.7942286578296542
3068,3.8658357771260996,2728,"Verdict, The (1982)",Drama|Mystery,3.793867783808696
3019,3.841858166543118,4047,Drugstore Cowboy (1989),Crime|Drama,3.793376243771994
6433,4.021536670547148,859,"Man with the Movie Camera, The (Chelovek s kino-apparatom) (1929)",Documentary,3.7931807975630543
1220,3.8010316568908857,24039,"Blues Brothers, The (1980)",Action|Comedy|Musical,3.7928748473775054
166461,3.816380768301522,8278,Moana (2016),Adventure|Animation|Children|Comedy|Fantasy,3.7926989885679565
81932,3.823599240265907,6318,"Fighter, The (2010)",Drama,3.7925756453760693
72356,3.935719503287071,1369,Partly Cloudy (2009),Animation|Children|Comedy|Fantasy,3.792548986723597
2575,3.9339350180505415,1385,"Dreamlife of Angels, The (Vie rêvée des anges, La) (1998)",Drama,3.7924383411592557
428,3.827620422154068,5543,"Bronx Tale, A (1993)",Drama,3.792272830266425
3481,3.8018280632411066,20240,High Fidelity (2000),Comedy|Drama|Romance,3.792149163967812
920,3.803762482168331,16824,Gone with the Wind (1939),Drama|Romance|War,3.792118796784384
162414,3.8392298435619736,4155,Moonlight,Drama,3.792085425559188
47610,3.804811086416525,15298,"Illusionist, The (2006)",Drama|Fantasy|Mystery|Romance,3.7920077318063474
99764,4.069405099150142,706,It's Such a Beautiful Day (2012),Animation|Comedy|Drama|Fantasy|Sci-Fi,3.7919834596503383
68358,3.8002496584860332,21229,Star Trek (2009),Action|Adventure|Sci-Fi|IMAX,3.791034738294717
27846,3.8915507470376096,1941,"Corporation, The (2003)",Documentary,3.7907963859628784
1748,3.80435990002777,14404,Dark City (1998),Adventure|Film-Noir|Sci-Fi|Thriller,3.7907830535675604
7445,3.810317060895823,9935,Man on Fire (2004),Action|Crime|Drama|Mystery|Thriller,3.790636691799812
119145,3.802364864864865,15392,Kingsman: The Secret Service (2015),Action|Adventure|Comedy|Crime,3.7896773846530643
7147,3.798001993475897,22072,Big Fish (2003),Drama|Fantasy|Romance,3.7891601595643594
6639,3.9246004169562196,1439,Wait Until Dark (1967),Drama|Thriller,3.789007053510343
55765,3.8089615344952046,9697,American Gangster (2007),Crime|Drama|Thriller,3.788844147399441
162578,3.847373188405797,3312,Kubo and the Two Strings (2016),Adventure|Animation|Children|Fantasy,3.788498695728638
171763,3.8092126579544225,9259,Baby Driver (2017),Action|Crime|Thriller,3.788161950127799
102666,4.052309782608695,736,Ivan Vasilievich: Back to the Future (Ivan Vasilievich menyaet professiyu) (1973),Adventure|Comedy,3.7876586512540436
2318,3.824580034755744,5179,Happiness (1998),Comedy|Drama,3.7870014196319213
4422,3.9744455159112824,1037,Cries and Whispers (Viskningar och rop) (1972),Drama,3.786814686694228
62511,3.857559198542805,2745,"Synecdoche, New York (2008)",Comedy|Drama,3.7866879340058475
6773,3.8308706524210048,4399,"Triplets of Belleville, The (Les triplettes de Belleville) (2003)",Animation|Comedy|Fantasy,3.7866488103487828
183837,3.8472875509564126,3189,The Favourite,Drama,3.7863128670467754
127052,4.117546848381601,587,Operation 'Y' & Other Shurik's Adventures (1965),Comedy|Crime|Romance,3.786296214403766
6711,3.793685532676131,26273,Lost in Translation (2003),Comedy|Drama|Romance,3.7862847309438656
2160,3.804162768942937,10690,Rosemary's Baby (1968),Drama|Horror|Thriller,3.7859807664043097
5498,4.072271386430678,678,Red Beard (Akahige) (1965),Drama,3.785699650037876
81591,3.7956812366181003,19149,Black Swan (2010),Drama|Thriller,3.7855368367514064
8607,3.9056311881188117,1616,Tokyo Godfathers (2003),Adventure|Animation|Drama,3.785438900541642
168248,3.8129884894131023,7037,John Wick: Chapter Two (2017),Action|Crime|Thriller,3.785388902622889
8128,3.966603951081844,1063,Au revoir les enfants (1987),Drama,3.7841794386920555
103984,3.933641975308642,1296,"Great Beauty, The (Grande Bellezza, La) (2013)",Comedy|Drama,3.7840410418927486
61236,3.8820253164556964,1975,Waltz with Bashir (Vals im Bashir) (2008),Animation|Documentary|Drama|War,3.783877425073118
26326,3.9479254868755294,1181,"Holy Mountain, The (Montaña sagrada, La) (1973)",Drama,3.783806563829714
3347,3.923716558206797,1383,Never Cry Wolf (1983),Adventure|Drama,3.7836050037502957
8914,3.81508754704631,6111,Primer (2004),Drama|Sci-Fi,3.78338731829433
8684,4.068685376661743,677,"Man Escaped, A (Un  condamné à mort s'est échappé ou Le vent souffle où il veut) (1956)",Adventure|Drama,3.782768123577177
177651,3.8837696335078533,1910,The Florida Project (2017),Drama,3.7824656100885203
1643,3.852356406480118,2716,"Mrs. Brown (a.k.a. Her Majesty, Mrs. Brown) (1997)",Drama|Romance,3.781228711126887
1527,3.785869297163995,40550,"Fifth Element, The (1997)",Action|Adventure|Comedy|Sci-Fi,3.7811059858383467
3038,4.02960102960103,777,"Face in the Crowd, A (1957)",Drama,3.7810361688469714
34542,3.8527756939234807,2666,Grizzly Man (2005),Documentary,3.780392125156989
6724,3.8937610359034727,1699,Paper Moon (1973),Comedy|Crime|Drama,3.7802068923559258
2871,3.8004848229342327,9488,Deliverance (1972),Adventure|Drama|Thriller,3.7801523077796944
100044,4.173824130879345,489,Human Planet (2011),Documentary,3.779597514053541
187717,3.9376026272577995,1218,Won't You Be My Neighbor? (2018),Documentary,3.7793748760107078
1797,3.8790072388831436,1934,Everest (1998),Documentary|IMAX,3.7793600282285524
55118,3.809649967886962,6228,Eastern Promises (2007),Crime|Drama|Thriller,3.778731338390296
1809,3.921364985163205,1348,Fireworks (Hana-bi) (1997),Crime|Drama,3.77854906733052
1387,3.785016230992653,29265,Jaws (1975),Action|Horror,3.7784388036016963
3521,3.885842193620593,1787,Mystery Train (1989),Comedy|Drama,3.7781644509161096
2183,3.8440953038674035,2896,"Man Who Knew Too Much, The (1956)",Adventure|Drama|Mystery|Thriller,3.7776924562371166
93040,4.130275229357798,545,"Civil War, The (1990)",Documentary|War,3.7775097690138653
54259,3.798693181818182,8800,Stardust (2007),Adventure|Comedy|Fantasy|Romance,3.7768640393440207
6539,3.7805303558967203,48722,Pirates of the Caribbean: The Curse of the Black Pearl (2003),Action|Adventure|Comedy|Fantasy,3.7765890560643176
162082,3.836144954701656,3201,Train to Busan (2016),Action|Thriller,3.7761862678976517
5608,3.846167883211679,2740,"Das Experiment (Experiment, The) (2001)",Drama|Thriller,3.7761266705544205
4034,3.785400242571255,19788,Traffic (2000),Crime|Drama|Thriller,3.7757070707354985
55290,3.807249039585769,5987,Gone Baby Gone (2007),Crime|Drama|Mystery,3.7752313227633714
4979,3.7843739254310558,20357,"Royal Tenenbaums, The (2001)",Comedy|Drama,3.7749608124673086
281096,3.9219830899308223,1301,Puss in Boots: The Last Wish (2022),Adventure|Animation|Children|Comedy|Fantasy,3.7747370834377105
126430,4.002979737783075,839,The Pacific (2010),Action|Adventure|Drama|War,3.774671390403629
51540,3.7899035779743406,12549,Zodiac (2007),Crime|Drama|Thriller,3.774639980435861
1150,3.8897235576923075,1664,"Return of Martin Guerre, The (Retour de Martin Guerre, Le) (1982)",Drama,3.774617076491248
44694,3.8359298928919183,3081,Volver (2006),Comedy|Drama,3.7738265430253484
5954,3.8040113708149086,6332,25th Hour (2002),Crime|Drama,3.7737946186114524
8542,3.957692307692308,1040,"Day at the Races, A (1937)",Comedy|Musical,3.7737334204516317
3451,3.8370935633709355,3014,Guess Who's Coming to Dinner (1967),Drama,3.773626223794817
1261,3.792300669506999,9858,Evil Dead II (Dead by Dawn) (1987),Action|Comedy|Fantasy|Horror,3.7729140493742004
2359,3.80064639341854,6807,Waking Ned Devine (a.k.a. Waking Ned) (1998),Comedy,3.772582520390044
6299,3.904564315352697,1446,"Winged Migration (Peuple migrateur, Le) (2001)",Documentary,3.772473305575614
64839,3.794337668316262,8689,"Wrestler, The (2008)",Drama,3.7723587202385467
2648,3.817245508982036,4175,Frankenstein (1931),Drama|Horror|Sci-Fi,3.771551121322839
80463,3.780314037965784,21335,"Social Network, The (2010)",Drama,3.771374265337595
3104,3.803839590443686,5860,Midnight Run (1988),Action|Comedy|Crime|Thriller,3.771295160441341
6902,3.92443729903537,1244,Interstate 60 (2002),Adventure|Comedy|Drama|Fantasy|Mystery|Sci-Fi|Thriller,3.7711601618461437
5064,3.7949388067312597,7844,The Count of Monte Cristo (2002),Action|Adventure|Drama|Thriller,3.7706464932990778
2612,3.9140919366993216,1327,Mildred Pierce (1945),Drama|Film-Noir,3.7705216102672168
3421,3.784760761961902,13334,Animal House (1978),Comedy,3.7704735369928444
2863,3.8109612502676087,4671,"Hard Day's Night, A (1964)",Adventure|Comedy|Musical,3.7701914684485676
3252,3.7870979207392925,11254,Scent of a Woman (1992),Drama,3.770176651593955
8253,3.8856447688564475,1644,Lupin III: The Castle Of Cagliostro (Rupan sansei: Kariosutoro no shiro) (1979),Action|Adventure|Animation|Comedy|Crime|Mystery,3.769858421269009
176,3.845614737685222,2497,Living in Oblivion (1995),Comedy,3.7694253270767715
117176,3.7921590349581487,8124,The Theory of Everything (2014),Drama|Romance,3.7687617200277215
3471,3.7790736794886173,17834,Close Encounters of the Third Kind (1977),Adventure|Drama|Sci-Fi,3.7684201652179747
176423,3.9835787089467725,883,Icarus (2017),Documentary,3.7684115254175348
58303,3.902542372881356,1416,"Counterfeiters, The (Die Fälscher) (2007)",Crime|Drama|War,3.768373479260081
174055,3.789194793226587,8681,Dunkirk (2017),Action|Drama|Thriller|War,3.767339500511776
2396,3.7738424075016357,27514,Shakespeare in Love (1998),Comedy|Drama|Romance,3.7669503187930697
7022,3.7917053749170537,7535,Battle Royale (Batoru rowaiaru) (2000),Action|Drama|Horror|Thriller,3.7665521147008705
7064,3.9143862392494135,1279,Beauty and the Beast (La belle et la bête) (1946),Drama|Fantasy,3.7662576121605524
82459,3.7839748993162874,10677,True Grit (2010),Western,3.766231157673062
139385,3.782152783626716,11873,The Revenant (2015),Adventure|Drama,3.7661971312764586
1784,3.7715999411245216,27176,As Good as It Gets (1997),Comedy|Drama|Romance,3.764643262349912
46976,3.7805731142014327,11865,Stranger than Fiction (2006),Comedy|Drama|Fantasy|Romance,3.764639381670652
2908,3.7863746677452905,8653,Boys Don't Cry (1999),Drama,3.7645294831013723
174727,3.8648433351035583,1883,Good Time (2017),Crime|Drama,3.764465971959336
7560,3.936986301369863,1095,Fail-Safe (1964),Drama|Thriller|War,3.764390955889655
3499,3.779663837576968,12018,Misery (1990),Drama|Horror|Thriller,3.763947289504285
3548,3.895600558659218,1432,Auntie Mame (1958),Comedy|Drama,3.7637366920221953
3246,3.801233585356148,5026,Malcolm X (1992),Drama,3.763666610858994
187593,3.782883341823739,9815,Deadpool 2 (2018),Action|Comedy|Sci-Fi,3.7636467975258205
4103,3.8102334823646298,4026,Empire of the Sun (1987),Action|Adventure|Drama|War,3.763354699670193
6502,3.772136512388967,21390,28 Days Later (2002),Action|Horror|Sci-Fi,3.7633135235903907
3967,3.7807842771982116,10736,Billy Elliot (2000),Drama,3.7632081316734887
3916,3.778779240378972,11927,Remember the Titans (2000),Drama,3.76296331323517
6666,3.888851802403204,1498,"Discreet Charm of the Bourgeoisie, The (Charme discret de la bourgeoisie, Le) (1972)",Comedy|Drama|Fantasy,3.7629314818364574
2131,3.992102065613609,823,Autumn Sonata (Höstsonaten) (1978),Drama,3.76291165744949
3105,3.7850676072898297,8505,Awakenings (1990),Drama|Mystery,3.762890255271377
1946,3.8902027027027026,1480,Marty (1955),Drama|Romance,3.7627769134247835
2333,3.803255713669685,4638,Gods and Monsters (1998),Drama,3.7626030828582757
3788,3.836610302791978,2543,Blow-Up (Blowup) (1966),Drama|Mystery,3.762478958995705
105504,3.787541638907395,7505,Captain Phillips (2013),Adventure|Drama|Thriller|IMAX,3.7624247160293667
93838,3.815864426089433,3511,The Raid: Redemption (2011),Action|Crime,3.7621918151068137
5446,3.8323980546202767,2673,Rabbit-Proof Fence (2002),Adventure|Drama,3.761923750169447
2206,3.8712609970674485,1705,Suspicion (1941),Film-Noir|Mystery|Thriller,3.7609217491274416
7419,3.842393686979395,2281,After Hours (1985),Comedy|Thriller,3.7600162083956317
143385,3.791875540190147,5785,Bridge of Spies (2015),Drama|Thriller,3.7594201106448746
4334,3.950152594099695,983,Yi Yi (2000),Drama,3.7592052971995353
3098,3.7946191739295188,5278,"Natural, The (1984)",Drama,3.759062947695835
3654,3.8074921956295524,3844,"Guns of Navarone, The (1961)",Action|Adventure|Drama|War,3.7586955473185535
549,3.887474191328286,1453,Thirty-Two Short Films About Glenn Gould (1993),Drama|Musical,3.7584258802632986
114935,3.789120104866459,6103,Predestination (2014),Action|Mystery|Sci-Fi|Thriller,3.7583974882507767
105250,4.232911392405064,395,"Century of the Self, The (2002)",Documentary,3.7582932219600993
7091,3.9373804971319313,1046,Horse Feathers (1932),Comedy,3.7581782420419403
54881,3.843678685531721,2191,"King of Kong, The (2007)",Documentary,3.7581314831018107
148667,4.0338733431516935,679,John Mulaney: The Comeback Kid (2015),Comedy,3.7579103412222308
79702,3.77054562686163,14772,Scott Pilgrim vs. the World (2010),Action|Comedy|Fantasy|Musical|Romance,3.7578617130544845
7387,3.7988593989910067,4559,Dawn of the Dead (1978),Action|Drama|Horror,3.757766385661122
54503,3.767339637107079,19565,Superbad (2007),Comedy,3.757764246595577
2716,3.762654506493846,38267,Ghostbusters (a.k.a. Ghost Busters) (1984),Action|Comedy|Sci-Fi,3.757758873753959
127202,3.8391304347826085,2300,Me and Earl and the Dying Girl (2015),Drama,3.757685670532429
1103,3.7853281273464483,6659,Rebel Without a Cause (1955),Drama,3.757214928649822
201646,3.799522944116311,4402,Midsommar (2019),Drama|Horror|Mystery,3.7570072471177856
2921,3.8161577608142494,3144,High Plains Drifter (1973),Western,3.7566580228182698
1635,3.7879966187658494,5915,"Ice Storm, The (1997)",Drama,3.756382323791773
226270,3.8444863336475024,2122,The Trial of the Chicago 7 (2020),Drama|Thriller,3.756364674014133
8125,3.971774193548387,868,Sunrise: A Song of Two Humans (1927),Drama|Romance,3.7563479323306543
1177,3.855389541088581,1874,Enchanted April (1992),Drama|Romance,3.755695042451415
112290,3.7894068565209507,5513,Boyhood (2014),Drama,3.7555259559555196
4117,3.8978658536585367,1312,Hope and Glory (1987),Drama,3.7555032389135166
4928,3.966628959276018,884,That Obscure Object of Desire (Cet obscur objet du désir) (1977),Drama,3.7553755897432324
501,3.834109183241642,2363,Naked (1993),Drama,3.755107395237225
40815,3.7621418488420892,26211,Harry Potter and the Goblet of Fire (2005),Adventure|Fantasy|Thriller|IMAX,3.7550204273493137
40819,3.7705610733577277,11478,Walk the Line (2005),Drama|Musical|Romance,3.7543140135602853
6235,3.9298493408662902,1062,Europa Europa (Hitlerjunge Salomon) (1990),Drama|War,3.754264250225119
2599,3.766350555918901,15290,Election (1999),Comedy,3.7541566652478684
628,3.7686567164179103,12797,Primal Fear (1996),Crime|Drama|Mystery|Thriller,3.7540886413064722
36529,3.768411229489074,12859,Lord of War (2005),Action|Crime|Drama|Thriller|War,3.7539167224055805
27834,3.9605555555555556,900,"Return, The (Vozvrashcheniye) (2003)",Drama,3.7535599317783164
26003,4.068527918781726,591,Night and Fog (Nuit et brouillard) (1955),Crime|Documentary|War,3.753381361614607
6660,3.960044395116537,901,"Red Shoes, The (1948)",Drama|Fantasy|Musical|Romance,3.753339425706677
1411,3.7831246951715167,6151,Hamlet (1996),Crime|Drama|Romance,3.752865670654246
32587,3.758897019453864,28015,Sin City (2005),Action|Crime|Film-Noir|Mystery|Thriller,3.752258711841611
562,3.780606799817045,6559,Welcome to the Dollhouse (1995),Comedy|Drama,3.752253265415195
5135,3.8136831617402858,3011,Monsoon Wedding (2001),Comedy|Romance,3.751944846657906
4329,3.8579577866514545,1753,Rio Bravo (1959),Western,3.7519181805385426
95311,3.9335288367546433,1023,Presto (2008),Animation|Children|Comedy|Fantasy,3.751839771695973
1907,3.764123628038516,14851,Mulan (1998),Adventure|Animation|Children|Comedy|Drama|Musical|Romance,3.7516119315770378
728,3.8035161744022505,3555,Cold Comfort Farm (1995),Comedy,3.7512723798259966
177615,3.787692916501781,5054,Lady Bird (2017),Comedy,3.750959853216185
3363,3.7729107312440644,8424,American Graffiti (1973),Comedy|Drama,3.7508751404513028
114554,3.936063936063936,1001,"Tale of Princess Kaguya, The (Kaguyahime no monogatari) (2013)",Animation|Drama|Fantasy,3.750672058260747
86882,3.769069279216235,10003,Midnight in Paris (2011),Comedy|Fantasy|Romance,3.7505208796047667
1277,3.7946854146806483,4196,Cyrano de Bergerac (1990),Comedy|Drama|Romance,3.75047020306871
5747,3.838987099856665,2093,Gallipoli (1981),Drama|War,3.7503586855203497
3742,3.827954735959765,2386,Battleship Potemkin (1925),Drama|War,3.75022391954917
209315,3.8200528700906347,2648,Little Women (2019),Drama|Romance,3.750031069633094
7836,3.9046822742474916,1196,Woodstock (1970),Documentary|Musical,3.7497162472282564
97304,3.765218849572363,11926,Argo (2012),Drama|Thriller,3.749678847926481
2670,3.8840262582056893,1371,Run Silent Run Deep (1958),War,3.748975248854934
8656,4.001364256480218,733,"Short Film About Killing, A (Krótki film o zabijaniu) (1988)",Crime|Drama,3.748818622690812
8958,3.7783647594278285,6152,Ray (2004),Drama,3.748295553065992
838,3.7704474380562907,8314,Emma (1996),Comedy|Drama|Romance,3.74820037669716
127098,3.8859910581222055,1342,Louis C.K.: Live at The Comedy Store (2015),Comedy,3.748170850223212
3736,3.9472551130247577,929,"Ace in the Hole (Big Carnival, The) (1951)",Drama,3.7481662328042344
189333,3.794352823588206,4002,Mission: Impossible - Fallout (2018),Action|Adventure|Thriller,3.7481392188995524
127152,3.9022556390977443,1197,Going Clear: Scientology and the Prison of Belief (2015),Documentary,3.7478145138807024
7706,3.9122885129118434,1123,Animal Crackers (1930),Comedy|Musical,3.747696629215036
1997,3.7577144423129623,18245,"Exorcist, The (1973)",Horror|Mystery,3.747585150001898
50068,3.7978606692265497,3646,Letters from Iwo Jima (2006),Drama|War,3.747198902570055
8491,3.958285714285714,875,White Heat (1949),Crime|Drama|Film-Noir,3.7471883669544512
5017,3.956818181818182,880,"Big Heat, The (1953)",Drama|Film-Noir,3.746979365417759
158238,3.7758210376011423,6303,The Nice Guys (2016),Crime|Mystery|Thriller,3.7465414621132966
1884,3.7602542757681245,13214,Fear and Loathing in Las Vegas (1998),Adventure|Comedy|Drama,3.746292775376784
54001,3.754947088691691,21073,Harry Potter and the Order of the Phoenix (2007),Adventure|Drama|Fantasy|IMAX,3.7461935852630446
36363,3.976758793969849,796,Kin-Dza-Dza! (1986),Comedy|Drama|Sci-Fi,3.745300991118871
60766,3.8193158953722333,2485,Man on Wire (2008),Documentary,3.745186365858337
202429,3.7712864250177685,7035,Once Upon a Time in Hollywood (2019),Comedy|Drama,3.7451042718351584
170697,3.8756218905472637,1407,Gifted (2017),Drama,3.744770218986719
4855,3.7681103871215025,7827,Dirty Harry (1971),Action|Crime|Thriller,3.7445937920999652
319,3.7687186923279725,7586,Shallow Grave (1994),Comedy|Drama|Thriller,3.7444594067084593
31878,3.773401736385162,6335,Kung Fu Hustle (Gong fu) (2004),Action|Comedy,3.7443559297103706
1344,3.7846474851746104,4553,Cape Fear (1962),Crime|Drama|Thriller,3.7442397812574413
205441,3.795422634091547,3561,Marriage Story (2019),Comedy|Drama,3.7437898647261365
535,3.775352354761086,5818,Short Cuts (1993),Drama,3.7437513401605607
122926,3.7631258307487814,9028,Untitled Spider-Man Reboot (2017),Action|Adventure|Fantasy,3.742787461934494
47491,3.9158790170132325,1058,Adam's Apples (Adams æbler) (2005),Comedy|Drama,3.7424171747035797
1099,3.825400457665904,2185,"Christmas Carol, A (1938)",Children|Drama|Fantasy,3.741511568108841
2729,3.7882698696652186,3913,Lolita (1962),Drama|Romance,3.7414317993272563
2940,3.8844652615144417,1281,Gilda (1946),Drama|Film-Noir|Mystery|Romance,3.741398134270284
2624,3.945,900,After Life (Wandafuru raifu) (1998),Drama|Fantasy,3.7413743629733727
927,3.9284984678243107,979,"Women, The (1939)",Comedy,3.7413185158564284
166528,3.7558539119315912,12513,Rogue One: A Star Wars Story (2016),Action|Adventure|Fantasy|Sci-Fi,3.7412113404446137
154,3.794795978710822,3382,Beauty of the Day (Belle de jour) (1967),Drama,3.740660719276242
1914,3.8056948424068766,2792,Smoke Signals (1998),Comedy|Drama,3.7401640980039157
1285,3.7544444444444443,12600,Heathers (1989),Comedy,3.7399283211496783
74727,4.008064516129032,682,Gentlemen of Fortune (Dzhentlmeny udachi) (1972),Comedy|Crime|Drama|Mystery,3.739891508883992
64034,3.7835188770571153,4132,"Boy in the Striped Pajamas, The (Boy in the Striped Pyjamas, The) (2008)",Drama|War,3.7392921558629757
1649,3.8623139377537212,1478,"Fast, Cheap & Out of Control (1997)",Documentary,3.738760209404197
25750,3.9337606837606836,936,Sherlock Jr. (1924),Comedy|Fantasy|Romance,3.7386825939911454
8645,3.809090909090909,2585,"Maria Full of Grace (Maria, Llena eres de gracia) (2004)",Crime|Drama,3.738475248110416
27727,3.9188118811881187,1010,Head-On (Gegen die Wand) (2004),Drama|Romance,3.7381563314164015
73323,3.822535863026377,2161,"Girl Who Kicked the Hornet's Nest, The (Luftslottet som sprängdes) (2009)",Action|Crime|Mystery,3.7381073926802393
337,3.747385955920041,19510,What's Eating Gilbert Grape (1993),Drama,3.7380352654054683
8620,3.94815668202765,868,"Exterminating Angel, The (Ángel exterminador, El) (1962)",Comedy|Drama|Fantasy|Mystery,3.737993558617699
6852,3.9039162112932604,1098,In Cold Blood (1967),Crime|Drama,3.737816471616384
161,3.7449347051840127,25270,Crimson Tide (1995),Drama|Thriller|War,3.7377185147330065
1419,3.8516896120150186,1598,Walkabout (1971),Adventure|Drama,3.737595433223298
39292,3.7745398773006134,4890,"Good Night, and Good Luck. (2005)",Crime|Drama,3.737271596182083
2202,3.8421658986175116,1736,Lifeboat (1944),Drama|War,3.737198350355236
4306,3.740491211436073,54844,Shrek (2001),Adventure|Animation|Children|Comedy|Fantasy|Romance,3.737168764135126
85414,3.7502945508100147,13580,Source Code (2011),Action|Drama|Mystery|Sci-Fi|Thriller,3.7368818203631604
6620,3.777295008912656,4488,American Splendor (2003),Comedy|Drama,3.7367191635078023
6713,3.8890284757118927,1194,Millennium Actress (Sennen joyû) (2001),Animation|Drama|Romance,3.736547928214088
170777,4.161214953271028,428,There Once Was a Dog (1982),Animation|Children|Comedy,3.7360983980205464
122922,3.750564334085779,12404,Doctor Strange (2016),Action|Adventure|Sci-Fi,3.7358996756174556
73,3.796613011401744,2982,"Misérables, Les (1995)",Drama|War,3.7356355831564296
8337,3.8860811930405967,1207,"Caine Mutiny, The (1954)",Drama|War,3.735466038615364
201340,3.7923582837456937,3193,The Lighthouse (2019),Drama|Fantasy|Horror,3.73542665551588
551,3.7421494574594534,26081,"Nightmare Before Christmas, The (1993)",Animation|Children|Fantasy|Musical,3.7351818656971774
3039,3.7498760944985956,12106,Trading Places (1983),Comedy,3.7348715898647584
3060,3.7686581053415225,5373,"Commitments, The (1991)",Comedy|Drama|Musical,3.734852097266068
2795,3.758144707575559,7643,National Lampoon's Vacation (1983),Comedy,3.73439412633461
1202,3.8216177178623014,2077,Withnail & I (1987),Comedy,3.7342383617610855
1954,3.7429648970118943,20682,Rocky (1976),Drama,3.734190359975926
2924,3.8073170731707315,2460,Drunken Master (Jui kuen) (1978),Action|Comedy,3.7336058937650365
263007,3.779148829010325,3971,Spider-Man: No Way Home (2021),Action|Adventure|Fantasy|Sci-Fi,3.733492501154082
7938,4.00834597875569,659,Winter Light (Nattvardsgästerna) (1963),Drama,3.733302131975006
160980,3.7856102534226626,3433,Sully (2016),Drama,3.7328458148293295
37240,3.9403669724770642,872,Why We Fight (2005),Documentary,3.7326835628692194
932,3.808613445378151,2380,"Affair to Remember, An (1957)",Drama|Romance,3.732536424215492
2745,3.7991120976692563,2703,"Mission, The (1986)",Drama,3.7321606442020756
3789,3.986638537271449,711,"Pawnbroker, The (1964)",Drama,3.732123143681746
189203,3.7932724814063556,2958,Upgrade (2018),Action|Comedy|Horror|Sci-Fi|Thriller,3.7320979779912404
168326,3.7962633451957295,2810,The Big Sick (2017),Comedy|Romance,3.73188564700386
3925,3.8505595786701776,1519,Stranger Than Paradise (1984),Comedy|Drama,3.731526107596645
2947,3.7436555262792957,14422,Goldfinger (1964),Action|Adventure|Thriller,3.7311252210580204
96811,3.788173414089895,3137,End of Watch (2012),Crime|Drama|Thriller,3.7306078164210725
6796,3.7687592475163814,4731,Boyz N the Hood (1991),Crime|Drama,3.730589972814737
4642,3.7905,3000,Hedwig and the Angry Inch (2000),Comedy|Drama|Musical,3.7303287283757913
1216,3.8183823529411764,2040,"Big Blue, The (Grand bleu, Le) (1988)",Adventure|Drama|Romance,3.729942332832412
27741,3.9312849162011174,895,"Twilight Samurai, The (Tasogare Seibei) (2002)",Drama|Romance,3.729753479867216
7820,3.9441141498216408,841,"Virgin Spring, The (Jungfrukällan) (1960)",Crime|Drama,3.729667864593181
4776,3.741791553133515,14680,Training Day (2001),Crime|Drama|Thriller,3.7295088724299923
73017,3.7379127358490565,20352,Sherlock Holmes (2009),Action|Crime|Mystery|Thriller,3.729058682175056
66097,3.7475442043222005,9671,Coraline (2009),Animation|Fantasy|Thriller,3.7289151105979004
262,3.768804082538274,4507,"Little Princess, A (1995)",Children|Drama,3.728834711751742
88163,3.7497657531037714,8538,"Crazy, Stupid, Love. (2011)",Comedy|Drama|Romance,3.728671659586442
4187,3.9256017505470457,914,Lilies of the Field (1963),Drama,3.728579418367967
1271,3.746861284066551,9797,Fried Green Tomatoes (1991),Comedy|Crime|Drama,3.7284827646721657
907,3.917894736842105,950,"Gay Divorcee, The (1934)",Comedy|Musical|Romance,3.7283885275002984
3364,3.872093023255814,1247,"Asphalt Jungle, The (1950)",Crime|Film-Noir,3.7278327465874117
71535,3.736487844082781,19908,Zombieland (2009),Action|Comedy|Horror,3.7274563551746605
7939,3.9726775956284155,732,Through a Glass Darkly (Såsom i en spegel) (1961),Drama,3.7271536401469145
6273,3.9559948979591835,784,In a Lonely Place (1950),Drama|Film-Noir|Mystery|Romance,3.7268515883629663
89745,3.733574007220217,26315,"Avengers, The (2012)",Action|Adventure|Sci-Fi|IMAX,3.7267481433682597
96079,3.738138215575039,15512,Skyfall (2012),Action|Adventure|Thriller|IMAX,3.7265616180307033
52952,3.8123504068932506,2089,This Is England (2006),Drama,3.726406178887082
2511,3.851182197496523,1438,"Long Goodbye, The (1973)",Crime|Film-Noir,3.7263412209497346
2130,3.8089809213587715,2149,Atlantic City (1980),Crime|Drama|Romance,3.7255369304892234
5772,3.8772226926333615,1181,My Dinner with André (1981),Drama,3.72541087182328
8033,3.899805447470817,1028,How to Steal a Million (1966),Comedy|Crime|Romance,3.725401367076598
900,3.779111644657863,3332,"American in Paris, An (1951)",Musical|Romance,3.725310677656485
7071,3.9861717612809318,687,"Woman Under the Influence, A (1974)",Drama,3.7252537724330677
8340,3.778537455410226,3364,Escape from Alcatraz (1979),Drama|Thriller,3.7252525687453595
184257,3.9224422442244222,909,Making a Murderer (2015),Crime|Documentary,3.7252482991796425
590,3.7289559769942913,46771,Dances with Wolves (1990),Adventure|Drama|Western,3.725124149681733
67997,3.822125813449024,1844,In the Loop (2009),Comedy,3.724958194667738
1097,3.729124060613527,40585,E.T. the Extra-Terrestrial (1982),Children|Drama|Sci-Fi,3.724710718437869
4970,3.8811188811188813,1144,"Blue Angel, The (Blaue Engel, Der) (1930)",Drama,3.7245782221409347
1947,3.742739223479058,9813,West Side Story (1961),Drama|Musical|Romance,3.724491895727458
373,3.773360655737705,3660,Red Rock West (1992),Thriller,3.72444038108422
44761,3.7769434628975267,3396,Brick (2005),Crime|Drama|Film-Noir|Mystery,3.7242352343329332
115210,3.7493222999001286,7009,Fury (2014),Action|Drama|War,3.7237995846760237
2664,3.757252479880217,5343,Invasion of the Body Snatchers (1956),Horror|Sci-Fi|Thriller,3.723772779488208
4641,3.7453816237238695,8228,Ghost World (2001),Comedy|Drama,3.7236448472460575
1333,3.736569274269557,13793,"Birds, The (1963)",Horror|Thriller,3.723603287704663
1934,3.8954720616570326,1038,You Can't Take It with You (1938),Comedy|Romance,3.723261330033498
3200,3.8545655375552283,1358,"Last Detail, The (1973)",Comedy|Drama,3.7229852546020963
6611,3.998456790123457,648,Umberto D. (1952),Drama,3.7227840401606738
272,3.7450535601764336,7935,"Madness of King George, The (1994)",Comedy|Drama,3.7225485411136634
4424,3.8766177739430545,1159,"Garden of the Finzi-Continis, The (Giardino dei Finzi-Contini, Il) (1970)",Drama,3.722540667391227
197879,3.9502551020408165,784,Apollo 11 (2019),Documentary,3.7224949226644477
71462,3.888992537313433,1072,"Cove, The (2009)",Documentary,3.7224354649255114
7023,3.911795961742827,941,"Wedding Banquet, The (Xi yan) (1993)",Comedy|Drama|Romance,3.722132116665357
1500,3.7328780238718324,15667,Grosse Pointe Blank (1997),Comedy|Crime|Romance,3.7214964284533143
42632,3.811396873424105,1983,Lady Vengeance (Sympathy for Lady Vengeance) (Chinjeolhan geumjassi) (2005),Crime|Drama|Mystery|Thriller,3.721477219239262
200818,3.765402843601896,4009,John Wick: Chapter 3 – Parabellum (2019),Action|Crime|Thriller,3.7209575155875214
171749,4.075848303393213,501,Death Note: Desu nôto (2006–2007),(no genres listed),3.7204494007469107
236991,3.914754098360656,915,CODA (2021),Drama,3.7202208141765687
148881,4.016666666666667,600,World of Tomorrow (2015),Animation|Comedy,3.7200671523384474
1069,3.922945205479452,876,"Murder, My Sweet (1944)",Crime|Film-Noir|Thriller,3.71985510322705
2291,3.7258879709993376,28689,Edward Scissorhands (1990),Drama|Fantasy|Romance,3.7196881945690636
38304,3.9168514412416853,902,No Direction Home: Bob Dylan (2005),Documentary,3.7196672218438684
43396,3.81295907660021,1906,"World's Fastest Indian, The (2005)",Drama,3.719645925852758
116,3.9033092037228543,967,Anne Frank Remembered (1995),Documentary,3.7194382807962074
1215,3.731796369705821,14379,Army of Darkness (1993),Action|Adventure|Comedy|Fantasy|Horror,3.7194310191907323
2696,3.830721003134796,1595,"Dinner Game, The (Dîner de cons, Le) (1998)",Comedy,3.719271655523677
7089,3.879279279279279,1110,Amarcord (1973),Comedy|Drama,3.7191588826404507
27728,3.8027306967984935,2124,Ghost in the Shell 2: Innocence (a.k.a. Innocence) (Inosensu) (2004),Action|Animation|Drama|Sci-Fi|Thriller,3.719063174014964
46855,4.013245033112582,604,Army of Shadows (L'armée des ombres) (1969),Action|Drama|Thriller|War,3.7190350634542244
4881,3.752339125453504,5237,"Man Who Wasn't There, The (2001)",Crime|Drama,3.718435444616218
1028,3.728345567476002,17710,Mary Poppins (1964),Children|Comedy|Fantasy|Musical,3.718321556755709
3075,3.8215116279069767,1720,Repulsion (1965),Drama|Horror,3.7183021004724
27592,3.811678064176749,1901,Sympathy for Mr. Vengeance (Boksuneun naui geot) (2002),Crime|Drama,3.718296202437373
278446,3.8286516853932584,1602,The Banshees of Inisherin (2022),Comedy|Drama,3.7179021047166825
1464,3.748447740600207,5798,Lost Highway (1997),Crime|Drama|Fantasy|Film-Noir|Mystery|Romance,3.7178496428947243
7034,3.8020437262357416,2104,Show Me Love (Fucking Åmål) (1998),Drama|Romance,3.717737687798082
84392,3.760991695163654,4094,"Lincoln Lawyer, The (2011)",Crime|Drama|Thriller,3.7176690703493307
363,3.992248062015504,645,"Wonderful, Horrible Life of Leni Riefenstahl, The (Macht der Bilder: Leni Riefenstahl, Die) (1993)",Documentary,3.717378907730292
2931,4.0177966101694915,590,Time of the Gypsies (Dom za vesanje) (1989),Comedy|Crime|Drama|Fantasy,3.717326267278708
140267,3.760960591133005,4060,The Witch (2015),Horror,3.7172979195665037
101,3.7507196315486473,5211,Bottle Rocket (1996),Adventure|Comedy|Crime|Romance,3.7167283293870055
5304,3.9538152610441766,747,"Rome, Open City (a.k.a. Open City) (Roma, città aperta) (1945)",Drama|War,3.7167034899288165
7767,4.011666666666667,600,"Best of Youth, The (La meglio gioventù) (2003)",Drama,3.7165331671811854
73808,3.900520833333333,960,"Chaser, The (Chugyeogja) (2008)",Crime|Drama|Thriller,3.7161593230375614
5903,3.728709653593323,13539,Equilibrium (2002),Action|Sci-Fi|Thriller,3.7156466906214947
90439,3.78101644245142,2676,Margin Call (2011),Drama|Thriller,3.714986839078296
4239,3.7308002870985106,11146,Blow (2001),Crime|Drama,3.714948354581445
8827,3.856741573033708,1246,"Bill Cosby, Himself (1983)",Comedy|Documentary,3.7149408024751542
334,3.821884498480243,1645,Vanya on 42nd Street (1994),Drama,3.714538785374153
1921,3.729706315515897,11543,Pi (1998),Drama|Sci-Fi|Thriller,3.714411164071957
27721,3.785917207792208,2464,"Very Long Engagement, A (Un long dimanche de fiançailles) (2004)",Drama|Mystery|Romance|War,3.7142780808802787
2565,3.756601056168987,4166,"King and I, The (1956)",Drama|Musical|Romance,3.714232486719996
3135,3.8318879252835223,1499,"Great Santini, The (1979)",Drama,3.7141512704503166
80489,3.7395666715137414,6877,"Town, The (2010)",Crime|Drama|Thriller,3.7139119277031827
59369,3.7247567098493772,16133,Taken (2008),Action|Crime|Drama|Thriller,3.713822267601445
3384,3.8016940707523665,2007,"Taking of Pelham One Two Three, The (1974)",Action|Crime,3.7138015894410694
52319,3.834364261168385,1455,Inglorious Bastards (Quel maledetto treno blindato) (1978),Action|Adventure|Drama|War,3.7132255447033913
3093,3.817030053034767,1697,McCabe & Mrs. Miller (1971),Drama|Western,3.713173855604146
1673,3.7237268796540954,16652,Boogie Nights (1997),Drama,3.713143383229302
112183,3.728523251686191,11268,Birdman: Or (The Unexpected Virtue of Ignorance) (2014),Comedy|Drama,3.712888451373209
55052,3.7527434842249656,4374,Atonement (2007),Drama|Romance|War,3.712488915100934
32892,3.9456953642384107,755,Ivan's Childhood (a.k.a. My Name is Ivan) (Ivanovo detstvo) (1962),Drama|War,3.7124863090149502
8973,3.8,2010,Bad Education (La mala educación) (2004),Drama|Thriller,3.712410910452038
6461,3.858686616791355,1203,"Unforgiven, The (1960)",Drama|Western,3.712352782987884
474,3.720231383891367,20399,In the Line of Fire (1993),Action|Thriller,3.7116106241128692
3182,3.888608870967742,992,"Mr. Death: The Rise and Fall of Fred A. Leuchter, Jr. (1999)",Documentary,3.711390930469908
31437,3.9584507042253523,710,Nobody Knows (Dare mo shiranai) (2004),Drama,3.710986552946197
50740,4.016521739130435,575,Seven Up! (1964),Documentary,3.710966143488419
183423,4.041509433962264,530,AlphaGo (2017),Documentary,3.710315837232133
185927,3.952413793103448,725,Wild Wild Country (2018),Documentary,3.7103039384126792
1073,3.7156561780506525,32575,Willy Wonka & the Chocolate Factory (1971),Children|Comedy|Fantasy|Musical,3.7102679756403143
2739,3.738713868139006,6158,"Color Purple, The (1985)",Drama,3.710213208512714
6291,3.832983193277311,1428,Lilya 4-Ever (Lilja 4-ever) (2002),Crime|Drama,3.710098995539453
83132,3.7806204673650283,2482,"Secret World of Arrietty, The (Kari-gurashi no Arietti) (2010)",Animation|Children|Fantasy,3.7099362867992633
7482,3.757546913244493,3677,Enter the Dragon (1973),Action|Crime,3.7098410569856872
7121,3.8581710414902624,1181,Adam's Rib (1949),Comedy|Romance,3.709675505713762
55069,3.8529411764705883,1224,"4 Months, 3 Weeks and 2 Days (4 luni, 3 saptamâni si 2 zile) (2007)",Drama,3.7096646110530984
2618,3.836343930635838,1384,"Castle, The (1997)",Comedy,3.7096362334620054
136469,4.087284482758621,464,Larry David: Curb Your Enthusiasm (1999),Comedy,3.7094473356994087
27831,3.7427674153026267,5254,Layer Cake (2004),Crime|Drama|Thriller,3.7094014075524013
1942,3.8847695390781563,998,All the King's Men (1949),Drama,3.709170747951005
7075,3.903888888888889,900,"Court Jester, The (1956)",Adventure|Comedy|Musical,3.70916964541745
1757,3.892670157068063,955,Fallen Angels (Duo luo tian shi) (1995),Drama|Romance,3.709166048359588
8784,3.721248196248196,13860,Garden State (2004),Comedy|Drama|Romance,3.7086140666969154
6857,3.784110535405872,2316,Ninja Scroll (Jûbei ninpûchô) (1995),Action|Adventure|Animation|Fantasy,3.708513004647397
81847,3.7234162895927603,11492,Tangled (2010),Animation|Children|Comedy|Fantasy|Musical|Romance|IMAX,3.7081880439847126
8195,3.9104046242774566,865,"Avventura, L' (Adventure, The) (1960)",Drama|Mystery|Romance,3.708111146081433
3260,3.764440141981284,3099,Howards End (1992),Drama,3.707985604593957
69757,3.718751955936659,15977,(500) Days of Summer (2009),Comedy|Drama|Romance,3.707804498093795
3783,3.784145805884936,2277,Croupier (1998),Crime|Drama,3.7073775706164565
52435,3.7838074398249453,2285,How the Grinch Stole Christmas! (1966),Animation|Comedy|Fantasy|Musical,3.707314813378629
8530,3.8817365269461077,1002,Dear Frankie (2004),Drama|Romance,3.707302746518593
6270,3.889177939646202,961,Akira Kurosawa's Dreams (Dreams) (1990),Drama|Fantasy,3.7073022610299264
64620,3.7572745606453473,3471,Frost/Nixon (2008),Drama,3.7069450806796174
7072,3.8425349922239502,1286,Stagecoach (1939),Action|Drama|Romance|Western,3.7067333413382686
2398,3.7395226461191506,5321,Miracle on 34th Street (1947),Comedy|Drama,3.7067029938814176
33779,3.9856230031948883,626,Eddie Izzard: Dress to Kill (1999),Comedy,3.706669340061845
189713,3.7501249375312344,4002,BlacKkKlansman (2018),Comedy|Crime|Drama,3.7065009775859483
26133,3.8123104912067918,1649,"Charlie Brown Christmas, A (1965)",Animation|Children|Comedy,3.7064466018336626
69481,3.7215400806875985,11402,"Hurt Locker, The (2008)",Action|Drama|Thriller|War,3.7062342828124955
71838,3.748481904299247,4117,Law Abiding Citizen (2009),Drama|Thriller,3.7061006907212963
82667,3.801257517769273,1829,I Saw the Devil (Akmareul boatda) (2010),Crime|Thriller,3.7058881590163666
1408,3.7184519442406456,13630,"Last of the Mohicans, The (1992)",Action|Romance|War|Western,3.705658590062621
164909,3.7294979947448486,7231,La La Land (2016),Comedy|Drama|Romance,3.705392452522107
76091,3.8710751665080876,1051,Mother (Madeo) (2009),Crime|Drama|Mystery|Thriller,3.7052581011001684
943,3.799024918743229,1846,"Ghost and Mrs. Muir, The (1947)",Drama|Fantasy|Romance,3.704694737514969
3836,3.7763374485596706,2430,Kelly's Heroes (1970),Action|Comedy|War,3.704679161454368
152077,3.7307576894223557,6665,10 Cloverfield Lane (2016),Thriller,3.7046334204457843
33166,3.716908869639917,13969,Crash (2004),Crime|Drama,3.7044475629748495
129514,3.9661654135338344,665,George Carlin: It's Bad for Ya! (2008),Comedy,3.7044151500384164
4783,3.9552669552669553,693,"Endurance: Shackleton's Legendary Antarctic Expedition, The (2000)",Documentary,3.704177731840013
588,3.707317314935966,50442,Aladdin (1992),Adventure|Animation|Children|Comedy|Musical,3.7038692350228564
54997,3.7239958207569073,8614,3:10 to Yuma (2007),Action|Crime|Drama|Western,3.7038063168511557
209965,3.7517935982339954,3624,Uncut Gems (2019),Comedy|Crime|Drama|Thriller,3.703804643967081
64622,3.7597024579560157,3092,"Reader, The (2008)",Drama|Romance,3.7034825961926754
62,3.711861526510002,20596,Mr. Holland's Opus (1995),Drama,3.7034221802752767
431,3.7200467562828754,10266,Carlito's Way (1993),Crime|Drama,3.7031227121151993
62644,3.8193699731903483,1492,"Wave, The (Welle, Die) (2008)",Drama,3.7029496269861037
179817,3.784771334276285,2121,Darkest Hour (2017),Drama|War,3.702884090307654
57183,3.97562893081761,636,Like Stars on Earth (Taare Zameen Par) (2007),Drama,3.702638722590246
3061,3.7955032119914347,1868,Holiday Inn (1942),Comedy|Musical,3.702567436166143
921,3.7722155207076797,2487,My Favorite Year (1982),Comedy,3.702425163792576
112175,3.725052246603971,7656,How to Train Your Dragon 2 (2014),Action|Adventure|Animation,3.70238270004935
98056,3.8422114608555287,1239,Amour (2012),Drama|Romance,3.702174209032938
30810,3.7186605609616485,10482,"Life Aquatic with Steve Zissou, The (2004)",Adventure|Comedy|Fantasy,3.702109329657355
3178,3.7376543209876543,4860,"Hurricane, The (1999)",Drama,3.7019642204036307
1938,3.8304896142433233,1348,"Lost Weekend, The (1945)",Drama,3.7018379395203884
6286,3.821477900552486,1448,"Man Without a Past, The (Mies vailla menneisyyttä) (2002)",Comedy|Crime|Drama,3.7017296279215675
7043,3.9320905459387485,751,Vivre sa vie: Film en douze tableaux (My Life to Live) (1962),Drama,3.701335139134022
208108,3.8839662447257384,948,Dark Waters (2019),Drama,3.701198935266195
91542,3.714817454660648,12627,Sherlock Holmes: A Game of Shadows (2011),Action|Adventure|Comedy|Crime|Mystery|Thriller,3.70109778777562
1023,3.7508660508083143,3464,Winnie the Pooh and the Blustery Day (1968),Animation|Children|Musical,3.7008712881090546
6808,3.8106734434561624,1574,Where Eagles Dare (1968),Action|Adventure|War,3.7006774949915564
1955,3.730073391363714,5859,Kramer vs. Kramer (1979),Drama,3.7005296428592653
1282,3.712731383354529,14154,Fantasia (1940),Animation|Children|Fantasy|Musical,3.700502329782204
3675,3.7784296028880866,2216,White Christmas (1954),Comedy|Musical|Romance,3.7003387584162066
4720,3.710248522137773,16578,"Others, The (2001)",Drama|Horror|Mystery|Thriller,3.699817851512763
4223,3.715098701760626,11246,Enemy at the Gates (2001),Drama|War,3.6997246609905354
114028,3.9165621079046424,797,Pride (2014),Comedy|Drama,3.6996510236352504
2352,3.7240425531914894,7050,"Big Chill, The (1983)",Comedy|Drama,3.6995252717012304
553,3.709919190673,16211,Tombstone (1993),Action|Drama|Western,3.69926093145281
3546,3.7898474487112046,1901,What Ever Happened to Baby Jane? (1962),Drama|Horror|Thriller,3.698992979031633
212361,3.8387358184764993,1234,Sound of Metal (2019),Drama,3.6988097684402916
7084,3.839300244100895,1229,"Play It Again, Sam (1972)",Comedy|Romance,3.6988057416740703
2611,3.836661341853035,1252,"Winslow Boy, The (1999)",Drama,3.6987574159638275
2231,3.7206874602164226,7855,Rounders (1998),Drama,3.6987086471476833
138702,3.911910669975186,806,Feast (2014),Animation|Children|Comedy|Drama|Romance,3.697947678092813
56367,3.7047397692371544,24094,Juno (2007),Comedy|Drama|Romance,3.697585949316643
1374,3.706875,18400,Star Trek II: The Wrath of Khan (1982),Action|Adventure|Sci-Fi|Thriller,3.6975084324340903
104272,3.8395214521452146,1212,Blackfish (2013),Documentary,3.6973543744404878
2971,3.766184157619622,2487,All That Jazz (1979),Drama|Fantasy|Musical,3.696942507262732
55269,3.720936715918595,7174,"Darjeeling Limited, The (2007)",Adventure|Comedy|Drama,3.6969331400962036
4007,3.7232017475425185,6409,Wall Street (1987),Drama,3.6963554582706424
480,3.6986229447184082,75233,Jurassic Park (1993),Action|Adventure|Sci-Fi|Thriller,3.696336009104436
1729,3.707740391009443,15038,Jackie Brown (1997),Crime|Drama|Thriller,3.696299773375904
8516,4.000886524822695,564,"Matter of Life and Death, A (Stairway to Heaven) (1946)",Drama|Fantasy|Romance,3.695983522721255
6954,3.8209606986899565,1374,"Barbarian Invasions, The (Les invasions barbares) (2003)",Comedy|Crime|Drama|Mystery|Romance,3.6958315396020143
26578,3.980132450331126,604,"Sacrifice, The (Offret - Sacraficatio) (1986)",Drama,3.6955856555517745
3733,3.801479654747226,1622,"Paper Chase, The (1973)",Drama,3.6955288928430745
8042,3.7698481561822126,2305,Mean Streets (1973),Crime|Drama,3.6953150106190953
71108,3.8313492063492065,1260,"White Ribbon, The (Das weiße Band) (2009)",Drama|Mystery,3.695052691112803
180045,3.7721149528513696,2227,Molly's Game (2017),Drama,3.6950058587261636
217655,3.7845911949685536,1908,Hamilton (2020),Drama,3.694638140674166
3044,3.7374937468734366,3998,Dead Again (1991),Mystery|Romance|Thriller,3.6945689810497324
866,3.720406626506024,6640,Bound (1996),Crime|Drama|Romance|Thriller,3.6945615418455935
1584,3.7011314488724127,25896,Contact (1997),Drama|Sci-Fi,3.694505047088347
56715,3.7915014164305947,1765,Wristcutters: A Love Story (2006),Drama|Fantasy|Romance,3.6943070686827095
2139,3.726342470897484,5326,"Secret of NIMH, The (1982)",Adventure|Animation|Children|Drama,3.6941407030834825
86892,3.8538175046554937,1074,The Man from Nowhere (2010),Action|Crime|Thriller,3.6941303240003847
1966,3.787704918032787,1830,Metropolitan (1990),Comedy,3.694004043301798
26171,3.9375,704,Play Time (a.k.a. Playtime) (1967),Comedy,3.6939500531221627
7073,3.8219640179910046,1334,"Shot in the Dark, A (1964)",Comedy|Crime|Mystery,3.6935150708320856
1957,3.7178097818337372,7013,Chariots of Fire (1981),Drama,3.6933812095484804
41997,3.7162632071686503,7477,Munich (2005),Action|Crime|Drama|Thriller,3.693351584361706
3296,3.7855220667384284,1858,To Sir with Love (1967),Drama,3.693324318012297
52604,3.737172909184197,3898,Fracture (2007),Crime|Drama|Mystery|Thriller,3.6932322953580043
2115,3.6989315218133405,29294,Indiana Jones and the Temple of Doom (1984),Action|Adventure|Fantasy,3.693085817764001
5445,3.6975237996150443,38446,Minority Report (2002),Action|Crime|Mystery|Sci-Fi|Thriller,3.6930697586922334
162606,3.7319221967963387,4370,The Accountant (2016),Crime|Drama|Thriller,3.6927547696681264
74553,3.8389031705227077,1167,"Secret of Kells, The (2009)",Animation|Fantasy,3.692326439452015
6509,3.9729064039408866,609,Ali: Fear Eats the Soul (Angst essen Seele auf) (1974),Drama|Romance,3.6921144721064323
1298,3.7158633143492152,7199,Pink Floyd: The Wall (1982),Drama|Musical,3.6921098572241986
90600,3.795042321644498,1654,Headhunters (Hodejegerne) (2011),Action|Crime|Thriller,3.6917152796364014
3317,3.7154414841679455,7169,Wonder Boys (2000),Comedy|Drama,3.6916061156958317
73290,3.7870786516853934,1780,Hachiko: A Dog's Story (a.k.a. Hachi: A Dog's Tale) (2009),Drama,3.69114545104249
3328,3.7240647898187427,5186,Ghost Dog: The Way of the Samurai (1999),Crime|Drama,3.691137832456919
5791,3.735294117647059,3859,Frida (2002),Drama|Romance,3.6910501729886582
7254,3.6991938192811555,20839,The Butterfly Effect (2004),Drama|Sci-Fi|Thriller,3.6910012379430905
89864,3.7163146936347413,6724,50/50 (2011),Comedy|Drama,3.6909270182592766
3505,3.748067226890756,2975,No Way Out (1987),Drama|Mystery|Thriller,3.6907053586091716
33171,3.795398773006135,1630,Mysterious Skin (2004),Drama|Mystery,3.690704670615844
3606,3.8512241054613936,1062,On the Town (1949),Comedy|Musical|Romance,3.690567553299343
166946,3.7544289483603466,2653,The Founder (2016),Drama,3.6901564511596225
193065,3.778936392075078,1918,Roma (2018),Drama,3.6900479974249425
1964,3.757859132510943,2513,Klute (1971),Drama|Mystery,3.690019553792718
178061,3.7558948589099344,2587,"I, Tonya (2017)",Drama,3.6899978862513167
8197,3.897921760391198,818,Hiroshima Mon Amour (1959),Drama|Romance|War,3.689628836460876
2000,3.697318526543879,22152,Lethal Weapon (1987),Action|Comedy|Crime|Drama,3.689626979524042
157318,3.956181533646322,639,Perfect Strangers (2016),Comedy|Drama,3.689565272688488
4047,3.784913067863152,1783,Gettysburg (1993),Drama|War,3.6893867836114516
2391,3.712947309101155,7098,"Simple Plan, A (1998)",Crime|Drama|Thriller,3.68896609530824
180095,3.793357933579336,1626,Wonder (2017),Drama,3.688711400938775
127108,3.7879229871645275,1714,Brooklyn (2015),Drama|Romance,3.6886570918641337
6942,3.6977889667250436,18272,Love Actually (2003),Comedy|Drama|Romance,3.688479771804831
118896,3.9032869785082176,791,Mommy (2014),Drama,3.6883017651890646
199,3.7806205770277628,1837,"Umbrellas of Cherbourg, The (Parapluies de Cherbourg, Les) (1964)",Drama|Musical|Romance,3.6880794887674906
3645,3.9544740973312402,637,Cleo from 5 to 7 (Cléo de 5 à 7) (1962),Drama,3.68773564242026
50658,4.018518518518518,513,49 Up (2005),Documentary,3.687445866413057
6920,3.930515759312321,698,"Cercle Rouge, Le (Red Circle, The) (1970)",Crime|Thriller,3.687258428155147
5603,3.9022842639593907,788,"Lavender Hill Mob, The (1951)",Comedy|Crime,3.6869177409780196
110501,3.7901649358582774,1637,The Raid 2: Berandal (2014),Action|Crime|Thriller,3.686550191219104
2690,3.7432206226983595,2987,"Ideal Husband, An (1999)",Comedy|Romance,3.686444267628823
3989,3.9588709677419356,620,One Day in September (1999),Documentary,3.685654281988847
8983,3.7154457193292143,5665,House of Flying Daggers (Shi mian mai fu) (2004),Action|Drama|Romance,3.685548454593434
41285,3.714019008825526,5892,Match Point (2005),Crime|Drama|Romance,3.6852847311664587
8798,3.6973523713855205,13937,Collateral (2004),Action|Crime|Drama|Thriller,3.6852060853114788
36535,3.7699448068238834,1993,Everything Is Illuminated (2005),Comedy|Drama,3.6850283266961545
6753,3.7398440038999023,3077,Secondhand Lions (2003),Children|Comedy|Drama,3.6848567321988357
125,3.731448275862069,3625,Flirting With Disaster (1996),Comedy,3.6847789064302408
55444,3.803221288515406,1428,Control (2007),Drama,3.6847546100662583
1161,3.7889026658400495,1613,"Tin Drum, The (Blechtrommel, Die) (1979)",Drama|War,3.6841210621516236
97921,3.6964864466705953,13576,Silver Linings Playbook (2012),Comedy|Drama,3.6840385829640803
1179,3.708693739920833,6821,"Grifters, The (1990)",Crime|Drama|Film-Noir,3.6839226871129873
4896,3.6884852835606603,34825,Harry Potter and the Sorcerer's Stone (a.k.a. Harry Potter and the Philosopher's Stone) (2001),Adventure|Children|Fantasy,3.6836355525225337
102993,3.76599902296043,2047,"Way, Way Back, The (2013)",Comedy|Drama,3.6835075593972335
278578,3.8154388714733543,1276,All Quiet on the Western Front (2022),Action|Drama|War,3.6831693918421595
225984,3.8058181818181818,1375,Another Round (2020),Drama,3.6830870162079616
441,3.7004758456604945,9667,Dazed and Confused (1993),Comedy,3.6830207046884404
3350,3.868798235942668,907,"Raisin in the Sun, A (1961)",Drama,3.682814262150799
89118,3.760229885057471,2175,"Skin I Live In, The (La piel que habito) (2011)",Drama,3.6826869943562475
60684,3.692554066760696,17016,Watchmen (2009),Action|Drama|Mystery|Sci-Fi|Thriller|IMAX,3.6826431085972184
74510,3.76189354686764,2123,"Girl Who Played with Fire, The (Flickan som lekte med elden) (2009)",Action|Crime|Drama|Mystery|Thriller,3.6824760764029296
5617,3.7105835144624644,5981,Secretary (2002),Comedy|Drama|Romance,3.6823969896178284
3972,3.731818181818182,3410,"Legend of Drunken Master, The (Jui kuen II) (1994)",Action|Comedy,3.682381318325209
280,3.7149496514329976,5164,Murder in the First (1995),Drama|Thriller,3.6823080059894155
6552,3.7464600076540373,2613,Dirty Pretty Things (2002),Crime|Drama|Thriller,3.68198225151826
46322,3.7760358342665175,1786,Jet Li's Fearless (Huo Yuan Jia) (2006),Action|Drama,3.6817362060150907
805,3.694589741587946,12809,"Time to Kill, A (1996)",Drama|Thriller,3.681446864014896
1365,3.8248081841432224,1173,Ridicule (1996),Drama,3.6813172555173423
7263,3.7417542587894164,2759,Miracle (2004),Drama,3.680795573529741
3341,3.847029702970297,1010,Born Yesterday (1950),Comedy,3.6805663719279598
122920,3.6957352005092297,10997,Captain America: Civil War (2016),Action|Sci-Fi|Thriller,3.680449319807228
5339,3.808868501529052,1308,Husbands and Wives (1992),Comedy|Drama,3.6803680426617698
2948,3.6994414044687645,8772,From Russia with Love (1963),Action|Adventure|Thriller,3.680283010078829
190555,3.7640897755610974,2005,Searching (2018),Drama,3.680271975518039
87232,3.6911028790537466,15387,X-Men: First Class (2011),Action|Adventure|Sci-Fi|Thriller|War,3.6801824650720527
111362,3.692837046612425,13151,X-Men: Days of Future Past (2014),Action|Adventure|Sci-Fi,3.680062165062434
88235,3.7845149253731343,1608,"Guard, The (2011)",Comedy|Crime,3.680039315859825
187531,4.031380753138075,478,John Mulaney: Kid Gorgeous at Radio City (2018),Comedy,3.6799628636952932
63876,3.7132754091735705,4949,Milk (2008),Drama,3.679363782608382
3475,3.8639380530973453,904,"Place in the Sun, A (1951)",Drama|Romance,3.6785193907711937
4022,3.6836956521739133,32200,Cast Away (2000),Drama,3.6784903342060935
72720,3.7598925256472886,2047,"Single Man, A (2009)",Drama,3.678063071396885
98961,3.7082129963898915,5540,Zero Dark Thirty (2012),Action|Drama|Thriller,3.67798113728344
106766,3.7385171790235083,2765,Inside Llewyn Davis (2013),Drama,3.6779471799396495
79553,3.7692517749863463,1831,Ip Man 2 (2010),Action,3.6778042240589013
2071,3.7939541348158445,1439,And the Band Played On (1993),Drama,3.677626047526577
4105,3.6993997129061724,7663,"Evil Dead, The (1981)",Fantasy|Horror|Thriller,3.6775572246388486
4978,3.787164374590701,1527,Lantana (2001),Drama|Mystery|Thriller,3.6775522302044643
5899,3.8125,1240,Zulu (1964),Action|Drama|War,3.6775236789711254
3071,3.7378973988439306,2768,Stand and Deliver (1988),Comedy|Drama,3.6774387635056214
6975,3.7658898305084745,1888,Funny Games (1997),Drama|Horror|Thriller,3.6772731553278617
1340,3.7394707417070445,2683,"Bride of Frankenstein, The (Bride of Frankenstein) (1935)",Drama|Horror|Sci-Fi,3.677125756546986
102445,3.6930343511450383,10480,Star Trek Into Darkness (2013),Action|Adventure|Sci-Fi|IMAX,3.67707453752203
3535,3.6855257578969685,18868,American Psycho (2000),Crime|Horror|Mystery|Thriller,3.676666457721707
348,3.696894031668697,8210,Bullets Over Broadway (1994),Comedy,3.6765377301564164
7206,3.8935064935064934,770,Mon Oncle (My Uncle) (1958),Comedy,3.676479542271183
197883,3.8186860068259385,1172,The Farewell (2019),Comedy,3.676166518136469
5669,3.6863751623477024,16169,Bowling for Columbine (2002),Documentary,3.676046571462861
97913,3.691556012717412,10694,Wreck-It Ralph (2012),Animation|Comedy,3.6759419354668426
5010,3.6856524029737168,17083,Black Hawk Down (2001),Action|Drama|War,3.6758788710770376
1962,3.6933207902163687,9567,Driving Miss Daisy (1989),Drama,3.675869253519301
4741,3.8262635379061374,1108,Together (Tillsammans) (2000),Comedy|Drama|Romance,3.675631959333856
8370,3.7520680147058822,2176,"Blind Swordsman: Zatoichi, The (Zatôichi) (2003)",Action|Comedy|Crime|Drama,3.675394863961445
55276,3.70802991537099,5081,Michael Clayton (2007),Drama|Thriller,3.675203100549749
595,3.679188234724977,41342,Beauty and the Beast (1991),Animation|Children|Fantasy|Musical|Romance|IMAX,3.6751540602780923
157373,4.180303030303031,330,It's Such a Beautiful Day (2011),Animation|Comedy|Drama,3.6750129653137136
4969,3.853920515574651,931,And Then There Were None (1945),Crime|Mystery,3.6748580435800564
509,3.6839086859688197,17960,"Piano, The (1993)",Drama|Romance,3.6746297143495825
59018,3.8076923076923075,1248,"Visitor, The (2007)",Drama|Romance,3.6742367597168206
149334,3.725252834814588,3263,Nocturnal Animals,Drama|Thriller,3.6742119666334774
181315,3.765693832599119,1816,Phantom Thread (2017),Drama|Romance,3.674010850704687
6530,3.8320647002854424,1051,"Tenant, The (Locataire, Le) (1976)",Drama|Horror|Mystery|Thriller,3.6737172133395712
188623,3.820671378091873,1132,Burning (2018),Drama|Mystery,3.673665729321536
6370,3.78960223307746,1433,"Spanish Apartment, The (L'auberge espagnole) (2002)",Comedy|Drama|Romance,3.673503184267857
203322,3.820637732506643,1129,The Peanut Butter Falcon (2019),Adventure,3.6733180968285857
128620,3.8505869797225185,937,Victoria (2015),Crime|Drama|Romance,3.673130116890217
2243,3.6999352960207053,6182,Broadcast News (1987),Comedy|Drama|Romance,3.6730418768166366
110102,3.6850325379609545,13830,Captain America: The Winter Soldier (2014),Action|Adventure|Sci-Fi|IMAX,3.6730117413732684
52767,3.9797047970479706,542,21 Up (1977),Documentary,3.67298647821483
6271,3.9116379310344827,696,Day for Night (La Nuit Américaine) (1973),Comedy|Drama|Romance,3.672838401545252
25850,3.9478476821192054,604,Holiday (1938),Comedy|Drama|Romance,3.672722482846886
49772,3.791279485346676,1399,"Painted Veil, The (2006)",Drama|Romance,3.672531710431524
3034,3.6965730254449185,6799,Robin Hood (1973),Adventure|Animation|Children|Comedy|Musical,3.6721526987641866
2401,3.7244704394562125,3163,Pale Rider (1985),Western,3.6719906813271517
1641,3.6815984155647463,17167,"Full Monty, The (1997)",Comedy|Drama,3.6719299608759877
4325,4.005020080321285,498,"Night, The (Notte, La) (1960)",Drama,3.6717967674656693
5932,4.031453362255966,461,Burden of Dreams (1982),Documentary,3.6715945987041962
9010,3.8181011535048803,1127,Love Me If You Dare (Jeux d'enfants) (2003),Drama|Romance,3.6710262414565804
185029,3.697097081218274,6304,A Quiet Place (2018),Drama|Horror|Thriller,3.670812160359552
111622,3.754416961130742,1981,Begin Again (2013),Comedy|Romance,3.670776718965025
3361,3.692806524936489,7479,Bull Durham (1988),Comedy|Drama|Romance,3.6706563239198373
4920,3.9480737018425462,597,"Now, Voyager (1942)",Drama|Romance,3.670605279134778
6776,3.845100105374078,949,Lagaan: Once Upon a Time in India (2001),Comedy|Drama|Musical|Romance,3.6705609864096407
7748,3.8639018691588785,856,Pierrot le fou (1965),Crime|Drama,3.6704362436601583
64575,3.7262389680923285,2946,Doubt (2008),Drama|Mystery,3.670056967548314
3074,3.767175572519084,1703,Jeremiah Johnson (1972),Western,3.6699959043086783
64993,3.7868794326241133,1410,5 Centimeters per Second (Byôsoku 5 senchimêtoru) (2007),Animation|Drama|Romance,3.6695792426427802
3342,3.7815896739130435,1472,Birdy (1984),Drama|War,3.6692806122494677
89904,3.7135570469798656,3725,The Artist (2011),Comedy|Drama|Romance,3.6691826683157878
8235,3.926127527216174,643,Safety Last! (1923),Action|Comedy|Romance,3.669094075143075
25,3.6761820199778024,22525,Leaving Las Vegas (1995),Drama|Romance,3.6688474528130937
64716,3.6981550470108213,5637,Seven Pounds (2008),Drama,3.668846736373385
3871,3.7487864077669903,2060,Shane (1953),Drama|Western,3.6686149272900987
2495,3.7743589743589743,1560,"Fantastic Planet, The (Planète sauvage, La) (1973)",Animation|Sci-Fi,3.668508488927032
8199,3.915915915915916,666,Ugetsu (Ugetsu monogatari) (1953),Drama|Thriller,3.668122205290315
2488,3.783954961294863,1421,Peeping Tom (1960),Drama|Horror|Thriller,3.667863348476022
4754,3.729841748304446,2654,"Wicker Man, The (1973)",Drama|Horror|Mystery|Thriller,3.667699543773505
26471,3.854710556186152,881,Eddie Murphy Delirious (1983),Comedy|Documentary,3.6675502306576764
6023,3.875631313131313,792,Band of Outsiders (Bande à part) (1964),Comedy|Crime|Drama|Romance,3.6674656601211533
54372,3.8010534846029174,1234,Tell No One (Ne le dis à personne) (2006),Crime|Drama|Mystery|Thriller,3.6674522932228126
56339,3.7238292011019283,2904,"Orphanage, The (Orfanato, El) (2007)",Drama|Horror|Mystery|Thriller,3.667089030930289
3148,3.688921594862189,7474,"Cider House Rules, The (1999)",Drama,3.666882259982663
38159,4.006185567010309,485,"Short Film About Love, A (Krótki film o milosci) (1988)",Drama|Romance,3.6666644033521036
733,3.67106294424475,37001,"Rock, The (1996)",Action|Adventure|Thriller,3.6666129306553867
3100,3.6940310984785154,5981,"River Runs Through It, A (1992)",Drama,3.666505883821588
1127,3.6745673807539587,20399,"Abyss, The (1989)",Action|Adventure|Sci-Fi|Thriller,3.666497077456793
138036,3.696174863387978,5490,The Man from U.N.C.L.E. (2015),Action|Adventure|Comedy,3.6662017121086112
3096,3.9022988505747125,696,My Man Godfrey (1957),Comedy,3.665959366726753
48082,3.716945996275605,3222,"Science of Sleep, The (La science des rêves) (2006)",Comedy|Drama|Fantasy|Romance,3.6658978955372117
188189,3.7327902240325868,2455,Sorry to Bother You (2018),Comedy|Fantasy|Sci-Fi,3.665803101305562
40870,3.864570737605804,827,C.R.A.Z.Y. (2005),Drama,3.665735668389356
1050,3.7581828442437923,1772,Looking for Richard (1996),Documentary|Drama,3.665428772141179
7934,3.766074709124311,1633,Zelig (1983),Comedy,3.6654259023434337
48696,3.7461803844258257,2029,Little Children (2006),Drama|Romance,3.6652026013521706
944,3.8095866314863676,1137,Lost Horizon (1937),Drama,3.6651021037737994
1678,3.7010354703679225,4539,"Joy Luck Club, The (1993)",Drama|Romance,3.6648562011779924
3527,3.6726752021563343,20776,Predator (1987),Action|Sci-Fi|Thriller,3.664772008695409
2580,3.6829173599556295,9015,Go (1999),Comedy|Crime,3.664705470225295
456,3.826279527559055,1016,Fresh (1994),Crime|Drama|Thriller,3.664688912657213
4322,3.7503937007874018,1905,Eight Men Out (1988),Drama,3.6642671459306877
1241,3.7122765895106946,3413,Dead Alive (Braindead) (1992),Comedy|Fantasy|Horror,3.6642084725470685
192803,3.695744271134219,5193,Bohemian Rhapsody (2018),Drama,3.6641549836674887
3448,3.67532693377852,14376,"Good Morning, Vietnam (1987)",Comedy|Drama|War,3.6639200955644218
184399,3.76548946716233,1614,Eighth Grade (2018),(no genres listed),3.6638923214451173
6774,3.7123998813408483,3371,Videodrome (1983),Fantasy|Horror|Sci-Fi|Thriller,3.66376557518719
929,3.8095450490633365,1121,Foreign Correspondent (1940),Drama|Film-Noir|Mystery|Thriller,3.6633805428280226
141890,3.819351763584366,1049,Beasts of No Nation (2015),Drama|War,3.6631982476462817
32840,3.867959949937422,799,Vincent (1982),Animation,3.6630069716767903
3271,3.705250905328505,3866,Of Mice and Men (1992),Drama,3.662899464293205
77307,3.7528893780957624,1817,Dogtooth (Kynodontas) (2009),Drama,3.6627934583571853
84187,3.8708651399491094,786,Evangelion: 2.0 You Can (Not) Advance (Evangerion shin gekijôban: Ha) (2009),Action|Animation|Drama|Sci-Fi,3.662638907739983
7619,3.8610436893203883,824,"Miracle Worker, The (1962)",Drama,3.6624708785721958
102800,3.7675693101225014,1551,Frances Ha (2012),Comedy|Drama,3.6621284547030997
33903,3.7983333333333333,1200,"Edukators, The (Die Fetten Jahre sind vorbei) (2004)",Comedy|Crime|Drama|Romance,3.6620643285389667
106918,3.690601900739176,5682,"Secret Life of Walter Mitty, The (2013)",Adventure|Comedy|Drama,3.661832943671299
5464,3.6759155536406722,11605,Road to Perdition (2002),Crime|Drama,3.6618298623761047
2069,3.8064658990256866,1129,"Trip to Bountiful, The (1985)",Drama,3.6617062236883
2949,3.680040458530007,8898,Dr. No (1962),Action|Adventure|Thriller,3.6616739010615738
3168,3.6868663235064734,6411,Easy Rider (1969),Adventure|Drama,3.6613860576915735
8507,3.7547169811320753,1749,Freaks (1932),Crime|Drama|Horror,3.661326896050908
6918,4.009594882729211,469,"Unvanquished, The (Aparajito) (1957)",Drama,3.661324704861553
93988,4.014038876889849,463,North & South (2004),Drama|Romance,3.661279682006052
1078,3.7018990504747626,4002,Bananas (1971),Comedy|War,3.6610988274530354
3396,3.6832563348733025,7143,"Muppet Movie, The (1979)",Adventure|Children|Comedy|Musical,3.660420866843451
71282,3.762172284644195,1602,"Food, Inc. (2008)",Documentary,3.6603625293749573
7135,3.9020771513353116,674,Shoot the Piano Player (Tirez sur le pianiste) (1960),Crime|Drama|Romance|Thriller,3.660163620782434
7759,3.9303482587064678,603,Nostalghia (1983),Drama,3.660012918910798
275503,3.988888888888889,495,Aftersun (2022),Drama,3.6597190558141
299,3.721504559270517,2632,Priest (1994),Drama,3.6596081105279983
2312,3.7170310296191817,2836,Children of a Lesser God (1986),Drama,3.6595886432688607
8970,3.6766985138004245,9420,Finding Neverland (2004),Drama,3.659409550788622
6953,3.6785546139359697,8496,21 Grams (2003),Crime|Drama|Mystery|Romance|Thriller,3.6593860427929545
7143,3.6673189339145944,20186,"Last Samurai, The (2003)",Action|Adventure|Drama|War,3.6592527981844842
2579,3.7375,2080,Following (1998),Crime|Mystery|Thriller,3.6592232408519507
36517,3.6910497453975717,5106,"Constant Gardener, The (2005)",Drama|Thriller,3.659165438312594
65642,3.7420837589376914,1958,"Timecrimes (Cronocrímenes, Los) (2007)",Sci-Fi|Thriller,3.658962801042235
178827,3.795549958018472,1191,Paddington 2 (2017),Adventure|Animation|Children|Comedy,3.6589103448990272
538,3.6901056676272814,5205,Six Degrees of Separation (1993),Drama,3.658843214144027
3703,3.6725496915695683,11672,"Road Warrior, The (Mad Max 2) (1981)",Action|Adventure|Sci-Fi|Thriller,3.6586134440872846
1873,3.7109602327837052,3093,"Misérables, Les (1998)",Crime|Drama|Romance|War,3.6583874459499413
1171,3.70601369455195,3359,Bob Roberts (1992),Comedy,3.65765819607531
26699,4.076030927835052,388,Close-Up (Nema-ye Nazdik) (1990),Drama,3.657505111666053
1935,3.8094569288389515,1068,How Green Was My Valley (1941),Drama|Musical|Romance,3.6574265362746674
105355,3.7288732394366195,2272,Blue Is the Warmest Color (La vie d'Adèle) (2013),Drama|Romance,3.6574100541949734
973,3.813706563706564,1036,Meet John Doe (1941),Comedy|Drama,3.65706670217146
223876,3.8629441624365484,788,My Octopus Teacher (2020),Documentary,3.657020933185562
6591,3.794491525423729,1180,"Magdalene Sisters, The (2002)",Drama,3.656984397522646
201773,3.685185185185185,5724,Spider-Man: Far from Home (2019),Action|Adventure|Sci-Fi,3.6568442474543534
72011,3.675877916568466,8486,Up in the Air (2009),Drama|Romance,3.6567636728090886
3386,3.6758553983798814,8271,JFK (1991),Drama|Mystery|Thriller,3.6562594637988832
81788,3.72936400541272,2217,"Next Three Days, The (2010)",Crime|Drama|Romance|Thriller,3.656257352536643
50851,3.8772169167803545,733,Cocaine Cowboys (2006),Documentary,3.6561411606274663
5888,3.8819832402234637,716,Brother (Brat) (1997),Crime|Drama,3.6557829885170574
134849,4.054187192118227,406,Duck Amuck (1953),Animation|Children|Comedy,3.6554664920142144
2065,3.6917301658449126,4462,"Purple Rose of Cairo, The (1985)",Comedy|Drama|Fantasy|Romance,3.6554511888641468
4499,3.687838108595472,4991,Dirty Rotten Scoundrels (1988),Comedy,3.6554065928014103
107069,3.72201646090535,2430,Lone Survivor (2013),Action|Drama|Thriller|War,3.655405205726271
3552,3.6698618935126293,11006,Caddyshack (1980),Comedy,3.655160419516842
97938,3.668419295610082,11982,Life of Pi (2012),Adventure|Drama|IMAX,3.6549203252107456
111235,3.873144399460189,741,Jodorowsky's Dune (2013),Documentary|Sci-Fi,3.6548792864128785
38038,3.676692743458322,7414,Wallace & Gromit in The Curse of the Were-Rabbit (2005),Adventure|Animation|Children|Comedy,3.654878049513906
302,3.753191489361702,1645,"Queen Margot (Reine Margot, La) (1994)",Drama|Romance,3.6548735443371396
8239,3.9248747913188646,599,Viridiana (1961),Comedy|Drama,3.654870864040699
6979,3.6791616586538463,6656,WarGames (1983),Drama|Sci-Fi|Thriller,3.6548632138944965
235,3.663214367684186,17428,Ed Wood (1994),Comedy|Drama,3.6539475250536073
4380,3.7956140350877194,1140,"Princess and the Warrior, The (Krieger und die Kaiserin, Der) (2000)",Drama|Romance,3.6539455724818986
7505,3.9742063492063493,504,"Kingdom, The (Riget) (1994)",Drama|Horror|Mystery,3.6538252166557426
4338,3.87603305785124,726,Twelve O'Clock High (1949),Drama|War,3.6536721772695753
4014,3.6640906411683805,15269,Chocolat (2000),Drama|Romance,3.6535204509386006
43376,3.8423212192262604,853,Sophie Scholl: The Final Days (Sophie Scholl - Die letzten Tage) (2005),Drama|War,3.653203562591986
300,3.6608252312070193,21085,Quiz Show (1994),Drama,3.6531747596838886
1913,3.729652546406473,2101,Picnic at Hanging Rock (1975),Drama|Mystery,3.6529065090514954
7076,3.7250335871025526,2233,Bullitt (1968),Action|Crime|Drama|Thriller,3.6528325096176757
57274,3.7065798263193055,2994,[REC] (2007),Drama|Horror|Thriller,3.652738291535388
72641,3.6673039261400726,10723,"Blind Side, The  (2009)",Drama,3.652281282696717
1912,3.671311669829222,8432,Out of Sight (1998),Comedy|Crime|Drama|Romance|Thriller,3.6522094489765013
112171,3.688316073840612,4442,"Equalizer, The (2014)",Action|Crime|Thriller,3.6520635710887266
7486,3.896656534954407,658,Happy Together (a.k.a. Buenos Aires Affair) (Chun gwong cha sit) (1997),Drama|Romance,3.651962736376788
87234,3.736981934112646,1882,Submarine (2010),Comedy|Drama|Romance,3.6514923298231303
108932,3.6670575588781396,10233,The Lego Movie (2014),Action|Adventure|Animation|Children|Comedy|Fantasy,3.651338498327604
2750,3.7157451923076925,2496,Radio Days (1987),Comedy|Drama,3.651304238995996
3739,3.9346289752650176,566,Trouble in Paradise (1932),Comedy|Romance,3.6507117506689273
4263,3.880543633762518,699,Days of Wine and Roses (1962),Drama,3.6506646329993764
26712,3.9894514767932487,474,35 Up (1991),Documentary,3.6505256683083536
1124,3.6833710640049393,4859,On Golden Pond (1981),Drama,3.6503191146303
3079,3.753062540296583,1551,Mansfield Park (1999),Comedy|Drama|Romance,3.649627760220073
27878,3.843825665859564,826,Born into Brothels (2004),Documentary,3.6496092712067254
5992,3.680544822256569,5176,"Hours, The (2002)",Drama|Romance,3.6495539098637964
349,3.6546166134185305,31300,Clear and Present Danger (1994),Action|Crime|Drama|Thriller,3.6494922170224675
671,3.674049662783568,6524,Mystery Science Theater 3000: The Movie (1996),Comedy|Sci-Fi,3.649465517816608
3959,3.6995297805642635,3190,"Time Machine, The (1960)",Action|Adventure|Sci-Fi,3.6492672091715694
2138,3.6995579412693402,3167,Watership Down (1978),Adventure|Animation|Children|Drama|Fantasy,3.648954889083436
11,3.6571600355518377,19127,"American President, The (1995)",Comedy|Drama|Romance,3.648783540667536
6216,3.8713490959666204,719,Nowhere in Africa (Nirgendwo in Afrika) (2001),Drama,3.6485845703276256
78836,3.7503176620076237,1574,Enter the Void (2009),Drama,3.648562732799445
224052,3.9041533546325877,626,Wolfwalkers (2020),Adventure|Animation|Drama,3.6483769637902723
1356,3.655331710834685,22188,Star Trek: First Contact (1996),Action|Adventure|Sci-Fi|Thriller,3.6481182786222743
32179,3.9317375886524824,564,Elevator to the Gallows (a.k.a. Frantic) (Ascenseur pour l'échafaud) (1958),Crime|Drama|Thriller,3.6480071418626014
37741,3.6793062904174016,5103,Capote (2005),Crime|Drama,3.6479502617052093
39381,3.7529644268774702,1518,"Proposition, The (2005)",Crime|Drama|Western,3.6476116393797664
3476,3.6731203614069052,6198,Jacob's Ladder (1990),Horror|Mystery,3.64732894966885
5121,3.9521988527724665,523,Stroszek (1977),Comedy|Drama,3.646800110921245
5177,3.8244147157190636,897,"Magnificent Ambersons, The (1942)",Drama|Romance,3.646448211554332
4211,3.7651458489154823,1337,Reversal of Fortune (1990),Drama,3.645857245488435
55280,3.6866837387964146,3905,Lars and the Real Girl (2007),Comedy|Drama,3.6458424626543993
5056,3.8835820895522386,670,"Enigma of Kaspar Hauser, The (a.k.a. Mystery of Kaspar Hauser, The) (Jeder für sich und Gott Gegen Alle) (1974)",Crime|Drama,3.6456252101644457
47999,3.727743271221532,1932,Jesus Camp (2006),Documentary|Drama,3.645268011197262
968,3.6619168249947225,9474,Night of the Living Dead (1968),Horror|Sci-Fi|Thriller,3.6451022848759225
471,3.658205725699068,12016,"Hudsucker Proxy, The (1994)",Comedy,3.64495144726986
8772,3.8721428571428573,700,"Spy Who Came in from the Cold, The (1965)",Drama|Thriller,3.6447096697440293
189885,3.8579088471849867,746,The Guilty (2018),Thriller,3.6445522219520647
6254,3.8489717223650386,778,"Awful Truth, The (1937)",Comedy|Romance,3.6444298428475106
4880,3.703849028400598,2676,Life as a House (2001),Drama,3.644386134780713
117881,3.752549286199864,1471,Still Alice (2014),Drama,3.6443775833595606
6947,3.6605322185970635,9808,Master and Commander: The Far Side of the World (2003),Adventure|Drama|War,3.6443103745309293
196417,3.7443396226415095,1590,How to Train Your Dragon: The Hidden World (2019),Adventure|Animation|Children,3.64427919170162
8582,3.922202797202797,572,Manufacturing Consent: Noam Chomsky and the Media (1992),Documentary|War,3.6441284025095735
7834,3.886432926829268,656,After the Thin Man (1936),Comedy|Crime|Mystery|Romance,3.6440103940989155
918,3.7190745986779983,2118,Meet Me in St. Louis (1944),Musical,3.6439921439943004
3405,3.8407682775712515,807,"Night to Remember, A (1958)",Action|Drama,3.6437778251918824
135456,4.074525745257453,369,Ghost in the Shell: Stand Alone Complex - The Laughing Man (2005),Action|Animation|Crime|Sci-Fi,3.643736859718577
33880,3.743116395494368,1598,Me and You and Everyone We Know (2005),Comedy|Drama,3.6436542344577996
60333,3.8619505494505493,728,Encounters at the End of the World (2008),Documentary,3.643632926215691
1694,3.6945701357466065,3094,"Apostle, The (1997)",Drama,3.643233421765566
2005,3.654043689652811,14603,"Goonies, The (1985)",Action|Adventure|Children|Comedy|Fantasy,3.6431678778890313
2078,3.656206011426679,12077,"Jungle Book, The (1967)",Animation|Children|Comedy|Musical,3.6430577082095517
5288,3.908710217755444,597,"Atomic Cafe, The (1982)",Documentary|War,3.642824217543574
3929,3.8569500674763835,741,"Bank Dick, The (1940)",Comedy,3.64275684980312
6123,4.003416856492027,439,Sunless (Sans Soleil) (1983),Documentary,3.6421936409654148
4902,3.720226377952756,2032,"Devil's Backbone, The (Espinazo del diablo, El) (2001)",Drama|Fantasy|Horror|Thriller|War,3.6421872969530047
79091,3.653331918505942,14136,Despicable Me (2010),Animation|Children|Comedy|Crime,3.642115343563049
5816,3.6472073578595317,29900,Harry Potter and the Chamber of Secrets (2002),Adventure|Fantasy,3.6419061725509088
96610,3.6525903939557476,14824,Looper (2012),Action|Crime|Sci-Fi,3.641898042554526
4019,3.6635840526099464,7299,Finding Forrester (2000),Drama,3.641869262393528
948,3.7270284793121977,1861,Giant (1956),Drama|Romance|Western,3.641862176226413
138210,3.7447916666666665,1536,13 Hours (2016),Drama,3.641640991439357
103688,3.672927847346452,5031,"Conjuring, The (2013)",Horror|Thriller,3.641444914793862
26865,3.843989769820972,782,Fist of Legend (Jing wu ying xiong) (1994),Action|Drama,3.641444374449616
164917,3.901315789473684,608,13th (2016),Documentary,3.640990787279856
249,3.6717542120911792,5045,Immortal Beloved (1994),Drama|Romance,3.640409717905534
52042,3.7661097852028638,1257,Black Book (Zwartboek) (2006),Drama|Thriller|War,3.640324726489215
140110,3.6719700040535064,4934,The Intern (2015),Comedy,3.6399438549113645
48304,3.6668958404950156,5818,Apocalypto (2006),Adventure|Drama|Thriller,3.6397443514183703
5890,3.8329253365973073,817,Elling (2001),Comedy|Drama,3.6396144156300867
105197,3.7365823565700187,1621,Nebraska (2013),Adventure|Drama,3.6392133299214446
108983,3.8716814159292037,678,La Luna (2011),Animation,3.6389740054160202
2946,3.7108626198083066,2191,Help! (1965),Comedy|Musical,3.638864300020537
7070,3.856353591160221,724,Red River (1948),Action|Adventure|Western,3.6385702596568086
155968,3.86056338028169,710,The Night Manager (2016),Crime|Drama|Mystery|Thriller,3.638507670893846
4225,3.720145379023884,1926,"Dish, The (2001)",Comedy,3.638312108887815
3210,3.6545741324921135,9510,Fast Times at Ridgemont High (1982),Comedy|Drama|Romance,3.638008895020967
1396,3.6497928436911486,13275,Sneakers (1992),Action|Comedy|Crime|Drama|Sci-Fi,3.637927299493497
151113,3.893030794165316,617,A Man Called Ove (2015),Comedy|Drama,3.6377930541865218
6662,3.6896437994722957,3032,"Pink Panther, The (1963)",Comedy|Crime,3.6377106908531527
3549,3.725250278086763,1798,Guys and Dolls (1955),Comedy|Musical|Romance,3.6376789318579847
5103,3.672104225968907,4567,"Sandlot, The (1993)",Children|Comedy|Drama,3.637630558279887
91630,3.653950953678474,9542,Mission: Impossible - Ghost Protocol (2011),Action|Adventure|Thriller|IMAX,3.637455699232972
4016,3.650782547870945,11437,"Emperor's New Groove, The (2000)",Adventure|Animation|Children|Comedy|Fantasy,3.6370296687135872
1663,3.654062838569881,9230,Stripes (1981),Comedy|War,3.6370217014231723
34153,3.7847744360902253,1064,Murderball (2005),Documentary,3.6369601688019717
5602,3.7639450282942604,1237,"Ladykillers, The (1955)",Comedy|Crime,3.6368295347063118
357,3.6414456320929003,30312,Four Weddings and a Funeral (1994),Comedy|Romance,3.6362628393018563
1094,3.648193340155869,12703,"Crying Game, The (1992)",Drama|Romance|Thriller,3.6358345112006814
5876,3.717142857142857,1925,"Quiet American, The (2002)",Drama|Thriller|War,3.6356157162795477
2150,3.652329557597777,9358,"Gods Must Be Crazy, The (1980)",Adventure|Comedy,3.6355603790629765
7937,3.922303473491773,547,"Silence, The (Tystnaden) (1963)",Drama,3.635463004925379
140715,3.7053172475424487,2238,Straight Outta Compton (2015),Drama,3.635234631718247
1295,3.678224687933426,3605,"Unbearable Lightness of Being, The (1988)",Drama,3.634750513926181
7924,3.894518272425249,602,Stray Dog (Nora inu) (1949),Drama|Film-Noir|Thriller,3.6343459932073205
93840,3.6493314982304366,10172,"Cabin in the Woods, The (2012)",Comedy|Horror|Sci-Fi|Thriller,3.633943805776863
56607,3.7509349289454,1337,"Kite Runner, The (2007)",Drama,3.6338766666373097
6858,3.848422496570645,729,Knife in the Water (Nóz w wodzie) (1962),Drama,3.6337713525105935
6187,3.6844235751295336,3088,"Life of David Gale, The (2003)",Crime|Drama|Thriller,3.633751387701192
4033,3.674582463465553,3832,Thirteen Days (2000),Drama|Thriller|War,3.633748684265752
345,3.648421349370419,10642,"Adventures of Priscilla, Queen of the Desert, The (1994)",Comedy|Drama,3.6337185178102924
27731,3.7178590640129103,1859,"Cat Returns, The (Neko no ongaeshi) (2002)",Adventure|Animation|Children|Fantasy,3.633694675089003
2212,3.7421820708825573,1439,"Man Who Knew Too Much, The (1934)",Drama|Thriller,3.633488361644712
8261,3.900170648464164,586,3 Women (Three Women) (1977),Drama,3.633327351323642
7088,3.905217391304348,575,Black Orpheus (Orfeu Negro) (1959),Drama|Romance,3.6332868134726413
8949,3.6472822108345535,10928,Sideways (2004),Comedy|Drama|Romance,3.632980970181366
133771,3.661697036628014,5433,The Lobster (2015),Comedy|Romance|Sci-Fi,3.632933526746354
110586,3.772931654676259,1112,Calvary (2014),Comedy|Drama,3.6324968811963467
5825,3.952772073921971,487,"Life and Death of Colonel Blimp, The (1943)",Drama|Romance|War,3.6322394423428577
4553,3.677071346375144,3476,They Live (1988),Action|Sci-Fi|Thriller,3.632168650331582
148671,3.7276621787025706,1634,Saw (2003),Crime|Horror,3.632144567220835
3306,3.8883415435139574,609,"Circus, The (1928)",Comedy,3.6320841655438967
281,3.6710032524393297,3997,Nobody's Fool (1994),Comedy|Drama|Romance,3.631966133356911
107771,3.7244958481613284,1686,Only Lovers Left Alive (2013),Drama|Horror|Romance,3.6319525585922317
167392,3.9160583941605838,548,Dangal (2016),Drama,3.631528429690186
7158,3.684542049710589,2937,House of Sand and Fog (2003),Drama,3.631458930167334
47629,3.6805293005671076,3174,The Queen (2006),Drama,3.6314134230097608
4903,3.686160871092378,2847,In the Bedroom (2001),Drama,3.6314044399431857
48997,3.674685314685315,3575,Perfume: The Story of a Murderer (2006),Crime|Drama|Thriller,3.631100448657159
69529,3.9437751004016066,498,Home (2009),Documentary,3.630961314259083
113275,3.7983870967741935,930,The Hundred-Foot Journey (2014),Comedy|Drama,3.630897451539663
8492,3.8155397390272836,843,"Christmas Carol, A (Scrooge) (1951)",Drama|Fantasy,3.630794949739087
4616,3.7152966793685356,1837,Lean on Me (1989),Drama,3.630550364648405
1845,3.6924920127795526,2504,Zero Effect (1998),Comedy|Mystery|Thriller,3.6303407336336626
5525,3.851063829787234,705,Mostly Martha (Bella Martha) (2001),Comedy|Drama|Romance,3.6303228908901444
179119,3.7208624708624707,1716,The Death of Stalin (2017),Comedy,3.630192379062603
3072,3.6495507861242826,8014,Moonstruck (1987),Comedy|Romance,3.6301377247237787
3266,3.7141310232809963,1847,Man Bites Dog (C'est arrivé près de chez vous) (1992),Comedy|Crime|Drama|Thriller,3.6299274801374635
26094,3.962526766595289,467,"Eclisse, L' (Eclipse) (1962)",Drama,3.6296480033805127
8533,3.6423250102333196,12215,"Notebook, The (2004)",Drama|Romance,3.6295994837587036
159849,3.9460285132382893,491,Bo Burnham: Make Happy (2016),Comedy,3.629497236951087
25771,3.737630662020906,1435,"Andalusian Dog, An (Chien andalou, Un) (1929)",Fantasy,3.6293515087713693
1967,3.6439149420922727,10534,Labyrinth (1986),Adventure|Fantasy|Musical,3.629168869749335
2609,3.939121756487026,501,"King of Masks, The (Bian Lian) (1996)",Drama,3.62910388801188
6896,4.0696022727272725,352,Shoah (1985),Documentary|War,3.6286653446831565
77800,3.7263556116015133,1586,Four Lions (2010),Comedy|Drama,3.628516543473818
107412,4.032552083333333,384,"Kidnapping, Caucasian Style (Kavkazskaya plennitsa) (1967)",Comedy|Romance,3.6284800215201596
106438,3.742468772961058,1361,Philomena (2013),Comedy|Drama,3.628464504391645
62849,3.667562036326426,3909,RocknRolla (2008),Action|Crime,3.6279047128646935
31545,4.058333333333334,360,"Trou, Le (Hole, The) (Night Watch, The) (1960)",Crime|Film-Noir,3.6277960348499088
64197,3.772684752104771,1069,Hunger (2008),Drama,3.62771455013287
4437,3.6958241758241757,2275,Suspiria (1977),Horror,3.6277051410991357
106441,3.7298467688207864,1501,"Book Thief, The (2013)",Children|Drama|War,3.6267586751357843
140737,3.986046511627907,430,The Lost Room (2006),Action|Fantasy|Mystery,3.626403013139062
268642,3.672604790419162,3340,The Batman (2022),Action|Crime|Drama,3.6263102916269916
159061,3.7833163784333674,983,The Wailing (2016),Mystery|Thriller,3.626077608263746
4178,3.7783251231527095,1015,Of Mice and Men (1939),Drama,3.626050324883384
2852,3.7619469026548673,1130,"Soldier's Story, A (1984)",Drama,3.6253281642034296
27660,3.6545109211775877,5265,"Animatrix, The (2003)",Action|Animation|Drama|Sci-Fi,3.6251954162426063
111384,3.7313793103448276,1450,Blue Ruin (2013),Thriller,3.6249720440403257
194664,3.851173020527859,682,They Shall Not Grow Old (2018),Documentary|War,3.6249489801483605
101525,3.6810722100656457,2742,"Place Beyond the Pines, The (2012)",Crime|Drama,3.6248169466114244
7572,3.858877086494689,659,Wit (2001),Drama,3.6248100072916722
111781,3.6498130385303202,6151,Mission: Impossible - Rogue Nation (2015),Action|Adventure|Thriller,3.6247386686698397
112804,3.715208455666471,1703,I Origins (2014),Drama|Sci-Fi,3.624655466786264
2952,3.6923922603342128,2274,Sydney (Hard Eight) (1996),Crime|Drama|Thriller,3.624584805430302
2644,3.6840277777777777,2592,Dracula (1931),Horror,3.624543280516776
97306,3.657758620689655,4640,Seven Psychopaths (2012),Comedy|Crime,3.624530059035797
2349,3.724869451697128,1532,Mona Lisa (1986),Comedy|Thriller,3.6242714389466615
1302,3.635027299454011,14286,Field of Dreams (1989),Children|Drama|Fantasy,3.6242399332379382
157699,3.69638667292351,2131,Snowden (2016),Drama|Thriller,3.624087148880251
4361,3.640703793027845,9122,Tootsie (1982),Comedy|Romance,3.623821085020661
2969,3.844062947067239,699,"Man and a Woman, A (Un homme et une femme) (1966)",Drama|Romance,3.623763061103607
187541,3.648183404727907,6303,Incredibles 2 (2018),Action|Adventure|Animation|Children,3.6237526527602846
80586,3.805064782096584,849,Flipped (2010),Comedy|Drama|Romance,3.623704349776946
90376,3.682497127537342,2611,We Need to Talk About Kevin (2011),Drama|Thriller,3.6235410348683903
8012,3.8337893296853625,731,Kikujiro (Kikujirô no natsu) (1999),Comedy|Drama,3.623293198918368
116951,3.94375,480,Bo Burnham: what. (2013),Comedy,3.6232199281384405
2916,3.6287332838038635,26920,Total Recall (1990),Action|Adventure|Sci-Fi|Thriller,3.623019886915558
7044,3.6835767864192657,2533,Wild at Heart (1990),Crime|Drama|Mystery|Romance|Thriller,3.6228710613681687
53956,3.6871075763917958,2389,Death at a Funeral (2007),Comedy,3.6227548449979565
42217,3.9869668246445498,422,Late Spring (Banshun) (1949),Drama,3.6226934053064674
98604,3.823529411764706,765,From Up on Poppy Hill (Kokuriko-zaka kara) (2011),Animation|Drama|Romance,3.6226107166585555
7218,3.872357723577236,615,"Ox-Bow Incident, The (1943)",Drama|Western,3.6224852478528873
4465,3.7048257372654154,1865,"Accused, The (1988)",Drama,3.622434838743606
70533,3.7996535796766744,866,Evangelion: 1.0 You Are (Not) Alone (Evangerion shin gekijôban: Jo) (2007),Action|Animation|Sci-Fi,3.6222665760338226
3868,3.636856500928006,10237,"Naked Gun: From the Files of Police Squad!, The (1988)",Action|Comedy|Crime|Romance,3.6218603081871947
3111,3.7387661843107387,1313,Places in the Heart (1984),Drama,3.6218483933799273
2972,3.886873920552677,579,Red Sorghum (Hong gao liang) (1987),Drama|War,3.6217719599228277
6708,3.643133600917431,6976,Matchstick Men (2003),Comedy|Crime|Drama,3.6211525426815743
4190,3.871125611745514,613,Elmer Gantry (1960),Drama,3.621029128228459
37733,3.644539116963594,6455,"History of Violence, A (2005)",Action|Crime|Drama|Thriller,3.62079759626786
38886,3.6726312201772324,2934,"Squid and the Whale, The (2005)",Comedy|Drama,3.620429484313082
4426,3.8528072837632776,659,Kiss Me Deadly (1955),Film-Noir,3.620404235730928
3052,3.627928958758271,20101,Dogma (1999),Adventure|Comedy|Fantasy,3.620310910894899
3556,3.6390054294175718,8104,"Virgin Suicides, The (1999)",Drama|Romance,3.620115768849155
206857,3.664121037463977,3470,The Irishman (2019),Crime|Drama,3.620012639656917
322,3.6690254100997106,3109,Swimming with Sharks (1995),Comedy|Drama,3.619811490997382
225758,4.018229166666667,384,David Attenborough: A Life on Our Planet (2020),Documentary,3.6197898650973444
45928,3.7684824902723735,1028,Who Killed the Electric Car? (2006),Documentary,3.619676564821136
1948,3.7306018854242207,1379,Tom Jones (1963),Adventure|Comedy|Romance,3.6196725877634432
1297,3.6516959798994977,4776,Real Genius (1985),Comedy,3.6196670591693585
1061,3.6353874883286648,9639,Sleepers (1996),Thriller,3.6195213347242703
126090,3.991484184914842,411,Hedgehog in the Fog (1975),Animation,3.6194347713594626
2700,3.6265692381408723,20870,"South Park: Bigger, Longer and Uncut (1999)",Animation|Comedy|Musical,3.6192446105441154
68347,3.81913499344692,763,Sin Nombre (2009),Crime|Drama|Thriller,3.618900094495611
3728,3.785949506037322,911,One False Move (1992),Crime|Drama|Film-Noir|Thriller,3.6183852104665135
3676,3.651705170517052,4545,Eraserhead (1977),Drama|Horror,3.618132419453912
52281,3.640673690458525,6739,Grindhouse (2007),Action|Crime|Horror|Sci-Fi|Thriller,3.6180347465791023
2983,3.7942196531791907,865,"Ipcress File, The (1965)",Thriller,3.617887607164116
615,3.8591772151898733,632,Bread and Chocolate (Pane e cioccolata) (1973),Comedy|Drama,3.617851067794425
1076,3.821476510067114,745,"Innocents, The (1961)",Drama|Horror|Thriller,3.6170288817990834
55363,3.6588024282560707,3624,"Assassination of Jesse James by the Coward Robert Ford, The (2007)",Crime|Drama|Western,3.616789745570531
6296,3.6579304725692556,3682,"Mighty Wind, A (2003)",Comedy|Musical,3.6165928936427045
111443,3.680914092255607,2363,Chef (2014),Comedy,3.616510971178111
161131,3.6687285223367696,2910,War Dogs (2016),Comedy,3.61643768578306
94070,3.70760934691432,1669,"Best Exotic Marigold Hotel, The (2011)",Comedy|Drama,3.6164372520048538
107883,3.8833333333333333,570,The Lunchbox (2013),Drama|Romance,3.616393949957393
2125,3.6389097462081392,6659,Ever After: A Cinderella Story (1998),Comedy|Drama|Romance,3.616072179044298
7001,3.6784394250513346,2435,Invasion of the Body Snatchers (1978),Horror|Mystery|Sci-Fi|Thriller,3.6159935189910613
6460,3.8293539325842696,712,"Trial, The (Procès, Le) (1962)",Drama,3.615844526610583
7802,3.695287958115183,1910,"Warriors, The (1979)",Action|Adventure|Crime|Thriller,3.6157140236324556
78039,3.6736721436759647,2617,Blue Valentine (2010),Drama|Romance,3.6156059198227815
78574,3.6668367346938777,2940,Winter's Bone (2010),Drama|Thriller,3.6151854889209787
5377,3.6268794818413137,12969,About a Boy (2002),Comedy|Drama|Romance,3.6151707158943633
4703,3.6991150442477876,1808,Chocolat (1988),Drama,3.6151319974816998
116138,3.7795232936078005,923,Leviathan (2014),Drama,3.615039683949236
52328,3.63819018404908,6520,Sunshine (2007),Adventure|Drama|Sci-Fi|Thriller,3.6149101043921625
2109,3.633817817316126,7981,"Jerk, The (1979)",Comedy,3.6148027321863094
27397,3.8089743589743588,780,Joint Security Area (Gongdong gyeongbi guyeok JSA) (2000),Crime|Drama|Mystery|Thriller|War,3.6145057883371647
2585,3.8362573099415203,684,"Lovers of the Arctic Circle, The (Los Amantes del Círculo Polar) (1998)",Drama|Romance,3.6144978085755266
2797,3.6205029980013324,24016,Big (1988),Comedy|Drama|Fantasy|Romance,3.6141902503459775
1545,3.849922239502333,643,Ponette (1996),Drama,3.6141551806481775
7980,3.71680216802168,1476,"Bridge Too Far, A (1977)",Action|Drama|War,3.614102270056298
892,3.7219061166429586,1406,Twelfth Night (1996),Comedy|Drama|Romance,3.6140945106170217
188829,3.9434782608695653,460,Capernaum (2018),Drama,3.614000572182408
2529,3.623373293159818,15599,Planet of the Apes (1968),Action|Drama|Sci-Fi,3.613662693834521
1572,3.768993839835729,974,"Contempt (Mépris, Le) (1963)",Drama,3.61351296559008
31225,3.6787418655097612,2305,Coach Carter (2005),Drama,3.613087828662089
5812,3.6756644518272426,2408,Far from Heaven (2002),Drama|Romance,3.6128439179570586
8094,3.8229166666666665,720,Bad Day at Black Rock (1955),Drama|Thriller|Western,3.6128238266282477
492,3.6561066513761467,3488,Manhattan Murder Mystery (1993),Comedy|Mystery,3.6127445223634855
261,3.6265712450683547,10899,Little Women (1994),Drama,3.6126952166435027
1916,3.654510022271715,3592,Buffalo '66 (a.k.a. Buffalo 66) (1998),Drama|Romance,3.6124254746596134
33639,3.8547351524879616,623,Mad Hot Ballroom (2005),Children|Documentary,3.6121860369539043
7484,3.8459752321981426,646,Gimme Shelter (1970),Documentary,3.61209632989173
3256,3.6263715474839198,10572,Patriot Games (1992),Action|Crime|Drama|Thriller,3.6120807886238766
1032,3.627041378619377,9981,Alice in Wonderland (1951),Adventure|Animation|Children|Fantasy|Musical,3.611908719109679
8529,3.6227132505918647,13939,"Terminal, The (2004)",Comedy|Drama|Romance,3.6118780796044594
98809,3.6211220509009845,16149,"Hobbit: An Unexpected Journey, The (2012)",Adventure|Fantasy|IMAX,3.6117713247196357
118888,3.9486607142857144,448,Dave Chappelle: For What it's Worth (2004),Comedy,3.611658782637551
46850,3.8208333333333333,720,Wordplay (2006),Documentary,3.611275679244617
1183,3.6201480950674787,16746,"English Patient, The (1996)",Drama|Romance|War,3.6111401070685973
7941,3.929324894514768,474,Smiles of a Summer Night (Sommarnattens leende) (1955),Comedy|Romance,3.6111011282613212
3175,3.6193181818181817,17512,Galaxy Quest (1999),Adventure|Comedy|Sci-Fi,3.6107103246806243
206419,3.7192224622030237,1389,The Two Popes (2019),Drama,3.610699679846211
2302,3.619988864142539,16164,My Cousin Vinny (1992),Comedy,3.6106638683974257
7943,3.8497615262321143,629,"Killers, The (1946)",Crime|Film-Noir,3.6102802205491615
102194,3.6608462055070516,2978,Mud (2012),Adventure|Crime|Drama,3.6102652718150887
59784,3.6194020744356314,16390,Kung Fu Panda (2008),Action|Animation|Children|Comedy|IMAX,3.610212514386174
6970,3.8598673300165838,603,Desk Set (1957),Comedy|Romance,3.610124434346883
5292,3.6779737675260065,2211,Slap Shot (1977),Comedy,3.609888615642957
8188,3.9850374064837903,401,Sansho the Bailiff (Sanshô dayû) (1954),Drama,3.609732275150191
63062,3.6527658354829464,3489,Changeling (2008),Crime|Drama|Mystery,3.6096377660237327
122886,3.6176109360815936,18727,Star Wars: Episode VII - The Force Awakens (2015),Action|Adventure|Fantasy|Sci-Fi|IMAX,3.609576621167909
26840,3.8282387190684135,687,Sonatine (Sonachine) (1993),Action|Comedy|Crime|Drama,3.6093225832034506
32657,4.046511627906977,344,"Man Who Planted Trees, The (Homme qui plantait des arbres, L') (1987)",Animation|Drama,3.609318612953465
115667,3.751897533206831,1054,"Love, Rosie (2014)",Comedy|Romance,3.609229415626763
3822,3.8197755960729314,713,"Girl on the Bridge, The (Fille sur le pont, La) (1999)",Drama|Romance,3.608966634390383
86320,3.650824713447023,3577,Melancholia (2011),Drama|Sci-Fi,3.6088149208343427
2144,3.6227172769863274,10459,Sixteen Candles (1984),Comedy|Romance,3.608360650138693
9018,3.8060686015831133,758,Control Room (2004),Documentary|War,3.608069327262001
8580,3.8693379790940767,574,Into the Woods (1991),Adventure|Comedy|Fantasy|Musical,3.6079292813465904
166568,3.7928483353884093,811,Miss Sloane (2016),Thriller,3.6078545198793366
4846,3.710706932052162,1457,Iron Monkey (Siu nin Wong Fei-hung ji: Tit Ma Lau) (1993),Action|Comedy,3.6077525093030713
49961,3.697078115682767,1677,Notes on a Scandal (2006),Drama,3.6076457789190037
177689,3.6752484191508583,2214,The Killing of a Sacred Deer (2017),Drama|Horror|Mystery|Thriller,3.607521623135373
1184,3.745848708487085,1084,Mediterraneo (1991),Comedy|Drama,3.607521198604628
82143,3.973170731707317,410,Alone in the Wilderness (2004),Documentary,3.60747458737306
5034,3.759918616480163,983,"Truly, Madly, Deeply (1991)",Drama|Romance,3.6074072616447026
7068,3.828171091445428,678,Last Year at Marienbad (L'Année dernière à Marienbad) (1961),Drama|Mystery|Romance,3.607147486913485
1844,3.806108897742364,753,Live Flesh (Carne trémula) (1997),Drama|Romance,3.607111493781924
85179,3.75341796875,1024,Summer Wars (Samâ wôzu) (2009),Adventure|Animation|Comedy|Sci-Fi,3.6070901136146665
93510,3.620726200350198,10851,21 Jump Street (2012),Action|Comedy|Crime,3.606921234030947
6786,3.779056386651323,869,Kiss of the Spider Woman (1985),Drama,3.606731376348608
34072,3.6406285584149396,4391,"March of the Penguins (Marche de l'empereur, La) (2005)",Documentary,3.6065357024117133
4705,3.763655462184874,952,"Cage aux Folles, La (1978)",Comedy,3.6064326801732944
193944,3.662702906757267,2649,The Ballad of Buster Scruggs (2018),Comedy|Drama|Western,3.6062200233341764
1683,3.6841145833333333,1920,"Wings of the Dove, The (1997)",Drama|Romance,3.6061897762091886
47894,3.769398907103825,915,"Wind That Shakes the Barley, The (2006)",Drama|War,3.6059498286967173
7210,3.857142857142857,595,My Darling Clementine (1946),Western,3.6058360061856964
196067,4.045588235294118,340,The Dawn Wall (2018),Adventure|Documentary,3.6058159375447603
3066,3.6754796443612543,2137,Tora! Tora! Tora! (1970),Action|Drama|War,3.605542984039612
5470,3.8074324324324325,740,The Importance of Being Earnest (1952),Comedy|Romance,3.605485899100121
205303,3.8882575757575757,528,Sherlock: The Abominable Bride (2016),Crime|Drama|Mystery,3.6053095708844243
1958,3.632815390307066,5406,Terms of Endearment (1983),Comedy|Drama,3.605185769088774
109633,3.7865853658536586,820,"Garden of Words, The (Koto no ha no niwa) (2013)",Animation|Romance,3.6046075457200017
3653,3.79539641943734,782,"Endless Summer, The (1966)",Documentary,3.6045833792027446
1162,3.7807328605200947,846,"Ruling Class, The (1972)",Comedy|Drama,3.6044068002740977
4901,3.6243145646649726,7477,Spy Game (2001),Action|Crime|Drama|Thriller,3.6043651879548153
4102,3.665430572723527,2427,Eddie Murphy Raw (1987),Comedy|Documentary,3.604007999409585
321,3.763948497854077,932,Strawberry and Chocolate (Fresa y chocolate) (1993),Drama,3.60400119029563
6301,3.7043771043771043,1485,Straw Dogs (1971),Drama|Thriller,3.603993889855303
26350,3.8777573529411766,544,"Passenger, The (Professione: reporter) (1975)",Drama,3.603815116181245
2390,3.660851226993865,2608,Little Voice (1998),Comedy,3.603719068087826
5489,3.7298558100084818,1179,Nosferatu the Vampyre (Nosferatu: Phantom der Nacht) (1979),Horror,3.6035191579383077
5325,3.729078613693998,1183,Dogtown and Z-Boyz (2001),Documentary,3.603229978085138
3094,3.7847560975609755,820,Maurice (1987),Drama|Romance,3.603204233904116
46723,3.6229662498319213,7437,Babel (2006),Drama|Thriller,3.602956713673104
184721,3.744296577946768,1052,First Reformed (2017),Drama|Thriller,3.602863406580144
8338,3.82179675994109,679,Black Narcissus (1947),Drama,3.6027212044618055
37731,3.675036567528035,2051,Green Street Hooligans (a.k.a. Hooligans) (2005),Crime|Drama,3.6025327212574934
3980,3.6337771097272924,4657,Men of Honor (2000),Drama,3.601880390065046
68073,3.6711017740429503,2142,Pirate Radio (2009),Comedy|Drama,3.60176711933586
122906,3.6185432714091528,8828,Black Panther (2017),Action|Adventure|Sci-Fi,3.6017214033006986
7564,3.8587521663778164,577,Kwaidan (Kaidan) (1964),Horror,3.6014832372201346
2682,3.7908163265306123,784,Limbo (1999),Drama,3.6014764310389284
1594,3.657212622088655,2662,In the Company of Men (1997),Comedy|Drama,3.601451443065756
121231,3.636829558998808,4195,It Follows (2014),Horror,3.6014458033754377
2423,3.621051927194861,7472,Christmas Vacation (National Lampoon's Christmas Vacation) (1989),Comedy,3.6011948096232445
1125,3.6282870708546384,5476,"Return of the Pink Panther, The (1975)",Comedy|Crime,3.601192161543452
4535,3.7286821705426356,1161,"Man from Snowy River, The (1982)",Drama|Romance|Western,3.600939786949507
61406,3.9246724890829694,458,John Adams (2008),Drama,3.6008841499789352
2118,3.6349836524988324,4282,"Dead Zone, The (1983)",Thriller,3.6003807203028337
102903,3.6140375196377414,10821,Now You See Me (2013),Crime|Mystery|Thriller,3.6003455320843107
1275,3.611336488618436,13311,Highlander (1986),Action|Adventure|Fantasy,3.600208335284192
2691,3.743465634075508,1033,"Legend of 1900, The (a.k.a. The Legend of the Pianist on the Ocean) (Leggenda del pianista sull'oceano) (1998)",Drama,3.60009751589056
241272,3.687315634218289,1695,Nobody (2021),Action|Crime|Thriller,3.599961420659555
117438,3.8,740,When Marnie Was There (2014),Animation|Drama,3.599924163838719
141866,3.668761638733706,2148,Green Room (2015),(no genres listed),3.599843550260799
1633,3.66100290095317,2413,Ulee's Gold (1997),Drama,3.5996712895375893
44633,3.8646953405017923,558,"Devil and Daniel Johnston, The (2005)",Documentary,3.5995352653613946
96728,3.647642276422764,3075,"Master, The (2012)",Drama,3.5995261607208726
146656,3.644952145723989,3239,Creed (2015),Drama,3.59929040557932
4095,3.8121387283236996,692,Cry Freedom (1987),Drama,3.5986449204167386
7478,3.9389400921658986,434,Swimming to Cambodia (1987),Drama,3.598572273568765
3668,3.647497514086841,3017,Romeo and Juliet (1968),Drama|Romance,3.5985379238862514
47721,3.8541666666666665,576,"Red Balloon, The (Ballon rouge, Le) (1956)",Children|Fantasy,3.597969457655606
161922,3.685459940652819,1685,The Edge of Seventeen (2016),Comedy,3.597892861895708
30812,3.610307109802272,11885,"Aviator, The (2004)",Drama,3.5978922692308415
159717,3.759016393442623,915,The Fundamentals of Caring (2016),Drama,3.5977876154481563
4359,3.6833527357392315,1718,"Seven Year Itch, The (1955)",Comedy,3.5975214833596567
25954,3.985526315789474,380,Orpheus (Orphée) (1950),Drama|Fantasy|Romance,3.597495636222149
26084,3.750259067357513,965,"Music Man, The (1962)",Children|Comedy|Musical|Romance,3.5974668470385613
252710,4.118374558303887,283,Attack On Titan (2013),Action|Adventure|Animation|Fantasy|Sci-Fi,3.597414938184075
3108,3.615010799136069,8334,"Fisher King, The (1991)",Comedy|Drama|Fantasy|Romance,3.5973231664845344
71131,3.911513859275053,469,"Most Hated Family in America, The (2007)",Documentary,3.597248928291001
5294,3.6433938634940515,3194,Frailty (2001),Crime|Drama|Thriller,3.5972479612013446
63072,3.626631853785901,4979,"Road, The (2009)",Adventure|Drama|Thriller,3.5970399215019624
32898,3.734798877455566,1069,"Trip to the Moon, A (Voyage dans la lune, Le) (1902)",Action|Adventure|Fantasy|Sci-Fi,3.596983842188413
98154,3.634719014626636,3897,Lincoln (2012),Drama|War,3.5969186438698735
6780,3.848717948717949,585,"Brief History of Time, A (1991)",Documentary,3.596912106511703
137337,3.7596685082872927,905,Amy (2015),Documentary,3.5969018161193422
71579,3.661339754816112,2284,"Education, An (2009)",Drama|Romance,3.5968514373327447
176751,3.673146708138932,1929,American Made (2017),Crime|Thriller,3.5967973761973044
1959,3.6242537313432837,5360,Out of Africa (1985),Drama|Romance,3.5967774439943856
1639,3.6062544420753375,15477,Chasing Amy (1997),Comedy|Drama|Romance,3.596739455650876
4002,3.6136415919024616,8694,"Planes, Trains & Automobiles (1987)",Comedy,3.596704089905971
3338,3.963840399002494,401,For All Mankind (1989),Documentary,3.596653339929388
2117,3.633375,4000,1984 (Nineteen Eighty-Four) (1984),Drama|Sci-Fi,3.5965697017157643
5004,3.7340823970037453,1068,"Party, The (1968)",Comedy,3.5962981286507025
135143,3.614615865084322,8005,Fantastic Beasts and Where to Find Them (2016),Fantasy,3.5962351137789534
130970,4.024781341107872,343,George Carlin: Life Is Worth Losing (2005),Comedy,3.595987507383189
159195,3.8570159857904085,563,"I, Daniel Blake (2016)",Drama,3.59584309104583
2238,3.8344155844155843,616,Seven Beauties (Pasqualino Settebellezze) (1976),Comedy|Drama,3.5957509603654865
97866,3.7545945945945944,925,"Imposter, The (2012)",Documentary,3.5956768086038924
101864,3.6125219426565245,8545,Oblivion (2013),Action|Adventure|Sci-Fi|IMAX,3.5953291492534722
178613,4.02332361516035,343,Dave Chappelle: Killin' Them Softly (2000),Comedy,3.5951427700964844
90057,3.6781055019852524,1763,Take Shelter (2011),Drama,3.5948431858542222
116136,4.046153846153846,325,Olive Kitteridge (2014),Drama,3.5946419334729214
83803,3.7696897374701672,838,Day & Night (2010),Animation|Children,3.5945947240961535
5417,3.811111111111111,675,"Fast Runner, The (Atanarjuat) (2001)",Drama|Fantasy,3.5939658032472233
71464,3.633933442444081,3666,"Serious Man, A (2009)",Comedy|Drama,3.5939525928172134
60487,3.730410447761194,1072,"It's the Great Pumpkin, Charlie Brown (1966)",Animation|Children|Comedy,3.5937353362253837
36276,3.685382685069009,1594,Hidden (a.k.a. Cache) (Caché) (2005),Drama|Mystery|Thriller,3.593502092148304
5373,3.9347319347319347,429,"Cranes Are Flying, The (Letyat zhuravli) (1957)",Drama|Romance|War,3.593398739666779
8951,3.7460815047021945,957,Vera Drake (2004),Drama,3.593137909959457
96737,3.6191969887076536,5579,Dredd (2012),Action|Sci-Fi,3.5929691665299868
6323,3.61185667752443,7675,Identity (2003),Crime|Horror|Mystery|Thriller,3.5927971081942114
4356,3.678030303030303,1716,Gentlemen Prefer Blondes (1953),Comedy|Musical|Romance,3.5927858952720797
3020,3.610493140526511,8091,Falling Down (1993),Action|Drama,3.5924249697982122
27904,3.6177700348432054,5740,"Scanner Darkly, A (2006)",Animation|Drama|Mystery|Sci-Fi|Thriller,3.592306601482761
5062,3.806451612903226,682,Seconds (1966),Mystery|Sci-Fi|Thriller,3.5921849883125034
3129,3.6679748822605966,1911,Sweet and Lowdown (1999),Comedy|Drama,3.591585261178809
50742,3.994475138121547,362,7 Plus Seven (1970),Documentary,3.591365208086609
103606,3.789795918367347,735,Stuck in Love (2012),Comedy|Drama|Romance,3.591284689114859
132480,3.6730229949523276,1783,The Age of Adaline (2015),Drama|Fantasy|Romance,3.5912028178651063
5146,3.667189132706374,1914,Vampire Hunter D: Bloodlust (Banpaia hantâ D) (2000),Animation|Fantasy|Horror|Sci-Fi,3.590995887752605
86142,3.7217235188509874,1114,13 Assassins (Jûsan-nin no shikaku) (2010),Action,3.5908467280212113
2403,3.6072596099650545,8871,First Blood (Rambo: First Blood) (1982),Action|Adventure|Drama|Thriller,3.5908250096623986
1580,3.593756452079118,48434,Men in Black (a.k.a. MIB) (1997),Action|Comedy|Sci-Fi,3.5907467510279814
208469,3.8167701863354035,644,Just Mercy (2019),Drama,3.5905084618883523
848,3.660499759730899,2081,"Spitfire Grill, The (1996)",Drama,3.5904824265505426
26242,3.6897138964577656,1468,Duel (1971),Action|Mystery|Thriller,3.5904624646864174
1951,3.648621654015182,2503,Oliver! (1968),Drama|Musical,3.5904157148225258
69849,3.857142857142857,546,Roots (1977),Drama|War,3.5903447045164287
72998,3.59431270153811,35043,Avatar (2009),Action|Adventure|Sci-Fi|IMAX,3.5901570900297264
440,3.5972138855542215,19992,Dave (1993),Comedy|Romance,3.5899325131599933
56788,3.633204057279236,3352,Charlie Wilson's War (2007),Comedy|Drama|War,3.589787276964123
1393,3.5950718762902074,26643,Jerry Maguire (1996),Drama|Romance,3.5896111842458174
104841,3.59748427672956,18126,Gravity (2013),Action|Sci-Fi|IMAX,3.5894598068898396
8254,3.764139590854392,831,Arizona Dream (1993),Comedy|Drama|Fantasy|Romance,3.5891888189833407
97923,3.624093765103915,4138,Flight (2012),Drama,3.5889728522692814
69122,3.5949640595584462,23372,"Hangover, The (2009)",Comedy|Crime,3.5887483121142765
213397,3.6937816341287055,1383,Promising Young Woman (2020),Crime|Drama|Thriller,3.5887401223237387
7265,3.657508289909995,2111,"Dreamers, The (2003)",Drama,3.588696557320272
25788,3.7413249211356465,951,Scarface (1932),Crime|Drama,3.588603221618559
58425,4.0421875,320,Heima (2007),Documentary,3.5884426184217073
2011,3.5935330783397084,28236,Back to the Future Part II (1989),Adventure|Comedy|Sci-Fi,3.5883912180004183
7451,3.5984641512220334,13543,Mean Girls (2004),Comedy,3.5877554945743597
40414,3.804640718562874,668,Joyeux Noël (Merry Christmas) (2005),Drama|War,3.587594073094241
2108,3.6075826760758267,7227,L.A. Story (1991),Comedy|Romance,3.587523242100631
27266,3.6712962962962963,1728,2046 (2004),Drama|Fantasy|Romance|Sci-Fi,3.5874171711366833
2058,3.6009771986970684,10438,"Negotiator, The (1998)",Action|Crime|Drama|Mystery|Thriller,3.5870986914465472
8581,3.694795539033457,1345,Pirates of Silicon Valley (1999),Documentary|Drama,3.587091414530465
5893,3.7182971014492754,1104,"Last Seduction, The (1994)",Crime|Drama|Thriller,3.587083306689415
3418,3.5975520643039824,13685,Thelma & Louise (1991),Adventure|Crime|Drama,3.586968831814503
1941,3.747777777777778,900,Hamlet (1948),Drama,3.5868787584821216
7123,3.6571914480077745,2058,Naked Lunch (1991),Drama|Fantasy|Mystery|Sci-Fi,3.586832981759118
80549,3.6031165616561656,8888,Easy A (2010),Comedy|Romance,3.5868254009149827
26547,3.779255319148936,752,Police Story (Ging chaat goo si) (1985),Action|Comedy|Crime|Thriller,3.586736942371975
51935,3.6092849353481853,6419,Shooter (2007),Action|Drama|Thriller,3.5867312055699863
1827,3.721395348837209,1075,"Big One, The (1997)",Comedy|Documentary,3.5867248324043426
39183,3.600738552437223,10155,Brokeback Mountain (2005),Drama|Romance,3.5864882405271206
53129,3.637508871540099,2818,Mr. Brooks (2007),Crime|Drama|Thriller,3.5861831183345103
156605,3.712108013937282,1148,Paterson,(no genres listed),3.586130006170885
85438,3.7198515769944343,1078,Jane Eyre (2011),Drama|Romance,3.5857751191650538
51471,3.7914285714285714,700,Amazing Grace (2006),Drama|Romance,3.5851670414375696
76251,3.593993537350314,15783,Kick-Ass (2010),Action|Comedy,3.5848505171327236
2022,3.630065975494816,3183,"Last Temptation of Christ, The (1988)",Drama,3.584738776077423
180497,3.6563121272365806,2012,The Post (2017),Drama|Thriller,3.584618959538285
2083,3.6188212927756656,4208,"Muppet Christmas Carol, The (1992)",Children|Comedy|Musical,3.5845464348807714
44788,3.6969578783151325,1282,This Film Is Not Yet Rated (2006),Documentary,3.5844699233262194
5013,3.604526462395543,7180,Gosford Park (2001),Comedy|Drama|Mystery,3.5844425157991235
26111,3.889830508474576,472,Becket (1964),Drama,3.5843598357887494
5105,3.685224089635854,1428,Don't Look Now (1973),Drama|Horror|Thriller,3.5842715758960635
164949,3.849264705882353,544,The Salesman (2016),Drama,3.584266623306986
4349,3.67553865652725,1578,Catch-22 (1970),Comedy|War,3.584194540270463
8879,3.674498746867168,1596,Murder on the Orient Express (1974),Crime|Mystery|Thriller,3.584186137796146
49278,3.6050065492650267,6871,Déjà Vu (Deja Vu) (2006),Action|Sci-Fi|Thriller,3.584034186662749
25777,3.861969111969112,518,Monkey Business (1931),Comedy,3.583863614056734
6303,3.647843485993775,2249,"Andromeda Strain, The (1971)",Mystery|Sci-Fi,3.5837963912166657
166788,3.781292984869326,727,20th Century Women (2016),Drama,3.5833230921407004
34,3.586935972643109,35969,Babe (1995),Children|Drama,3.5829373046372126
26258,3.7724274406332454,758,"Topo, El (1970)",Fantasy|Western,3.582744071526576
493,3.618550213944123,3973,Menace II Society (1993),Action|Crime|Drama,3.58238352533696
2140,3.5980284775465496,9130,"Dark Crystal, The (1982)",Adventure|Fantasy,3.582292700169541
4021,3.7152777777777777,1080,Before Night Falls (2000),Drama,3.5822597679434938
200306,3.6573444851019343,1913,Booksmart (2019),Comedy,3.5822494128406075
89753,3.624741047647233,3379,Tinker Tailor Soldier Spy (2011),Drama|Film-Noir|Thriller,3.582228012244028
285593,3.7285714285714286,980,Guardians of the Galaxy Volume 3 (2023),Action|Adventure|Sci-Fi,3.5820367854342177
7160,3.6085337915234823,5238,Monster (2003),Crime|Drama,3.5811596722411765
40412,3.7790055248618786,724,Dead Man's Shoes (2004),Crime|Thriller,3.5810103871108128
3787,3.8546845124282982,523,Shower (Xizao) (1999),Comedy,3.580729376370138
5059,3.918632075471698,424,Little Dieter Needs to Fly (1997),Documentary,3.580717797027953
55253,3.7465277777777777,864,"Lust, Caution (Se, jie) (2007)",Drama|Romance|Thriller|War,3.580703572306685
3002,3.8509433962264152,530,My Best Fiend (Mein liebster Feind) (1999),Documentary,3.580645789729246
2993,3.60747310813361,5299,Thunderball (1965),Action|Adventure|Thriller,3.5804475577461936
38095,3.7951807228915664,664,"Bittersweet Life, A (Dalkomhan insaeng) (2005)",Action|Crime|Drama,3.57976230213617
3262,3.6200056274620147,3554,Twin Peaks: Fire Walk with Me (1992),Crime|Drama|Mystery|Thriller,3.5797588697099867
166534,3.6046226580283665,5711,Split (2017),Drama|Horror|Thriller,3.5795843899428026
2872,3.600733972438586,6676,Excalibur (1981),Adventure|Fantasy,3.5793246119973006
2607,3.793984962406015,665,Get Real (1998),Drama|Romance,3.5791279194880286
64957,3.5886177235447088,14997,"Curious Case of Benjamin Button, The (2008)",Drama|Fantasy|Mystery|Romance,3.579091100270899
3267,3.608854929872305,4777,"Mariachi, El (1992)",Action|Crime|Thriller|Western,3.578954019304027
68522,3.8621031746031744,504,Earth (2007),Documentary,3.5787820502325793
31952,3.7990726429675425,647,Control (Kontroll) (2003),Comedy|Crime|Drama|Mystery,3.5784853282956908
1936,3.7512165450121655,822,Mrs. Miniver (1942),Drama|War,3.57779905277814
632,3.9139150943396226,424,Land and Freedom (Tierra y libertad) (1995),Drama|War,3.5777455871899386
602,4.004491017964072,334,"Great Day in Harlem, A (1994)",Documentary,3.5777406169499217
3186,3.600747481312967,6154,"Girl, Interrupted (1999)",Drama,3.5775921856690105
41571,3.6198102016607354,3372,Memoirs of a Geisha (2005),Drama|Romance,3.577553924609934
6188,3.5921832884097036,9275,Old School (2003),Comedy,3.576839845611578
3831,3.6609263657957243,1684,Saving Grace (2000),Comedy,3.5764731779295924
5515,3.823478260869565,575,Songs From the Second Floor (Sånger från andra våningen) (2000),Drama,3.576241055492304
25940,3.7792857142857144,700,"Lady from Shanghai, The (1947)",Drama|Film-Noir|Mystery,3.57620930089589
2890,3.5864868836799175,13609,Three Kings (1999),Action|Adventure|Comedy|Drama|War,3.576044350559616
3163,3.663265306122449,1617,Topsy-Turvy (1999),Comedy|Drama|Musical,3.5754676057774315
27879,3.8853711790393013,458,DiG! (2004),Documentary,3.5754208595559622
50641,3.7828947368421053,684,House (Hausu) (1977),Comedy|Fantasy|Horror,3.57537250039673
5110,3.6013203741059967,5453,Super Troopers (2001),Comedy|Crime|Mystery,3.575293324263861
6122,3.808896210873147,607,Richard Pryor Live on the Sunset Strip (1982),Comedy|Documentary,3.5751431307630677
90531,3.638876404494382,2225,Shame (2011),Drama,3.5751101522374027
3456,3.8882743362831858,452,"Color of Paradise, The (Rang-e khoda) (1999)",Drama,3.5746397569126973
3679,3.8620689655172415,493,"Decline of Western Civilization, The (1981)",Documentary|Musical,3.574558573419746
3494,3.640428504890545,2147,True Grit (1969),Adventure|Drama|Western,3.5744250618223252
71106,3.722338204592902,958,Frequently Asked Questions About Time Travel (2009),Comedy|Sci-Fi,3.574417934891134
68269,3.7324022346368717,895,"Young Victoria, The (2009)",Drama|Romance,3.574145472174237
279812,3.6609442060085837,1631,The Menu (2022),Comedy|Horror,3.5741076682909245
106489,3.5856673511293633,12175,"Hobbit: The Desolation of Smaug, The (2013)",Adventure|Fantasy|IMAX,3.574035931198747
3408,3.5805035805035805,21645,Erin Brockovich (2000),Drama,3.5739619257245216
1730,3.648002103049422,1902,Kundun (1997),Drama,3.5736040753266587
25769,3.8465250965250966,518,"Steamboat Bill, Jr. (1928)",Comedy|Romance,3.573432006285186
165969,4.041390728476821,302,HyperNormalisation (2016),Documentary,3.5731802607008705
4788,3.840264650283554,529,Moscow Does Not Believe in Tears (Moskva slezam ne verit) (1979),Drama|Romance,3.573036387222149
81562,3.5885188431200703,9128,127 Hours (2010),Adventure|Drama|Thriller,3.573032132753907
106889,3.967877094972067,358,Tim's Vermeer (2013),Documentary,3.573018628472746
8724,3.875,468,"Leopard, The (Gattopardo, Il) (1963)",Drama|War,3.572973923308843
2232,3.5882703993055554,9216,Cube (1997),Horror|Mystery|Sci-Fi|Thriller,3.5729342101469754
3330,3.7506297229219143,794,Splendor in the Grass (1961),Drama|Romance,3.5726963329371073
50912,3.6560283687943262,1692,"Paris, I Love You (Paris, je t'aime) (2006)",Romance,3.5725513965789633
152017,3.6466106148187074,1903,Me Before You (2016),Drama|Romance,3.5724081070775178
2968,3.5876026805015133,9252,Time Bandits (1981),Adventure|Comedy|Fantasy|Sci-Fi,3.5723420944984277
231701,4.127952755905512,254,Kill Bill: The Whole Bloody Affair (2011),Action|Crime,3.5722111863593353
215353,3.7181347150259065,965,Minari (2020),Drama,3.5719293233545675
1885,3.6038636363636365,4400,"Opposite of Sex, The (1998)",Comedy|Drama|Romance,3.5718051594183806
3011,3.689640768588137,1197,"They Shoot Horses, Don't They? (1969)",Drama,3.5717995750882556
4085,3.5820329590199798,13714,Beverly Hills Cop (1984),Action|Comedy|Crime|Drama,3.5717483478088443
74228,3.644901144640999,1922,Triangle (2009),Drama|Horror|Mystery|Thriller,3.5715440626560917
1860,3.8352059925093633,534,Character (Karakter) (1997),Drama,3.571292637144092
101895,3.708904109589041,1022,42 (2013),Drama,3.5710638174680223
6542,3.8396946564885495,524,"Cuckoo, The (Kukushka) (2002)",Comedy|Drama|War,3.570921213119562
5570,3.729683972911964,886,Thesis (Tesis) (1996),Drama|Horror|Thriller,3.570768354586404
31116,3.8615702479338845,484,Sergeant York (1941),Drama|War,3.5706986022924134
34437,3.6004658056320133,4723,Broken Flowers (2005),Comedy|Drama,3.5706601109475473
118700,3.6793478260869565,1288,Selma (2014),Drama,3.570150956874299
7027,3.661985630306989,1531,Silverado (1985),Action|Western,3.5701247292657508
1672,3.6017140279657194,4434,"Rainmaker, The (1997)",Drama,3.5700025637148154
3008,3.749044585987261,785,Last Night (1998),Drama|Sci-Fi,3.569943907167143
2912,3.608744082428293,3591,"Limey, The (1999)",Crime|Drama|Thriller,3.569615095606685
55555,3.852112676056338,497,"Edge of Heaven, The (Auf der anderen Seite) (2007)",Drama,3.5694664239443754
2442,3.6717948717948716,1365,Hilary and Jackie (1998),Drama,3.5689726783692355
2080,3.580209171359614,12430,Lady and the Tramp (1955),Animation|Children|Comedy|Romance,3.5689188340960265
48043,3.592510638297872,5875,"Fountain, The (2006)",Drama|Fantasy|Romance,3.568635184379253
594,3.575363446297467,20567,Snow White and the Seven Dwarfs (1937),Animation|Children|Drama|Fantasy|Musical,3.5685444782891977
1965,3.5894728960766695,6678,Repo Man (1984),Comedy|Sci-Fi,3.568474354418298
121,3.734042553191489,846,"Boys of St. Vincent, The (1992)",Drama,3.5683304462691656
5379,3.704567541302235,1029,"Believer, The (2001)",Drama,3.568326947038195
4381,3.740467404674047,813,"Closet, The (Placard, Le) (2001)",Comedy,3.5680996380262826
1982,3.5830747833529473,9347,Halloween (1978),Horror,3.5680827234152197
5021,3.682448979591837,1225,Murder by Death (1976),Comedy|Crime|Mystery|Thriller,3.5680609306059505
118930,3.9269230769230767,390,Bill Burr: I'm Sorry You Feel That Way (2014),Comedy,3.567796221036327
27423,4.093984962406015,266,"O Auto da Compadecida (Dog's Will, A) (2000)",Adventure|Comedy,3.5676150818025043
6981,3.944743935309973,371,"Ordet (Word, The) (1955)",Drama,3.567454437199725
2353,3.574564288063137,18246,Enemy of the State (1998),Action|Thriller,3.566900334990733
80969,3.634559535333979,2066,Never Let Me Go (2010),Drama|Romance|Sci-Fi,3.5668776213314226
7115,3.7363636363636363,825,Deep Red (Profondo rosso) (1975),Horror|Mystery|Thriller,3.5668730846634786
4378,3.609049773755656,3315,Sexy Beast (2000),Crime|Drama,3.566869161766635
253690,3.7728613569321534,678,The Worst Person in the World (2021),Comedy|Drama,3.566690048139076
7983,3.718954248366013,918,Broadway Danny Rose (1984),Comedy,3.566685239197968
4795,3.7700145560407567,687,Father Goose (1964),Adventure|Comedy|Romance|War,3.5665829742708723
7932,3.81305114638448,567,Dark Days (2000),Documentary,3.5665706650571263
2278,3.5785212474297463,11672,Ronin (1998),Action|Crime|Thriller,3.566548247667551
230,3.5850159404888418,7528,Dolores Claiborne (1995),Drama|Thriller,3.5664551435173535
193449,3.7172264355362947,923,Mid90s (2018),Comedy|Drama,3.5659740640157946
1321,3.581603879990977,8866,"American Werewolf in London, An (1981)",Comedy|Horror|Thriller,3.5658608438512887
110882,3.640784524449221,1861,Locke (2013),Drama,3.5657922203043317
90947,4.003134796238244,319,"Oslo, August 31st (Oslo, 31. august) (2011)",Drama,3.5657070005636724
2301,3.5936742118027487,4948,History of the World: Part I (1981),Comedy|Musical,3.5654842320652906
1788,3.7726597325408617,673,Men with Guns (1997),Action|Drama,3.565424672545948
6668,3.8966745843230406,421,"Road Home, The (Wo de fu qin mu qin) (1999)",Drama|Romance,3.5654052927602775
2321,3.574430823117338,15417,Pleasantville (1998),Comedy|Drama|Fantasy,3.5653850085612766
2922,3.6396588486140726,1876,Hang 'Em High (1968),Crime|Drama|Western,3.5653277827757117
26151,3.828922495274102,529,Au Hasard Balthazar (1966),Crime|Drama,3.5653233135622955
25805,3.8632478632478633,468,"Atalante, L' (1934)",Comedy|Drama|Romance,3.5653020025388615
60950,3.596196619217082,4496,Vicky Cristina Barcelona (2008),Comedy|Drama|Romance,3.5651889408881345
92420,3.6015115976022933,3837,Chronicle (2012),Action|Sci-Fi|Thriller,3.565179031699285
278702,3.6307005171603195,2127,Glass Onion: A Knives Out Mystery (2022),Comedy|Crime|Mystery,3.5651605730965565
147,3.5936087135224004,4866,"Basketball Diaries, The (1995)",Drama,3.564969990736888
4467,3.6004601226993866,3912,"Adventures of Baron Munchausen, The (1988)",Adventure|Comedy|Fantasy,3.564845347309503
2693,3.638241525423729,1888,Trekkies (1997),Documentary,3.564492959717399
6333,3.569975688816856,24680,X2: X-Men United (2003),Action|Adventure|Sci-Fi|Thriller,3.5643355705875557
182715,3.5913968006242682,5126,Annihilation (2018),Adventure|Mystery|Sci-Fi|Thriller,3.5642458474799734
49910,3.6903898458748867,1103,Freedom Writers (2007),Drama,3.5642170320438713
7360,3.583865021976464,7053,Dawn of the Dead (2004),Action|Drama|Horror|Thriller,3.5641360475520223
1484,3.69392523364486,1070,"Daytrippers, The (1996)",Comedy|Drama|Mystery|Romance,3.563928277822511
6579,3.8546025104602513,478,"One, Two, Three (1961)",Comedy,3.563715787068524
1187,3.678512396694215,1210,Passion Fish (1992),Drama,3.5636198544246414
6565,3.5860445912469032,6055,Seabiscuit (2003),Drama,3.5631061732610143
7209,3.7510148849797025,739,"M. Hulot’s Holiday (Mr. Hulot's Holiday) (Vacances de Monsieur Hulot, Les) (1953)",Comedy,3.563078252475058
6721,3.6952380952380954,1050,Once Upon a Time in China (Wong Fei Hung) (1991),Action|Adventure|Drama,3.562987917176157
2662,3.5897832817337463,5168,"War of the Worlds, The (1953)",Action|Drama|Sci-Fi,3.5629169830752105
197175,3.614880059970015,2668,Alita: Battle Angel (2019),Action|Romance|Sci-Fi|Thriller,3.5628458314032394
6932,3.654635761589404,1510,Shattered Glass (2003),Crime|Drama,3.562718179328052
47423,3.6481481481481484,1620,Half Nelson (2006),Drama,3.562504684905618
193942,3.7311435523114356,822,Instant Family (2018),Comedy,3.5623914516949386
107141,3.6217316759537077,2333,Saving Mr. Banks (2013),Comedy|Drama,3.5622855283396375
4128,3.581673592205187,6979,"Lost Boys, The (1987)",Comedy|Horror|Thriller,3.5618180945530664
2285,3.7283653846153846,832,If.... (1968),Drama,3.56181423408281
5632,3.756320224719101,712,Bloody Sunday (2002),Drama,3.561728593631085
84844,3.8556263269639066,471,Brother 2 (Brat 2) (2000),Crime|Drama,3.5615571685235583
5500,3.6046728971962616,3210,Top Secret! (1984),Comedy,3.561526787597245
4835,3.6656626506024095,1328,Coal Miner's Daughter (1980),Drama,3.5613957800875826
120478,3.9832317073170733,328,The Salt of the Earth (2014),Documentary,3.5612151250131907
8167,3.8080357142857144,560,Captain Blood (1935),Action|Adventure|Romance,3.5609655156633817
5341,3.748641304347826,736,Lenny (1974),Drama,3.5607320597219103
149,3.682905225863596,1129,Amateur (1994),Crime|Drama|Thriller,3.5604652047464325
613,3.615878107457899,2494,Jane Eyre (1996),Drama|Romance,3.5604524428962447
103980,3.6142300194931773,2565,Blue Jasmine (2013),Drama,3.5603486284587618
6879,3.594256259204713,4074,Runaway Jury (2003),Drama|Thriller,3.560333342344285
5820,3.840080971659919,494,Standing in the Shadows of Motown (2002),Documentary|Musical,3.560324411926383
1645,3.5685787773657136,16718,The Devil's Advocate (1997),Drama|Mystery|Thriller,3.5603124321838466
59995,3.7567567567567566,703,Boy A (2007),Crime|Drama,3.560211162538197
84952,3.8097826086956523,552,Confessions (Kokuhaku) (2010),Drama|Horror,3.559701592733312
21,3.5650851826493213,24829,Get Shorty (1995),Comedy|Crime|Thriller,3.5595271137383957
58998,3.5737704918032787,9638,Forgetting Sarah Marshall (2008),Comedy|Romance,3.559453924447512
5673,3.5760764392839866,8268,Punch-Drunk Love (2002),Comedy|Drama|Romance,3.559389567286232
6242,3.598169014084507,3550,Ringu (Ring) (1998),Horror|Mystery|Thriller,3.5593105913870096
7584,3.850951374207188,473,Woman of the Year (1942),Comedy|Romance,3.559308776312661
6893,3.6130043086564827,2553,"Italian Job, The (1969)",Action|Comedy|Crime,3.5590010370177776
120138,3.763744427934621,673,PK (2014),Comedy|Drama|Fantasy|Mystery|Romance,3.558916374465896
53883,4.06,275,"Power of Nightmares, The: The Rise of the Politics of Fear (2004)",Documentary,3.5588184875359987
26,3.6079586009992863,2802,Othello (1995),Drama,3.5587744618375265
113829,3.7004110996916753,973,"One I Love, The (2014)",Comedy|Drama|Romance,3.5587732266307466
114635,4.086206896551724,261,"Look of Silence, The (2014)",Documentary,3.558472260482663
58295,3.5968285152960986,3563,"Bank Job, The (2008)",Action|Crime|Thriller,3.558190142873661
7311,3.8095238095238093,546,"Goodbye, Mr. Chips (1939)",Drama|Romance,3.557636187721864
80693,3.621008792225821,2161,It's Kind of a Funny Story (2010),Comedy|Drama,3.5573945000290923
283873,3.7166085946573753,861,John Wick: Chapter 4 (2023),Action|Crime|Thriller,3.5570456848545904
56587,3.581245589273112,5668,"Bucket List, The (2007)",Comedy|Drama,3.5570087386334244
67087,3.5827371987951806,5312,"I Love You, Man (2009)",Comedy,3.556881980546334
136447,4.054347826086956,276,George Carlin: You Are All Diseased (1999),Comedy,3.5568013061918644
96655,3.661944869831547,1306,Robot & Frank (2012),Comedy|Drama|Sci-Fi,3.5567978684289083
106452,3.7462068965517243,725,Ida (2013),Drama,3.556797418236071
224264,3.6861451460885957,1061,Connected (2020),Adventure|Animation|Children|Comedy|Sci-Fi,3.556733342713268
6612,3.881516587677725,422,Brother's Keeper (1992),Documentary,3.556364593262945
7018,3.6520223152022315,1434,Presumed Innocent (1990),Crime|Drama|Thriller,3.556340249343461
3992,3.6542591267000715,1397,Malèna (2000),Drama|Romance|War,3.5560878580837896
4809,3.664167324388319,1267,Silkwood (1983),Drama,3.5559502642787186
3952,3.6075329566854992,2655,"Contender, The (2000)",Drama|Thriller,3.5558955217535417
52579,3.6755458515283843,1145,"Vie en Rose, La (Môme, La) (2007)",Drama|Musical,3.5558253860535975
8264,3.8147448015122873,529,Grey Gardens (1975),Documentary,3.5556819714874788
58047,3.599421779633794,3113,"Definitely, Maybe (2008)",Comedy|Drama|Romance,3.5554195560903388
81229,3.5738916256157633,7308,Red (2010),Action|Comedy,3.5551568772406816
8157,3.708988764044944,890,Jin Roh: The Wolf Brigade (Jin-Rô) (1998),Animation|Fantasy|Thriller,3.555154100992282
4419,3.8621076233183858,446,All That Heaven Allows (1955),Drama|Romance,3.5551374379336735
61323,3.567421889274621,10946,Burn After Reading (2008),Comedy|Crime|Drama,3.5549192047825446
2114,3.590527420624508,3811,"Outsiders, The (1983)",Drama,3.554635583541493
180,3.5687152563310685,9714,Mallrats (1995),Comedy|Romance,3.5546341934195977
7386,3.614012184508268,2298,"Ten Commandments, The (1956)",Adventure|Drama,3.554503516282583
4407,3.710376282782212,877,Salvador (1986),Drama|Thriller|War,3.5544586602896437
217465,3.585641735918744,4332,Tenet (2020),Action|Thriller,3.5540974493265756
90430,3.6327764976958523,1736,Carnage (2011),Comedy|Drama,3.5540656988362684
3397,3.6066204772902233,2598,"Great Muppet Caper, The (1981)",Children|Comedy,3.5540289457375076
5022,3.9442857142857144,350,"Servant, The (1963)",Drama,3.553957264351494
2550,3.626326963906582,1884,"Haunting, The (1963)",Horror|Thriller,3.5538304681982793
27317,3.61657433056325,2166,Audition (Ôdishon) (1999),Drama|Horror|Mystery|Romance|Thriller,3.5535488035198597
8910,3.581829495955196,4821,I Heart Huckabees (2004),Comedy,3.5535148633346045
4644,3.7642967542503865,647,Bread and Tulips (Pane e tulipani) (2000),Comedy|Drama|Romance,3.553370918205279
1082,3.624738493723849,1912,"Candidate, The (1972)",Drama,3.553364341533671
6214,3.609665427509294,2421,Irreversible (Irréversible) (2002),Crime|Drama|Mystery|Thriller,3.5533034966178922
2967,3.6957202505219207,958,"Bad Seed, The (1956)",Drama|Thriller,3.553289423829737
1350,3.573304960375697,6814,"Omen, The (1976)",Horror|Mystery|Thriller,3.553280522960839
7096,3.9767080745341614,322,Rivers and Tides (2001),Documentary,3.55310037768455
2355,3.5581051765409932,26736,"Bug's Life, A (1998)",Adventure|Animation|Children|Comedy,3.5530042729682196
2596,3.628099173553719,1815,SLC Punk! (1998),Comedy|Drama,3.5529652626678185
6618,3.5907825118351435,3591,Shaolin Soccer (Siu lam juk kau) (2001),Action|Comedy,3.552817783176674
1085,3.656369183829138,1311,"Old Man and the Sea, The (1958)",Adventure|Drama,3.552448878530745
5956,3.5620846576134064,13844,Gangs of New York (2002),Crime|Drama,3.5522472312739115
4292,3.6608140462889067,1253,Norma Rae (1979),Drama,3.5521439547374056
3203,3.591052029731275,3498,Dead Calm (1989),Thriller,3.5521270932290987
1392,3.62887760857304,1773,Citizen Ruth (1996),Comedy|Drama,3.552087148533612
3510,3.5664271927943383,9326,Frequency (2000),Drama|Thriller,3.551835006696687
95873,3.6447098976109213,1465,Ruby Sparks (2012),Comedy|Fantasy|Romance,3.5518204128712934
2857,3.580389638193106,4671,Yellow Submarine (1968),Adventure|Animation|Comedy|Fantasy|Musical,3.5512845800971786
1940,3.729357798165138,763,Gentleman's Agreement (1947),Drama,3.5512056582865004
5839,3.8959390862944163,394,My Father's Glory (La gloire de mon père) (1990),Adventure|Drama,3.5510421614871825
7569,3.5919073405535498,3324,You Only Live Twice (1967),Action|Adventure|Sci-Fi|Thriller,3.55102717837614
8981,3.5750892857142857,5600,Closer (2004),Drama|Romance,3.5508326361572444
183611,3.5902737332556787,3434,Game Night (2018),Action|Comedy|Crime|Horror,3.5507249736946727
6093,3.6452064380685796,1429,"Last Unicorn, The (1982)",Animation|Children|Fantasy,3.5502503162406045
112334,3.8629032258064515,434,"Internet's Own Boy: The Story of Aaron Swartz, The (2014)",Documentary,3.5502489465809193
277066,3.70926143024619,853,Triangle of Sadness (2022),Comedy|Drama,3.550199660241501
3526,3.575207373271889,5425,Parenthood (1989),Comedy|Drama,3.5501973960803164
64285,3.685258964143426,1004,Wallace and Gromit in 'A Matter of Loaf and Death' (2008),Animation|Comedy,3.5501356896959932
26366,4.03584229390681,279,Harlan County U.S.A. (1976),Documentary,3.549848466793161
5404,3.7914438502673797,561,84 Charing Cross Road (1987),Drama|Romance,3.549777757278812
55167,3.7787162162162162,592,Tekkonkinkreet (Tekkon kinkurîto) (2006),Action|Adventure|Animation|Crime|Fantasy,3.5497264902129975
5137,3.8563348416289593,442,Scratch (2001),Documentary,3.5496671090173826
87304,3.661037891268534,1214,Beginners (2010),Drama,3.549432637651316
206246,3.6241703539823007,1808,The Platform (2019),Drama|Horror|Sci-Fi,3.549256164918134
53894,3.592432950191571,3132,Sicko (2007),Documentary|Drama,3.549192524363368
2943,3.6721162579473208,1101,Indochine (1992),Drama|Romance,3.5491258653382545
108729,3.592312640720489,3109,Enemy (2013),Mystery|Thriller,3.5487849565562137
73023,3.6315789473684212,1634,Crazy Heart (2009),Drama|Romance,3.548762550119555
935,3.7414529914529915,702,"Band Wagon, The (1953)",Comedy|Musical,3.5487064945000633
2572,3.5565299834083905,16876,10 Things I Hate About You (1999),Comedy|Romance,3.5485150281531634
8670,3.889168765743073,397,"Testament of Dr. Mabuse, The (Das Testament des Dr. Mabuse) (1933)",Crime|Horror|Mystery|Thriller,3.548482745967038
6533,3.711191335740072,831,"What's Up, Doc? (1972)",Comedy,3.548444305602472
760,3.675803402646503,1058,Stalingrad (1993),Drama|War,3.5480641255031835
3581,3.679649464459591,1027,Human Traffic (1999),Comedy,3.548056278407485
6772,3.847777777777778,450,To Be and to Have (Être et avoir) (2002),Documentary,3.547667771669924
8754,3.8699284009546537,419,"Prime of Miss Jean Brodie, The (1969)",Drama,3.5476343848182506
81158,3.745601173020528,682,Restrepo (2010),Documentary|War,3.5476044748309263
25923,3.7772108843537415,588,Great Expectations (1946),Drama,3.5475743883619426
7979,3.9454277286135695,339,Monterey Pop (1968),Documentary|Musical,3.5473124776664564
5630,3.5621462656752856,9011,Red Dragon (2002),Crime|Mystery|Thriller,3.547172756252239
5604,3.800187617260788,533,"Man in the White Suit, The (1951)",Comedy|Sci-Fi,3.547084033278053
483,3.76537216828479,618,King of the Hill (1993),Drama,3.5470815614489677
1693,3.5726926736441484,5255,Amistad (1997),Drama|Mystery,3.5470239295081867
192379,3.628640776699029,1648,First Man (2018),Drama,3.546821132173604
2087,3.5615061837455833,9056,Peter Pan (1953),Animation|Children|Fantasy|Musical,3.546622210407431
2987,3.551884012416015,25451,Who Framed Roger Rabbit? (1988),Adventure|Animation|Children|Comedy|Crime|Fantasy|Mystery,3.546588313791887
95558,3.6446793002915454,1372,Beasts of the Southern Wild (2012),Drama|Fantasy,3.546464930359744
1120,3.5601729399796542,9830,"People vs. Larry Flynt, The (1996)",Comedy|Drama,3.546464892559715
3358,3.602324616023246,2409,Defending Your Life (1991),Comedy|Drama|Fantasy|Romance,3.546395652816174
279,3.6923076923076925,923,My Family (1995),Drama,3.5463478160424184
184997,3.6684881602914388,1098,"Love, Simon (2018)",Comedy|Drama,3.5458942799169275
5380,3.6054512957998215,2238,"Importance of Being Earnest, The (2002)",Comedy|Drama|Romance,3.5453637080783746
6269,3.9018567639257293,377,Stevie (2002),Documentary,3.545238865026537
6770,3.723474801061008,754,My Life Without Me (2003),Drama|Romance,3.545183972101017
51277,3.8448660714285716,448,"36th Chamber of Shaolin, The (Shao Lin san shi liu fang) (Master Killer) (1978)",Action|Adventure,3.5449347189268328
841,3.698967889908257,872,"Eyes Without a Face (Yeux sans visage, Les) (1959)",Horror,3.544888041413248
5198,3.7660626029654036,607,"Long Good Friday, The (1980)",Drama|Thriller,3.544765750227959
186983,3.737106017191977,698,Three Identical Strangers (2018),Documentary,3.5446879349668494
45210,3.6009696458684655,2372,United 93 (2006),Crime|Drama,3.5443797953451526
114342,3.7387518142235123,689,Force Majeure (Turist) (2014),Drama,3.544050544429161
2096,3.5600143317807236,8373,Sleeping Beauty (1959),Animation|Children|Musical,3.543994363843249
97752,3.56050836949783,8065,Cloud Atlas (2012),Drama|Sci-Fi|IMAX,3.543880129135557
5444,3.557960304054054,9472,Lilo & Stitch (2002),Adventure|Animation|Children|Sci-Fi,3.543804072217604
8327,3.810756972111554,502,Dolls (2002),Drama|Romance,3.5437008997471167
26052,3.7916666666666665,540,Pickpocket (1959),Crime|Drama,3.543497281810254
173145,3.5898016011138183,2873,War for the Planet of the Apes (2017),Action|Adventure|Drama|Sci-Fi,3.543183639969284
8011,3.820539419087137,482,"Weather Underground, The (2002)",Documentary,3.542844446052962
51662,3.5482221237868963,24833,300 (2007),Action|Fantasy|War|IMAX,3.542832281670053
6971,3.779255319148936,564,Europa (Zentropa) (1991),Drama|Thriller,3.5422130712512114
4184,3.7220726783310902,743,"Bishop's Wife, The (1947)",Comedy|Drama|Romance,3.542156473051829
26184,3.9302325581395348,344,"Diamond Arm, The (Brilliantovaya ruka) (1968)",Action|Adventure|Comedy|Crime|Thriller,3.541853610423528
70599,3.593568384347152,2581,"Time Traveler's Wife, The (2009)",Drama|Romance|Sci-Fi,3.5418088998268877
74416,3.684294871794872,936,Fish Tank (2009),Drama,3.541619550696354
7698,3.6482813749000798,1251,"China Syndrome, The (1979)",Drama|Thriller,3.541546106820528
5644,3.7986512524084777,519,"Pride of the Yankees, The (1942)",Drama,3.5414311832531706
201588,3.589043540328337,2802,Toy Story 4 (2019),Adventure|Animation|Children|Comedy,3.5414025387984234
8998,3.873134328358209,402,That's Entertainment (1974),Documentary,3.5411968130590106
5152,3.5692307692307694,4745,We Were Soldiers (2002),Action|Drama|War,3.5411131591782197
6183,3.6877753303964758,908,Pillow Talk (1959),Comedy|Musical|Romance,3.540898094580439
81564,3.557158576843135,8179,Megamind (2010),Action|Animation|Children|Comedy|Sci-Fi|IMAX,3.5408541873562935
4612,3.7611570247933885,605,Jesus of Montreal (Jésus de Montréal) (1989),Drama,3.5407717597143806
68194,3.7399103139013454,669,"Damned United, The (2009)",Drama,3.5406525826561825
6448,3.7220708446866486,734,"Flight of the Phoenix, The (1965)",Action|Adventure|Drama,3.54050768706899
112623,3.55908203125,7168,Dawn of the Planet of the Apes (2014),Sci-Fi,3.5404906370073896
44204,3.7090216010165182,787,Tsotsi (2005),Crime|Drama,3.5398831987837722
45950,3.572528564331843,4026,"Inconvenient Truth, An (2006)",Documentary,3.5394898139418727
6062,3.653516295025729,1166,Lost in La Mancha (2002),Documentary,3.5394480214998305
179173,4.056420233463035,257,Rabbit of Seville (1950),Animation|Comedy,3.539167830836351
1025,3.5584919472913614,6830,"Sword in the Stone, The (1963)",Animation|Children|Fantasy|Musical,3.539033607710253
5367,3.7052565707133915,799,My Beautiful Laundrette (1985),Drama|Romance,3.538949332589092
7238,3.877551020408163,392,Ashes and Diamonds (Popiól i diament) (1958),Drama|War,3.5387189976909186
6003,3.5752200220022003,3636,Confessions of a Dangerous Mind (2002),Comedy|Crime|Drama|Thriller,3.538692117073827
4304,3.6605335786568536,1087,Startup.com (2001),Documentary,3.5384123105173364
31435,3.8333333333333335,450,Rory O'Shea Was Here (Inside I'm Dancing) (2004),Drama,3.5383674425813565
4210,3.593684650773735,2391,Manhunter (1986),Action|Crime|Drama|Horror|Thriller,3.538188948679916
257037,3.7870544090056284,533,Drive My Car (2021),Drama,3.538131481800882
2583,3.6055442522889116,1966,Cookie's Fortune (1999),Comedy|Drama,3.5380671839
120625,3.915954415954416,351,The Fool (2014),Drama,3.5380313479248366
96966,4.023809523809524,273,Laurence Anyways (2012),Drama|Romance,3.537967054263479
87660,3.887862796833773,379,Too Big to Fail (2011),Drama,3.5379280229656147
26064,3.899182561307902,367,"Bad Sleep Well, The (Warui yatsu hodo yoku nemuru) (1960)",Drama|Thriller,3.5378551804190774
44974,3.576112073945696,3462,Hard Candy (2005),Drama|Thriller,3.5378115836104747
7062,3.732695139911635,679,Birdman of Alcatraz (1962),Drama,3.5375202129756547
1022,3.5493051843933725,11226,Cinderella (1950),Animation|Children|Fantasy|Musical|Romance,3.53750054515683
7728,3.7131474103585655,753,"Postman Always Rings Twice, The (1946)",Crime|Drama|Film-Noir|Thriller,3.537244241561144
1929,3.695808383233533,835,Grand Hotel (1932),Drama|Romance,3.5371943958115226
209173,3.685746352413019,891,A Beautiful Day in the Neighborhood (2019),Drama,3.537121682270471
76111,3.811850311850312,481,About Elly (Darbareye Elly) (2009),Drama|Mystery,3.5367379170024793
62374,3.584265608083724,2771,Body of Lies (2008),Action|Drama|Thriller,3.53652935713769
1859,3.73963133640553,651,Taste of Cherry (Ta'm e guilass) (1997),Drama,3.5364651690411266
72386,3.7570951585976626,599,Broken Embraces (Los abrazos rotos) (2009),Drama|Romance|Thriller,3.536342735723682
8366,3.5811776718856363,2938,Saved! (2004),Comedy|Drama,3.536184067783774
27869,3.755389718076285,603,Tae Guk Gi: The Brotherhood of War (Taegukgi hwinalrimyeo) (2004),Action|Drama|War,3.5361720925227256
6378,3.5438003409959435,17009,"Italian Job, The (2003)",Action|Crime,3.5360307456654696
3181,3.625764785859959,1471,Titus (1999),Drama,3.5359410463515957
412,3.5632148055728843,4809,"Age of Innocence, The (1993)",Drama,3.535749027386882
176801,3.6581632653061225,1078,Suspiria (2017),Horror|Thriller,3.53565830553931
6617,3.612799532437171,1711,Open Range (2003),Western,3.5356217182611913
901,3.607650273224044,1830,Funny Face (1957),Comedy|Musical,3.535506761085242
3479,3.5679970436067996,4059,Ladyhawke (1985),Adventure|Fantasy|Romance,3.535473201703872
3621,3.7264833574529668,691,Possession (1981),Drama|Horror,3.535445266113533
8131,3.7157534246575343,730,Pursuit of Happiness (2001),Comedy|Romance,3.5350546589233938
1343,3.5475963826749166,10505,Cape Fear (1991),Thriller,3.5350398465319657
6101,3.763431542461005,577,Missing (1982),Drama|Mystery|Thriller,3.5348892185738103
4710,3.697530864197531,810,"Shootist, The (1976)",Drama|Western,3.534767216564463
50011,3.8256070640176603,453,"Bothersome Man, The (Brysomme mannen, Den) (2006)",Comedy|Drama|Fantasy|Mystery,3.5346416948569734
2137,3.5552674230145866,6170,Charlotte's Web (1973),Animation|Children,3.533933385100268
134170,3.618709677419355,1550,Kung Fury (2015),Action|Comedy|Fantasy|Sci-Fi,3.533806773928573
233993,3.70712401055409,758,Judas and the Black Messiah (2021),Drama,3.533583280981339
133645,3.6154086088583903,1603,Carol (2015),Drama|Romance,3.5333792351747446
2184,3.6130988477865373,1649,"Trouble with Harry, The (1955)",Comedy|Mystery,3.5333605593656725
175813,3.836027713625866,433,Force Majeure (2014),Comedy|Drama,3.5327247479397417
26122,3.81505376344086,465,Onibaba (1964),Drama|Horror|War,3.5326586435356635
85312,3.966887417218543,302,"House of Small Cubes, The (Tsumiki no ie) (2008)",Animation|Drama,3.5323380025777995
146028,4.044921875,256,The Adventures of Sherlock Holmes and Dr. Watson: The Hound of the Baskervilles (1981),Crime|Mystery,3.5323133405032876
192385,3.578761061946903,2825,A Star Is Born (2018),Drama|Romance,3.532309120537464
37729,3.5451229262442534,10006,Corpse Bride (2005),Animation|Comedy|Fantasy|Musical|Romance,3.5320154273196334
7122,3.89804469273743,358,King of Hearts (1966),Comedy|Drama|War,3.5318256807054045
3793,3.535032478802003,40334,X-Men (2000),Action|Adventure|Sci-Fi,3.531782228614025
66665,3.6287934863064395,1351,Away We Go (2009),Comedy|Drama|Romance,3.531761363597793
27801,3.5954235637779943,2054,Ong-Bak: The Thai Warrior (Ong Bak) (2003),Action|Thriller,3.531618830874163
27700,3.7149859943977592,714,Evil (Ondskan) (2003),Drama,3.5314830258802674
7831,3.8251121076233185,446,Another Thin Man (1939),Comedy|Crime|Drama|Mystery|Romance,3.5313930142755936
1059,3.5419373406792203,12161,William Shakespeare's Romeo + Juliet (1996),Drama|Romance,3.5311698728934244
102753,3.8089171974522293,471,"Past, The (Le passé) (2013)",Drama|Mystery|Romance,3.5309973685513403
247988,3.638157894736842,1216,Luca (2021),Adventure|Animation|Children|Comedy|Fantasy,3.5305925357499555
103539,3.60345789180145,1793,The Spectacular Now (2013),Comedy|Drama|Romance,3.530518147617469
5965,3.7752808988764044,534,"Duellists, The (1977)",Action|War,3.5304189623452675
204158,3.766726943942134,553,Weathering with You (2019),Animation|Drama|Fantasy|Romance,3.5303217428857834
5477,3.6442894507410637,1147,Sex and Lucia (Lucía y el sexo) (2001),Drama|Romance,3.530313780084612
122900,3.5421897121283625,10595,Ant-Man (2015),Action|Adventure|Sci-Fi,3.529861489465977
531,3.5462715105162523,7845,"Secret Garden, The (1993)",Children|Drama,3.5296291040932197
53024,3.850985221674877,406,Jonestown: The Life and Death of Peoples Temple (2006),Documentary,3.529493060956039
41863,3.6585728444003967,1009,"Three Burials of Melquiades Estrada, The (2006)",Adventure|Crime|Drama,3.5292670368233643
30,3.6296153846153847,1300,Shanghai Triad (Yao a yao yao dao waipo qiao) (1995),Crime|Drama,3.529256249996843
3706,3.5683043738765727,3338,Angel Heart (1987),Film-Noir|Horror|Mystery|Thriller,3.529221613543759
175585,3.6910669975186106,806,Shot Caller (2017),Action|Crime|Drama|Thriller,3.5292113049768794
42004,3.626398210290828,1341,Transamerica (2005),Adventure|Comedy|Drama,3.529130766475948
5014,3.5558878119199835,4849,I Am Sam (2001),Drama,3.5289952736656485
288513,3.6677316293929714,939,Barbie (2023),Comedy,3.5288871164408704
1186,3.5464676482507094,7403,"Sex, Lies, and Videotape (1989)",Drama,3.528857539385004
1019,3.549098039215686,6375,"20,000 Leagues Under the Sea (1954)",Adventure|Drama|Sci-Fi,3.5286560795936093
55176,3.877005347593583,374,In the Shadow of the Moon (2007),Documentary,3.528600105346139
3420,3.6270801815431164,1322,...And Justice for All (1979),Drama|Thriller,3.528528235801203
49286,3.55260724852071,5408,"Holiday, The (2006)",Comedy|Romance,3.5285165029645404
2081,3.5357043157835966,17911,"Little Mermaid, The (1989)",Animation|Children|Comedy|Musical|Romance,3.5284315996024267
3244,3.6129136924075276,1541,"Goodbye Girl, The (1977)",Comedy|Romance,3.5283898573216996
273891,3.6138451443569553,1524,Bullet Train (2022),Action|Mystery|Thriller,3.528380058446675
5508,3.6026225769669327,1754,24 Hour Party People (2002),Comedy|Drama|Musical,3.5283663715712765
2171,3.6344743276283618,1227,Next Stop Wonderland (1998),Comedy|Drama|Romance,3.5283318691104477
2204,3.673355629877369,897,Saboteur (1942),Mystery|Thriller,3.5282005459639674
49932,3.6177685950413223,1452,Inland Empire (2006),Drama|Mystery|Thriller,3.5281115912870304
187501,3.6920654911838793,794,Leave No Trace (2018),Drama,3.528109124192262
78349,3.5903010033444818,2093,Exam (2009),Mystery|Thriller,3.528103251898078
53318,3.595005149330587,1942,Cashback (2006),Comedy|Drama|Romance,3.527986218275645
2075,3.736757624398074,623,Mephisto (1981),Drama|War,3.5278873788509117
659,3.758896797153025,562,Purple Noon (Plein soleil) (1960),Crime|Drama|Thriller,3.5275188131953508
27033,3.9858657243816253,283,"Kingdom II, The (Riget II) (1997)",Drama|Horror|Mystery,3.526912964128802
5955,3.6084070796460175,1582,Antwone Fisher (2002),Drama,3.5263886643836964
107406,3.5414821719878815,8582,Snowpiercer (2013),Action|Drama|Sci-Fi,3.5263636781777747
74508,3.844362745098039,408,Persuasion (2007),Drama|Romance,3.5263586628407824
6986,3.6967105263157896,760,Ben-Hur: A Tale of the Christ (1925),Adventure|Drama|Romance,3.526082868094073
5269,3.6154376292212267,1451,"Piano Teacher, The (La pianiste) (2001)",Drama,3.526069183846173
101850,3.9508196721311477,305,Death on the Staircase (Soupçons) (2004),Crime|Documentary,3.5258440253116268
84954,3.5452028139500076,6681,"Adjustment Bureau, The (2011)",Romance|Sci-Fi|Thriller,3.525803403457497
6305,3.5937829293993677,1898,Fahrenheit 451 (1966),Drama|Sci-Fi,3.525532165270907
88744,3.5371585190510424,11128,Rise of the Planet of the Apes (2011),Action|Drama|Sci-Fi|Thriller,3.5255179359597175
7042,3.743265993265993,594,Betty Blue (37°2 le matin) (1986),Drama|Romance,3.5252877039033215
69,3.550704504862076,5039,Friday (1995),Comedy,3.52502222160406
2660,3.627373417721519,1264,"Thing from Another World, The (1951)",Horror|Sci-Fi,3.524995046348146
7067,3.8164414414414414,444,Juliet of the Spirits (Giulietta degli spiriti) (1965),Comedy|Drama|Fantasy|Romance,3.5249891840382594
53519,3.5456145966709345,6248,Death Proof (2007),Action|Adventure|Crime|Horror|Thriller,3.52490649473135
3872,3.7581227436823106,554,"Suddenly, Last Summer (1959)",Drama,3.5246792945822767
32387,3.8997093023255816,344,"Sword of Doom, The (Dai-bosatsu tôge) (1966)",Action|Drama,3.5241440472594197
85881,3.649805447470817,1028,Win Win (2011),Comedy|Drama,3.524132669449534
6663,3.607235142118863,1548,"Pink Panther Strikes Again, The (1976)",Comedy|Crime,3.523827149880411
47404,3.8341346153846154,416,Mind Game (2004),Adventure|Animation|Comedy|Fantasy|Romance|Sci-Fi,3.5237855401114606
74545,3.572316384180791,2655,"Ghost Writer, The (2010)",Drama|Mystery|Thriller,3.5236974433073143
143355,3.540142671854734,7710,Wonder Woman (2017),Action|Adventure|Fantasy,3.523409642742101
3153,3.600842865743528,1661,"7th Voyage of Sinbad, The (1958)",Action|Adventure|Fantasy,3.523202788428771
79720,3.661827956989247,930,Animal Kingdom (2010),Crime|Drama,3.5231699089151833
2366,3.5408429434376716,7284,King Kong (1933),Action|Adventure|Fantasy|Horror,3.5231404911282653
4956,3.6930171277997363,759,"Stunt Man, The (1980)",Action|Adventure|Comedy|Drama|Romance|Thriller,3.523132260760105
27366,3.9415584415584415,308,Werckmeister Harmonies (Werckmeister harmóniák) (2000),Drama,3.5230113227152273
31193,3.686548223350254,788,"Many Adventures of Winnie the Pooh, The (1977)",Animation|Children|Musical,3.5229675046967985
80,3.7394957983193278,595,"White Balloon, The (Badkonake sefid) (1995)",Children|Drama,3.5228877895723545
27523,3.7317666126418154,617,My Sassy Girl (Yeopgijeogin geunyeo) (2001),Comedy|Romance,3.5228837113062825
72733,3.577313054499366,2367,Invictus (2009),Drama,3.522865937390615
143245,3.6766109785202863,838,The Little Prince (2015),Animation|Fantasy,3.5228309923821053
2563,3.6542390194075587,979,Dangerous Beauty (1998),Drama,3.5226525007086162
3724,3.670886075949367,869,Coming Home (1978),Drama|War,3.5226451432329453
635,3.6373773416592328,1121,"Family Thing, A (1996)",Comedy|Drama,3.522494346755318
477,3.5506050605060504,4545,What's Love Got to Do with It? (1993),Drama|Musical,3.522281442170281
197711,3.5584269662921346,3560,Us (2019),Horror|Thriller,3.52226758529237
267456,3.7093023255813953,688,The Whale,Comedy|Drama,3.5222168914719925
50514,3.744386873920553,579,After the Wedding (Efter brylluppet) (2006),Drama,3.5221222437735356
213207,3.596420323325635,1732,Onward (2020),Adventure|Animation|Children|Comedy|Fantasy,3.5221187367459788
56885,3.690944881889764,762,"Great Debaters, The (2007)",Drama,3.5220743947176874
4489,3.5398999026831643,7193,Coming to America (1988),Comedy|Romance,3.5220125244386664
7055,3.8091517857142856,448,Swing Time (1936),Comedy|Musical|Romance,3.5219759013059404
164411,3.823943661971831,426,My Life as a Courgette (2016),Animation|Children|Drama,3.5219514085347607
6869,3.8209302325581396,430,Bus 174 (Ônibus 174) (2002),Crime|Documentary,3.521822073383576
5752,3.768199233716475,522,Gregory's Girl (1981),Comedy|Romance,3.521812174886639
27912,3.708575581395349,688,Outfoxed: Rupert Murdoch's War on Journalism (2004),Documentary,3.521683216586733
27788,3.5754716981132075,2385,"Jacket, The (2005)",Drama|Mystery|Sci-Fi|Thriller,3.521570676798705
278176,3.7199074074074074,648,TÁR (2022),Drama,3.5215352944811125
2847,3.7854209445585214,487,Only Angels Have Wings (1939),Adventure|Drama|Romance,3.5214906993071198
37857,3.6175149700598803,1336,MirrorMask (2005),Adventure|Children|Drama|Fantasy,3.5213357345069785
103341,3.5444363503915497,5491,"World's End, The (2013)",Action|Comedy|Sci-Fi,3.5210482770815013
158972,3.7158054711246202,658,Toni Erdmann (2016),Drama,3.5207465052597975
2161,3.5310074417860284,12497,"NeverEnding Story, The (1984)",Adventure|Children|Fantasy,3.5207372571273985
5333,3.7948717948717947,468,Bob le Flambeur (1955),Crime|Drama,3.520665372604422
524,3.53635806253832,8155,Rudy (1993),Drama,3.5206231637239984
7982,3.622905027932961,1253,"Tale of Two Sisters, A (Janghwa, Hongryeon) (2003)",Drama|Horror|Mystery|Thriller,3.5205173484387178
938,3.5905101481075152,1823,Gigi (1958),Musical,3.5201819613012746
103048,3.646017699115044,1017,"Kings of Summer, The (2013)",Comedy,3.519997634584177
3255,3.5309403789327307,11506,"League of Their Own, A (1992)",Comedy|Drama,3.5198057835983385
4874,3.532292787944026,10219,K-PAX (2001),Drama|Fantasy|Mystery|Sci-Fi,3.519757067379332
1680,3.536326744338264,7639,Sliding Doors (1998),Drama|Romance,3.5195635093776687
151,3.5291420578178427,12868,Rob Roy (1995),Action|Drama|Romance|War,3.5191977529462077
5218,3.5244532389085608,24005,Ice Age (2002),Adventure|Animation|Children|Comedy,3.51912331648189
8405,3.7690802348336594,511,Hour of the Wolf (Vargtimmen) (1968),Drama|Horror,3.518838012396513
3174,3.533011540168664,9012,Man on the Moon (1999),Comedy|Drama,3.5188226852271494
84156,3.9306451612903226,310,Happy People: A Year in the Taiga (2010),Documentary,3.5184559055646982
223204,3.620592948717949,1248,The French Dispatch (2020),Comedy|Drama|Romance,3.518247715692505
260667,3.6010396361273553,1539,Encanto (2021),Adventure|Animation|Children|Fantasy,3.5180742802282623
285301,3.6905405405405407,740,Dungeons & Dragons: Honor Among Thieves (2023),Action|Adventure|Fantasy,3.51801497180717
3339,3.6885026737967914,748,Cross of Iron (1977),War,3.5178704038721134
647,3.533325210186426,8207,Courage Under Fire (1996),Action|Crime|Drama|War,3.517776346174873
195497,3.5955433455433456,1638,Vice (2018),Comedy|Drama,3.517655946589703
229,3.5679304897314377,2532,Death and the Maiden (1994),Drama|Thriller,3.517553671696253
8712,3.8354114713216956,401,My Favorite Wife (1940),Comedy|Romance,3.5174103794739344
4529,3.6883378016085793,746,Bagdad Cafe (Out of Rosenheim) (1987),Comedy|Drama,3.517403764820696
67665,3.718454258675079,634,Anvil! The Story of Anvil (2008),Documentary|Musical,3.5173462516934086
2757,3.6807692307692306,780,Frances (1982),Drama,3.5173146132958597
180297,3.579075425790754,2055,The Disaster Artist (2017),Comedy|Drama,3.517064545171279
3682,3.5879732739420938,1796,Magnum Force (1973),Action|Crime|Drama|Thriller,3.5170252851582524
4312,3.9006024096385543,332,Himalaya (Himalaya - l'enfance d'un chef) (1999),Adventure|Drama,3.516896205233448
3516,3.642433234421365,1011,"Bell, Book and Candle (1958)",Comedy|Fantasy|Romance,3.5165211569331776
7303,3.6864973262032086,748,The Diary of Anne Frank (1959),Drama|War,3.5163657394122882
3176,3.5242612752721616,16075,"Talented Mr. Ripley, The (1999)",Drama|Mystery|Thriller,3.516345052690846
523,3.652733118971061,933,Ruby in Paradise (1993),Drama,3.516342334901523
4278,3.6995677233429394,694,Triumph of the Will (Triumph des Willens) (1934),Documentary,3.516242449485746
98607,3.7982261640798227,451,Redline (2009),Action|Animation|Sci-Fi,3.5161666032577656
167746,3.5714285714285716,2296,The Lego Batman Movie (2017),Action|Animation|Comedy,3.5160379604778615
126426,3.9356435643564356,303,Solyaris (1968),Drama|Sci-Fi,3.515972106577478
7493,3.811627906976744,430,"Three Faces of Eve, The (1957)",Drama,3.51593018945369
202237,3.771629778672032,497,Pain and Glory (2019),Drama,3.5158399324575815
4218,3.640886699507389,1015,River's Edge (1986),Crime|Drama,3.5156776688188223
56145,3.5380656610470274,5635,"Mist, The (2007)",Horror|Sci-Fi,3.5155194693349836
190,3.6240376390076987,1169,Safe (1995),Thriller,3.5153854331194796
1441,3.535337635762632,6353,Benny & Joon (1993),Comedy|Romance,3.515346340541376
759,3.862021857923497,366,Maya Lin: A Strong Clear Vision (1994),Documentary,3.5151488138235645
26524,3.8963963963963963,333,"Times of Harvey Milk, The (1984)",Documentary,3.515148660629163
3081,3.5223657766293424,17415,Sleepy Hollow (1999),Fantasy|Horror|Mystery|Romance,3.515076795363431
157296,3.5376066856330013,5624,Finding Dory (2016),Adventure|Animation|Comedy,3.51503771656594
2866,3.602343211578222,1451,"Buddy Holly Story, The (1978)",Drama,3.5148920557798164
44709,3.6243523316062176,1158,Akeelah and the Bee (2006),Drama,3.5147949432227668
91077,3.5501536742106734,3579,"Descendants, The (2011)",Comedy|Drama,3.5147117233000107
5991,3.5248424624333494,12378,Chicago (2002),Comedy|Crime|Drama|Musical,3.5145970115879672
3379,3.715873015873016,630,On the Beach (1959),Drama,3.514580732301866
192245,3.5899880810488676,1678,Bad Times at the El Royale (2018),Horror|Thriller,3.514435105931865
4555,3.784648187633262,469,Torch Song Trilogy (1988),Comedy|Drama|Romance,3.514368304248656
5867,3.6762452107279695,783,Thief (1981),Crime|Drama|Thriller,3.514357016784679
448,3.5552147239263805,3097,Fearless (1993),Drama,3.5142906260259155
81018,3.6821192052980134,755,"Illusionist, The (L'illusionniste) (2010)",Animation,3.5142593939835742
5840,3.8567567567567567,370,"My Mother's Castle (Château de ma mère, Le) (1990)",Comedy|Drama,3.514243020875925
4801,3.852,375,"Little Foxes, The (1941)",Drama,3.5141288758136078
43333,3.842857142857143,385,Water (2005),Drama|Romance,3.513905987726945
86000,3.770242914979757,494,Boy (2010),Comedy|Drama,3.513884783443411
3635,3.538283510125362,5185,"Spy Who Loved Me, The (1977)",Action|Adventure|Thriller,3.5138602119325184
48698,3.8117647058823527,425,Deliver Us from Evil (2006),Documentary,3.513822533936949
2610,3.8384615384615386,390,Three Seasons (1999),Drama,3.5137971601504305
4444,3.6652694610778442,835,"Way of the Dragon, The (a.k.a. Return of the Dragon) (Meng long guo jiang) (1972)",Action|Crime,3.5136682402621178
157122,3.687757909215956,727,The Man Who Knew Infinity (2016),Drama,3.5136438217236496
222,3.5347035040431267,5936,Circle of Friends (1995),Drama|Romance,3.513389869782876
3685,3.5671197960917587,2354,Prizzi's Honor (1985),Comedy|Drama|Romance,3.5133754679857505
52,3.526633746585417,9518,Mighty Aphrodite (1995),Comedy|Drama|Romance,3.513342514576796
41627,3.9779411764705883,272,Samurai Rebellion (Jôi-uchi: Hairyô tsuma shimatsu) (1967),Action|Drama,3.513083136149184
4174,3.685792349726776,732,Avalon (1990),Drama,3.513064538301672
165,3.5161219081272086,38488,Die Hard: With a Vengeance (1995),Action|Crime|Thriller,3.5128382757944
6978,3.650326797385621,918,Slacker (1991),Comedy|Drama,3.5126960370384004
140956,3.5334952269301625,5971,Ready Player One,Action|Sci-Fi|Thriller,3.5123498779112383
4658,3.7097026604068857,639,Santa Sangre (1989),Drama|Horror|Mystery|Thriller,3.5121804320532832
113240,3.83248730964467,394,Winter Sleep (Kis Uykusu) (2014),Drama,3.512155865018059
205425,3.800228310502283,438,Dave Chappelle: Sticks & Stones (2019),Comedy,3.5121051180959526
1699,3.6188663282571913,1182,"Butcher Boy, The (1997)",Comedy|Drama,3.5121007796632258
25963,3.908805031446541,318,"Young and the Damned, The (Olvidados, Los) (1950)",Crime|Drama,3.5120215304641205
223944,3.637450199203187,1004,The Social Dilemma (2020),Documentary|Drama,3.511824571490231
2174,3.516449900733358,24681,Beetlejuice (1988),Comedy|Fantasy,3.5113444099503055
167544,3.6863699582753826,719,Patriots Day (2016),Drama|Thriller,3.511173680772921
8459,3.856164383561644,365,"Heiress, The (1949)",Drama|Romance,3.511101165694918
6244,3.8551912568306013,366,Salaam Bombay! (1988),Drama,3.5110831120834445
146309,3.786652078774617,457,The Boy and the Beast (2015),Action|Adventure|Animation,3.5110709811872933
42094,3.786652078774617,457,"Spirit of the Beehive, The (Espíritu de la colmena, El) (1973)",Drama|Horror|Mystery,3.5110709811872933
133712,3.9009287925696596,323,Office Romance (1977),Comedy|Romance,3.5110421500613924
68159,3.575331971399387,1958,State of Play (2009),Crime|Drama|Thriller,3.511017719706425
8930,3.8077830188679247,424,"Five Obstructions, The (Fem benspænd, De) (2003)",Documentary,3.5108708658346117
1012,3.5458089668615984,3591,Old Yeller (1957),Children|Drama,3.5107593962395143
205383,3.5692379182156135,2152,El Camino: A Breaking Bad Movie (2019),Crime|Drama|Thriller,3.510752220259115
42718,3.5818233295583237,1766,District 13 (Banlieue 13) (2004),Action|Crime|Sci-Fi,3.5105786915579484
105593,3.6229874776386404,1118,Filth (2013),Comedy|Crime|Drama,3.510472606350216
253,3.514375236175841,31756,Interview with the Vampire: The Vampire Chronicles (1994),Drama|Horror,3.510414499205438
1286,3.563395113732098,2374,Somewhere in Time (1980),Drama|Romance,3.5104140476648404
3723,3.569839015151515,2112,Hamlet (1990),Drama,3.5102990408827606
1180,3.7735849056603774,477,Hear My Song (1991),Comedy,3.5100771533546085
7217,3.7657841140529533,491,Dark Passage (1947),Crime|Drama|Film-Noir|Romance|Thriller,3.509886478740519
106916,3.5299823633156966,6237,American Hustle (2013),Crime|Drama,3.5098390363126333
179133,3.6979010494752624,667,Loving Vincent (2017),Animation|Crime|Drama,3.5096244192817014
27882,3.8495934959349594,369,Riding Giants (2004),Documentary,3.5094109170094026
702,3.7610441767068274,498,Faces (1968),Drama,3.5091243882984475
4537,3.7140522875816995,612,Running on Empty (1988),Drama,3.509077715902091
99145,3.5898261429491307,1553,"Impossible, The (Imposible, Lo) (2012)",Drama|Thriller,3.5090543346579226
3844,3.543140990745781,3674,Steel Magnolias (1989),Drama,3.509002270162408
1747,3.519998245767915,11401,Wag the Dog (1997),Comedy,3.5089970734186653
353,3.515732280910418,18497,"Crow, The (1994)",Action|Crime|Fantasy|Thriller,3.5089520911570053
65216,3.578436807095344,1804,Defiance (2008),Drama|Thriller|War,3.508921528384291
53322,3.5209076018884287,10379,Ocean's Thirteen (2007),Crime|Thriller,3.5088272382709764
991,3.556101246694371,2647,Michael Collins (1996),Drama,3.508741671197248
4806,4.0,255,"Shop on Main Street, The (Obchod na korze) (1965)",Drama,3.508563218138738
261131,3.6781842818428183,738,King Richard (2021),Drama,3.5084253780728645
141,3.513739063959908,23546,"Birdcage, The (1996)",Comedy,3.5084184008178267
45720,3.5181656709187794,12386,"Devil Wears Prada, The (2006)",Comedy|Drama,3.5080582359670527
4404,3.8045023696682465,422,Faust (1926),Drama|Fantasy|Horror,3.5079222024446413
7056,3.712418300653595,612,"Public Enemy, The (1931)",Action|Crime|Drama,3.5079161408062616
8589,3.7120717781402934,613,Winter War (Talvisota) (1989),Drama|War,3.507906956282759
92643,3.8545706371191137,361,Monsieur Lazhar (2011),Children|Comedy|Drama,3.5078947460569117
1923,3.5118772514103176,29426,There's Something About Mary (1998),Comedy|Romance,3.507626479132874
139855,3.601503759398496,1330,Anomalisa (2015),Animation|Comedy|Fantasy,3.507483061384578
68099,3.8875379939209727,329,Apollo 13: To the Edge and Back (1994),Documentary,3.507466699463766
52967,3.7169179229480735,597,Away from Her (2006),Drama,3.5074654280885564
1542,3.56339605734767,2232,Brassed Off (1996),Comedy|Drama|Romance,3.5073824038131765
4017,3.5614718614718615,2310,Pollock (2000),Drama,3.5073527709641295
98122,3.7239583333333335,576,Indie Game: The Movie (2012),Documentary,3.5070493461269368
5114,3.8493150684931505,365,"Bad and the Beautiful, The (1952)",Drama,3.507028841212103
1994,3.5179482667605138,11366,Poltergeist (1982),Horror|Thriller,3.5069578735606943
56174,3.5128092089150136,20415,I Am Legend (2007),Action|Horror|Sci-Fi|Thriller|IMAX,3.5066935576353018
27871,3.865994236311239,347,Something the Lord Made (2004),Drama,3.506402090317352
539,3.510239970120452,32129,Sleepless in Seattle (1993),Comedy|Drama|Romance,3.506356650851973
5882,3.540600055050922,3633,Treasure Planet (2002),Adventure|Animation|Children|Sci-Fi|IMAX,3.5062636867565136
2413,3.5278211128445136,5769,Clue (1985),Comedy|Crime|Mystery|Thriller,3.506200668941011
171,3.5934873949579833,1428,Jeffrey (1995),Comedy|Drama,3.506151234790453
4357,3.6353734439834025,964,How to Marry a Millionaire (1953),Comedy|Drama|Romance,3.5060310047160606
51080,3.5805389221556885,1670,Breach (2007),Drama|Thriller,3.505896610360159
116411,3.8742603550295858,338,Tangerines (2013),Drama,3.5056483312661615
1889,3.574805339265851,1798,Insomnia (1997),Drama|Mystery|Thriller,3.50552787416098
189873,3.7280858676207513,559,Bao (2018),Animation,3.5053410145068824
1376,3.513849258821073,14369,Star Trek IV: The Voyage Home (1986),Adventure|Comedy|Sci-Fi,3.505186449874476
91500,3.5112724587743047,20315,The Hunger Games (2012),Action|Adventure|Drama|Sci-Fi|Thriller,3.5051456681670357
51573,3.8962264150943398,318,Meshes of the Afternoon (1943),Fantasy,3.5049656123127715
7771,3.74282982791587,523,Zorba the Greek (Alexis Zorbas) (1964),Adventure|Drama,3.5049423573262213
81819,3.637967914438503,935,Biutiful (2010),Drama,3.504911737156948
2182,3.6353620146904513,953,"Wrong Man, The (1956)",Drama|Film-Noir|Thriller,3.5048381775689412
54190,3.546779661016949,2950,Across the Universe (2007),Drama|Fantasy|Musical|Romance,3.504631281259217
26947,3.7156196943972835,589,Pusher (1996),Crime|Thriller,3.5045530559972673
5637,3.7565922920892496,493,Flirting (1991),Drama,3.5044682647528105
99112,3.5299163179916317,4780,Jack Reacher (2012),Action|Crime|Thriller,3.5039402266141924
111921,3.5315074593631706,4491,The Fault in Our Stars (2014),Drama|Romance,3.50386400675544
80839,3.6928353658536586,656,Secretariat (2010),Adventure|Drama,3.5036633944304456
53550,3.5804953560371517,1615,Rescue Dawn (2006),Action|Adventure|Drama|War,3.5036563150491493
917,3.6116928446771377,1146,"Little Princess, The (1939)",Children|Drama,3.5034518643774533
1290,3.550628092881614,2627,Some Kind of Wonderful (1987),Drama|Romance,3.50341284662892
60753,3.643018018018018,888,Felon (2008),Crime|Drama,3.503355621092541
80831,3.5821656050955415,1570,Let Me In (2010),Drama|Horror|Mystery,3.5031969902799
95088,3.5488389237007003,2713,Safety Not Guaranteed (2012),Comedy|Drama,3.5031449426449615
3994,3.5090357125782856,20917,Unbreakable (2000),Drama|Sci-Fi,3.5031094829711993
30820,3.6098191214470283,1161,"Woodsman, The (2004)",Drama,3.50306050473091
3702,3.5135581730361833,11801,Mad Max (1979),Action|Adventure|Sci-Fi,3.503055212542852
3727,3.5902043692741366,1419,Near Dark (1987),Horror|Western,3.5028868670904187
4216,3.7556237218813906,489,Longtime Companion (1990),Drama,3.502459690500217
26318,3.919191919191919,297,"Phantom of Liberty, The (Fantôme de la liberté, Le) (1974)",Comedy|Drama,3.5024088763878187
62049,3.7240143369175627,558,1984 (1956),Drama|Sci-Fi,3.5022493563268187
89804,3.545170257123002,2878,"Ides of March, The (2011)",Drama,3.502179476676616
6667,3.82421875,384,Waco: The Rules of Engagement (1997),Documentary,3.502077746279207
97024,3.687125748502994,668,Rust and Bone (De rouille et d'os) (2012),Drama|Romance,3.5019795022577274
3028,3.6287179487179486,975,"Taming of the Shrew, The (1967)",Comedy,3.5018914989951058
4515,3.770065075921909,461,Imagine: John Lennon (1988),Documentary,3.501852381490506
3740,3.5201600948710348,6746,Big Trouble in Little China (1986),Action|Adventure|Comedy|Fantasy,3.501832049867777
40732,3.530250747642052,4347,"Descent, The (2005)",Adventure|Drama|Horror|Thriller,3.501809222485283
2763,3.5110318949343338,13325,"Thomas Crown Affair, The (1999)",Action|Mystery,3.501754470389505
3632,3.7475149105367795,503,Monsieur Verdoux (1947),Comedy|Crime,3.50174891025417
117887,3.5831683168316832,1515,Paddington (2014),Children|Comedy,3.5015958986451103
108977,3.8780487804878048,328,Paranoia Agent (2004),Animation|Crime|Drama|Horror|Mystery,3.5014127329175073
26163,3.83972602739726,365,Don't Look Back (1967),Documentary|Musical,3.5013275869361626
7086,3.83972602739726,365,Pygmalion (1938),Comedy|Drama,3.5013275869361626
60291,3.7577962577962576,481,Gonzo: The Life and Work of Dr. Hunter S. Thompson (2008),Documentary,3.5011165990137143
272417,3.751012145748988,494,RRR (2022),Action|Drama|War,3.501097059658245
135569,3.5272881715863242,4709,Star Trek Beyond (2016),Action|Adventure|Sci-Fi,3.5010720275963836
6731,3.565582371458552,1906,Day of the Dead (1985),Horror|Sci-Fi|Thriller,3.5008422690705414
119153,3.9410714285714286,280,Bill Burr: You People Are All the Same (2012),Comedy,3.5005955863492346
27722,3.7961630695443644,417,Last Life in the Universe (Ruang rak noi nid mahasan) (2003),Drama|Romance,3.5004730524404715
3357,3.733018867924528,530,East-West (Est-ouest) (1999),Drama|Romance,3.5004044237002314
8600,3.7245454545454546,550,Angels with Dirty Faces (1938),Crime|Drama|Film-Noir|Thriller,3.500394299186519
71466,3.681885125184094,679,City Island (2009),Comedy|Drama,3.5003394822934686
3512,3.5422055820285907,2938,Return to Me (2000),Drama|Romance,3.500255736176256
40583,3.5285316631871955,4311,Syriana (2005),Drama|Thriller,3.4999594301673524
3932,3.5702857142857143,1750,"Invisible Man, The (1933)",Horror|Sci-Fi,3.4999074519086046
197691,3.6350164654226127,911,FYRE: The Greatest Party That Never Happened (2019),Documentary,3.4998405083370203
175661,3.5525409130060295,2322,The Hitman's Bodyguard (2017),Action|Comedy,3.499539074106387
4308,3.5062835599223123,17506,Moulin Rouge (2001),Drama|Musical|Romance,3.4992573884178517
127198,3.607394366197183,1136,Dope (2015),Comedy|Drama,3.499144346609943
342,3.509354026845638,11920,Muriel's Wedding (1994),Comedy,3.4990397657651973
2178,3.5902674591381873,1346,Frenzy (1972),Thriller,3.498943510953734
55071,3.8275401069518717,374,No End in Sight (2007),Documentary,3.4989003140473756
266,3.5056397306397304,17820,Legends of the Fall (1994),Drama|Romance|War|Western,3.4987445282015015
63131,3.5234595247684255,4966,Role Models (2008),Comedy,3.4987180973019827
5072,3.567056204785754,1797,Metropolis (2001),Animation|Sci-Fi,3.498687621887732
5650,3.570757486788021,1703,Strange Brew (1983),Comedy,3.4986244201137917
103017,3.776018099547511,442,The Body (2012),Mystery|Thriller,3.498284853987712
897,3.6338495575221237,904,For Whom the Bell Tolls (1943),Adventure|Drama|Romance|War,3.4981047841270794
33288,3.8652694610778444,334,Kes (1969),Drama,3.4979670708871335
4194,3.9,305,I Know Where I'm Going! (1945),Drama|Romance|War,3.4978606348079264
454,3.502314134587129,27224,"Firm, The (1993)",Drama|Thriller,3.49780929591052
190551,3.7525987525987525,481,Blindspotting (2018),Comedy|Drama,3.4976914722840253
151759,3.8637724550898205,334,Requiem for the American Dream (2015),Documentary,3.4971092908219426
2348,3.5448692937963324,2563,Sid and Nancy (1986),Drama,3.4970891587965824
3289,3.784705882352941,425,Not One Less (Yi ge dou bu neng shao) (1999),Drama,3.4967576875205673
7335,3.8078880407124682,393,Pickup on South Street (1953),Film-Noir,3.496596051752781
233,3.530219018574993,3607,Exotica (1994),Drama,3.4963212234809276
108727,3.5656623081296193,1759,Nymphomaniac: Volume I (2013),Drama,3.496172620957274
31522,3.8941368078175898,307,"Marriage of Maria Braun, The (Ehe der Maria Braun, Die) (1979)",Drama,3.496069447059022
225145,3.598573825503356,1192,Nomadland (2020),Drama,3.4960545531404748
208289,3.678092399403875,671,Richard Jewell (2019),Drama,3.4959941359061966
26550,3.9448529411764706,272,Mishima: A Life in Four Chapters (1985),Drama,3.495805347706105
155288,3.6253985122210413,941,Eye in the Sky (2016),Drama|Thriller|War,3.495642495688806
33072,3.7510460251046025,478,F for Fake (Vérités et mensonges) (1973),Documentary|Mystery,3.4956183871510667
94,3.5247252747252746,4186,Beautiful Girls (1996),Comedy|Drama|Romance,3.4955613442513047
144976,3.5948697068403908,1228,Bone Tomahawk (2015),Horror|Western,3.4954736309974335
85394,3.709507042253521,568,Cave of Forgotten Dreams (2010),Documentary,3.4948769808056186
34528,3.6322033898305084,885,Junebug (2005),Comedy|Drama,3.49454537932808
6561,3.6994949494949494,594,"Mouse That Roared, The (1959)",Comedy|War,3.494441814711247
8010,3.736111111111111,504,"Power of One, The (1992)",Drama,3.4944415003587594
8183,3.6570855614973263,748,Educating Rita (1983),Comedy|Drama,3.494297327334848
7382,3.749475890985325,477,I'm Not Scared (Io non ho paura) (2003),Drama|Mystery|Thriller,3.494234750819824
2210,3.6818181818181817,649,Sabotage (1936),Thriller,3.4942254211160604
380,3.496489776872826,47148,True Lies (1994),Action|Adventure|Comedy|Romance|Thriller,3.493909200931287
507,3.5276297335203366,3565,"Perfect World, A (1993)",Crime|Drama|Thriller,3.4935276241170743
8641,3.502274591692147,13409,Anchorman: The Legend of Ron Burgundy (2004),Comedy,3.493213818055492
42725,3.554287163876205,1971,Grandma's Boy (2006),Comedy,3.4927091335736344
5577,3.5342041938810587,2909,Igby Goes Down (2002),Comedy|Drama,3.4924997642800943
4280,3.534286698828394,2902,"World According to Garp, The (1982)",Comedy|Drama|Romance,3.4924831018502998
200332,3.5770034843205574,1435,Rocketman (2019),Drama,3.4924668956708294
3102,3.5700575815738964,1563,Jagged Edge (1985),Crime|Romance|Thriller,3.492447158022027
51884,3.689739413680782,614,"Namesake, The (2006)",Drama|Romance,3.492252874748071
6297,3.5165165165165164,4995,Holes (2003),Adventure|Children|Comedy|Mystery,3.4922414625793987
179331,3.722857142857143,525,Only the Brave (2017),Drama,3.4920080186330407
90866,3.5123260103974507,5963,Hugo (2011),Children|Drama|Mystery,3.492001642914424
2239,3.6624472573839664,711,Swept Away (Travolti da un insolito destino nell'azzurro mare d'Agosto) (1975),Comedy|Drama,3.491993963558819
97188,3.54141166870665,2451,Sinister (2012),Horror|Thriller,3.491968223126823
8596,3.5854601701469453,1293,Revenge of the Pink Panther (1978),Comedy|Crime,3.4917731406836436
5421,3.6019108280254777,1099,"Dangerous Lives of Altar Boys, The (2002)",Drama,3.491701910839165
26939,3.8146666666666667,375,Drifting Clouds (Kauas pilvet karkaavat) (1996),Comedy|Drama,3.491689382305033
2938,3.878594249201278,313,Man Facing Southeast (1986),Drama|Sci-Fi,3.491662227478395
166635,3.511964947758679,5934,Passengers (2016),Adventure|Drama|Romance|Sci-Fi,3.4915597867699804
55872,3.569812540400776,1547,August Rush (2007),Drama|Musical,3.4915446325631216
5607,3.825068870523416,363,"Son of the Bride (Hijo de la novia, El) (2001)",Comedy|Drama,3.491526402386191
25827,3.717350746268657,536,Mr. Deeds Goes to Town (1936),Comedy|Romance,3.491482998624169
115680,3.600089766606822,1114,Time Lapse (2014),Crime|Drama|Sci-Fi|Thriller,3.49142637436357
339,3.496251002405774,24940,While You Were Sleeping (1995),Comedy|Romance,3.49139759995951
3966,3.702090592334495,574,Detour (1945),Crime|Film-Noir,3.4912686907523516
117,3.5872323552735925,1261,"Young Poisoner's Handbook, The (1995)",Crime|Drama,3.491267637340294
2764,3.533613445378151,2856,"Thomas Crown Affair, The (1968)",Crime|Drama|Romance|Thriller,3.491244486334539
3539,3.7565789473684212,456,"Filth and the Fury, The (2000)",Documentary,3.491225713746787
7136,3.852238805970149,335,Stolen Kisses (Baisers volés) (1968),Comedy|Drama|Romance,3.491120064429029
151455,3.6369119420989144,829,Eddie the Eagle (2016),Comedy,3.49101494166445
40,3.628409090909091,880,"Cry, the Beloved Country (1995)",Drama,3.490977948108876
134881,3.7124542124542126,546,Love & Mercy (2014),Drama,3.49096113425602
175,3.512801755669349,5468,Kids (1995),Drama,3.490696882159931
824,3.7977099236641223,393,Kaspar Hauser (1993),Drama|Mystery,3.4903645515191
6170,3.61144578313253,996,"Black Stallion, The (1979)",Adventure|Children|Drama,3.49021206974063
8966,3.541436464088398,2353,Kinsey (2004),Drama,3.4901283698912757
4251,3.6131498470948014,981,Chopper (2000),Drama|Thriller,3.490092695032206
31309,3.8956228956228958,297,Rocco and His Brothers (Rocco e i suoi fratelli) (1960),Crime|Drama,3.489586015057905
5391,3.597135183527305,1117,Thirteen Conversations About One Thing (a.k.a. 13 Conversations) (2001),Drama,3.4892488510287065
6027,3.707803992740472,551,Dogfight (1991),Drama|Romance,3.4891423998251163
27800,3.736625514403292,486,Interstella 5555: The 5tory of the 5ecret 5tar 5ystem (2003),Adventure|Animation|Fantasy|Musical|Sci-Fi,3.48886243791007
3559,3.7371134020618557,485,Limelight (1952),Comedy|Drama|Romance,3.488847262052201
149406,3.531052631578947,2850,Kung Fu Panda 3 (2016),Action|Adventure|Animation,3.488807320539582
3125,3.5833333333333335,1272,"End of the Affair, The (1999)",Drama,3.4887007729765998
114060,3.583794466403162,1265,The Drop (2014),Crime|Drama|Thriller,3.4886485273928995
5712,3.595217006200177,1129,Blow Out (1981),Mystery|Thriller,3.488616739690914
3713,3.7743467933491686,421,"Long Walk Home, The (1990)",Drama,3.4885281469176155
106487,3.4972417797778905,13777,The Hunger Games: Catching Fire (2013),Action|Adventure|Sci-Fi|IMAX,3.488508046230196
7618,3.596412556053812,1115,Chaplin (1992),Drama,3.48849989414188
3747,3.6298472385428906,851,Jesus' Son (1999),Drama,3.488467138485417
3461,3.530124653739612,2888,Lord of the Flies (1963),Adventure|Drama|Thriller,3.488464728113778
26713,3.729,500,Days of Being Wild (A Fei jingjyuhn) (1990),Drama|Romance,3.488402998558032
7162,3.5141028422651335,4609,Cold Mountain (2003),Drama|Romance|War,3.4880226035159456
179401,3.515878616796048,4251,Jumanji: Welcome to the Jungle (2017),Action|Adventure|Children,3.487625281810731
174909,3.552021563342318,1855,Logan Lucky (2017),Comedy,3.487316415048296
173197,3.626596980255517,861,The Square (2017),Drama,3.4872195743941887
112138,3.5063918184723555,6258,22 Jump Street (2014),Action|Comedy|Crime,3.4872158793926618
3159,3.5128342245989304,4675,Fantasia 2000 (1999),Animation|Children|Musical|IMAX,3.4871676934178417
168122,3.6018164435946463,1046,Raw (2017),Drama,3.487114839462592
55805,3.5458558116723884,2039,Before the Devil Knows You're Dead (2007),Crime|Drama|Thriller,3.4870252220901747
4405,3.7820197044334973,406,"Last Laugh, The (Letzte Mann, Der) (1924)",Drama,3.486738441930234
7460,3.5397601066192803,2251,Coffee and Cigarettes (2003),Comedy|Drama,3.4865254632665748
103624,3.6446499339498017,757,Fruitvale Station (2013),Drama,3.4863952735064223
288265,3.768867924528302,424,Mission: Impossible - Dead Reckoning Part One (2023),Action|Adventure|Thriller,3.4863501346709915
168266,3.5916299559471367,1135,T2: Trainspotting (2017),Crime|Drama,3.4861370081798615
1169,3.872168284789644,309,American Dream (1990),Documentary,3.485328922065084
8044,3.802387267904509,377,I Am a Fugitive from a Chain Gang (1932),Crime|Drama|Film-Noir,3.4853251407894392
170635,3.8782894736842106,304,Rejected (2000),Animation,3.485196248182511
7216,3.693717277486911,573,High Sierra (1941),Crime|Drama|Film-Noir|Thriller,3.4851746022875174
94969,3.8448795180722892,332,Kahaani (2012),Crime|Drama|Thriller,3.485049071475487
5169,3.792525773195876,388,Scarlet Street (1945),Film-Noir,3.4847935399907524
2915,3.4980037706554286,9017,Risky Business (1983),Comedy,3.4847629486202214
2779,3.5335241210139,2446,Heaven Can Wait (1978),Comedy,3.484717431303614
377,3.487227282355433,47210,Speed (1994),Action|Romance|Thriller,3.4846986551652086
57502,3.7955729166666665,384,Cat Soup (Nekojiru-so) (2001),Adventure|Animation|Drama|Horror,3.484697433433576
4888,3.6289346246973366,826,Tape (2001),Drama,3.4844776310541543
197651,3.63510101010101,792,The King,Drama,3.4844509613028247
3368,3.7592165898617513,434,"Big Country, The (1958)",Romance|Western,3.484353500688403
2870,3.568502824858757,1416,Barefoot in the Park (1967),Comedy,3.484272332044033
96588,3.5037698737911818,6101,Pitch Perfect (2012),Comedy|Musical,3.4842225870675305
2708,3.7005444646098002,551,"Autumn Tale, An (Conte d'automne) (1998)",Romance,3.4841417747469814
1051,3.5662525879917184,1449,Trees Lounge (1996),Drama,3.4839890486012783
51931,3.568101623147495,1417,Reign Over Me (2007),Drama,3.483981634924131
6881,3.5645706558485464,1479,Pieces of April (2003),Comedy|Drama,3.483977663996823
2439,3.5536971830985915,1704,Affliction (1997),Drama,3.4837754138051666
8493,3.5603615235635893,1549,Memphis Belle (1990),Action|Drama|War,3.483489073708276
1081,3.51325,4000,Victor/Victoria (1982),Comedy|Musical|Romance,3.4834816083268874
160438,3.519993848046755,3251,Jason Bourne (2016),Action,3.4833752408983427
76173,3.642379679144385,748,Micmacs (Micmacs à tire-larigot) (2009),Comedy|Crime,3.4832631212961283
5388,3.4956887486855943,9510,Insomnia (2002),Action|Crime|Drama|Mystery|Thriller,3.4831758708071723
159917,3.8183098591549296,355,Weiner (2016),Documentary,3.483134634244263
7773,3.6969424460431655,556,"Bang, Bang, You're Dead (2002)",Drama,3.4829978949187606
86833,3.5017399557102182,6322,Bridesmaids (2011),Comedy,3.4829269971571795
129659,3.74025974025974,462,"McFarland, USA (2015)",Drama,3.4828597631454645
81257,3.7779156327543424,403,In a Better World (Hævnen) (2010),Drama,3.4828424691212
99149,3.517221418234443,3455,"Misérables, Les (2012)",Drama|Musical|Romance|IMAX,3.482805962801401
3746,3.782115869017632,397,Butterfly (La lengua de las mariposas) (1999),Drama,3.4826830865770404
175303,3.5061691542288558,5025,It (2017),Horror,3.4825205266728814
134368,3.514110756123536,3756,Spy (2015),Action|Comedy|Crime,3.4824752192614326
26347,3.8413897280966767,331,"Irony of Fate, or Enjoy Your Bath! (Ironiya sudby, ili S legkim parom!) (1975)",Comedy|Drama|Romance,3.4824366366961725
417,3.518255884127942,3314,Barcelona (1994),Comedy|Romance,3.4824061875494987
5398,3.883445945945946,296,Requiem for a Heavyweight (1962),Drama,3.4822261068454954
193599,3.6319444444444446,792,Climax (2018),Drama|Horror,3.4820491936017968
99917,3.5851433536055604,1151,Upstream Color (2013),Romance|Sci-Fi|Thriller,3.4820094332595977
176567,3.6012084592145017,993,The Endless (2017),Horror|Sci-Fi|Thriller,3.481733638473396
3993,3.5207236842105263,3040,Quills (2000),Drama|Romance,3.4817005702879715
7079,3.734042553191489,470,"Hunchback of Notre Dame, The (1939)",Drama,3.4816594875783977
26393,3.7881136950904395,387,Sorcerer (1977),Action|Thriller,3.4816244780942136
1306,3.5849303135888504,1148,Until the End of the World (Bis ans Ende der Welt) (1991),Adventure|Drama|Sci-Fi,3.481612861063863
180985,3.535486806187443,2198,The Greatest Showman (2017),Drama,3.4815337797294985
3018,3.5220739219712525,2922,Re-Animator (1985),Comedy|Horror|Sci-Fi,3.481492637932483
8838,3.649645390070922,705,Alice Doesn't Live Here Anymore (1974),Drama|Romance,3.481460326680061
4041,3.5105651105651106,4070,"Officer and a Gentleman, An (1982)",Drama|Romance,3.481433931237146
3873,3.5660714285714286,1400,Cat Ballou (1965),Comedy|Western,3.4813906274607986
96832,3.601112234580384,989,Holy Motors (2012),Drama|Fantasy|Musical|Mystery|Sci-Fi,3.481270704919711
2848,3.741758241758242,455,"Othello (Tragedy of Othello: The Moor of Venice, The) (1952)",Drama,3.4812686540987503
116855,3.8021680216802167,369,The Way He Looks (2014),Drama|Romance,3.481089182100842
131796,3.6952983725135624,553,Woman in Gold (2015),Drama,3.4810637306648085
4438,3.661094224924012,658,"Fist of Fury (Chinese Connection, The) (Jing wu men) (1972)",Action|Drama|Romance|Thriller,3.481050838703397
7842,3.5446476600322754,1859,Dune (2000),Drama|Fantasy|Sci-Fi,3.4809360053228855
1017,3.514701684270625,3503,Swiss Family Robinson (1960),Adventure|Children,3.4808936820331327
89554,3.900709219858156,282,Zindagi Na Milegi Dobara (2011),Adventure|Comedy|Drama|Romance,3.480815606743474
3637,3.871287128712871,303,Vagabond (Sans toit ni loi) (1985),Drama,3.480639618807955
127114,3.68259385665529,586,The End of the Tour (2015),Drama,3.4806144515751707
8690,3.63564875491481,763,Slaughterhouse-Five (1972),Comedy|Drama|Sci-Fi|War,3.4805465022434134
193147,3.607296137339056,932,The House That Jack Built (2018),Drama|Horror|Thriller,3.480366674248548
8937,3.542257217847769,1905,Friday Night Lights (2004),Action|Drama,3.4801824623334925
5434,3.7534722222222223,432,"Sorry, Wrong Number (1948)",Drama|Film-Noir|Thriller,3.479901609076385
92509,3.5673575129533677,1351,"Vow, The (2012)",Drama|Romance,3.4798831212076444
2841,3.5038555194805197,4928,Stir of Echoes (1999),Horror|Mystery|Thriller,3.4798750228167648
145418,3.6075675675675676,925,Trumbo (2015),Drama,3.47982366949494
58803,3.497067448680352,6820,21 (2008),Crime|Drama|Romance|Thriller,3.47974437403558
180031,3.505330722367276,4596,The Shape of Water (2017),Adventure|Drama|Fantasy,3.479631159697849
70293,3.513247863247863,3510,Julie & Julia (2009),Comedy|Drama|Romance,3.4795990863337973
85,3.523122456529782,2703,Angels and Insects (1995),Drama|Romance,3.479442056174027
4802,3.6373994638069704,746,Operation Petticoat (1959),Action|Comedy|Romance|War,3.4792089713741183
2018,3.4916384419983064,9448,Bambi (1942),Animation|Children|Drama,3.4791495225917677
39869,3.676126878130217,599,Manderlay (2005),Drama,3.479142594197559
2406,3.4869545063240843,15101,Romancing the Stone (1984),Action|Adventure|Comedy|Romance,3.47914090682155
96911,3.70303605313093,527,"Royal Affair, A (Kongelig affære, En) (2012)",Drama|Romance,3.4791403603816344
6436,3.6017745302713986,958,This Boy's Life (1993),Drama,3.4787182083189245
152065,3.8729096989966556,299,Embrace of the Serpent (2016),Adventure|Drama,3.4786731257895793
7936,3.881849315068493,292,Shame (Skammen) (1968),Drama|War,3.478397126308209
143367,3.5839317773788153,1114,Silence (2016),Drama|Thriller,3.4782192425123712
1688,3.4983702178761367,5829,Anastasia (1997),Adventure|Animation|Children|Drama|Musical,3.4781692699156137
70728,3.55349135169763,1561,Bronson (2009),Action|Comedy|Drama|Thriller,3.478073377324775
3213,3.5307588684328692,2227,Batman: Mask of the Phantasm (1993),Animation|Children,3.4779130843814814
62203,3.584315503173164,1103,Martyrs (2008),Horror,3.477672169258163
2687,3.4917087238644555,8322,Tarzan (1999),Adventure|Animation|Children|Drama,3.4775770345728114
122892,3.4871063724274736,12099,Avengers: Age of Ultron (2015),Action|Adventure|Sci-Fi,3.4773900829793014
103335,3.495573846870632,6439,Despicable Me 2 (2013),Animation|Children|Comedy|IMAX,3.4773194882728675
89470,3.504482189195565,4239,Contagion (2011),Sci-Fi|Thriller|IMAX,3.476785357432231
3298,3.4988685649632285,5303,Boiler Room (2000),Crime|Drama|Thriller,3.476731390266415
5329,3.5752733389402858,1189,"Salton Sea, The (2002)",Crime|Drama|Thriller,3.4765734791154532
7833,3.806179775280899,356,Shadow of the Thin Man (1941),Comedy|Crime|Mystery,3.476549852240222
5349,3.4794444300618736,38627,Spider-Man (2002),Action|Adventure|Sci-Fi|Thriller,3.4764073630609222
4297,3.7748091603053435,393,Pelle the Conqueror (Pelle erobreren) (1987),Drama,3.4763436759933173
6890,3.5239642567018685,2462,Elephant (2003),Drama,3.4763233633184956
31696,3.4863840662730237,11347,Constantine (2005),Action|Fantasy|Horror|Thriller,3.4760531744513243
152591,3.641643059490085,706,Ip Man 3 (2015),Action,3.4757199765631066
161634,3.5230675839740995,2471,Don't Breathe (2016),Thriller,3.4756663868598516
1799,3.5238879736408566,2428,Suicide Kings (1997),Comedy|Crime|Drama|Mystery|Thriller,3.475649073786884
60756,3.4933930741190764,6584,Step Brothers (2008),Comedy,3.475605527026608
6982,3.9092592592592594,270,Forbidden Games (Jeux interdits) (1952),Drama|War,3.4755540674891323
157361,3.7470997679814384,431,Tickled (2016),Documentary,3.4754596346817332
3169,3.5414317925591883,1774,The Falcon and the Snowman (1985),Crime|Drama|Thriller,3.475438729358896
7827,3.5766897746967072,1154,Cypher (2002),Action|Sci-Fi|Thriller,3.475276217563697
118900,3.5580325548478413,1413,Wild (2014),Drama,3.4752181272159035
132424,3.6457725947521866,686,The Longest Ride (2015),Drama|Romance,3.4752005622206763
95167,3.487319974953037,9582,Brave (2012),Action|Adventure|Animation|Children,3.4751106211659266
56333,3.5947745901639343,976,"Savages, The (2007)",Comedy|Drama,3.474948980014785
30816,3.51215953307393,3084,"Phantom of the Opera, The (2004)",Drama|Musical|Romance,3.4742911595367727
114494,3.685018050541516,554,Who Am I (Kein System Ist Sicher) (2014),Thriller,3.474237147365937
2009,3.4979457682826625,4868,Soylent Green (1973),Drama|Mystery|Sci-Fi|Thriller,3.4739715463698944
47644,3.562833206397563,1313,Invincible (2006),Drama,3.473951601011659
2671,3.4802151032380513,17387,Notting Hill (1999),Comedy|Romance,3.473509432783136
596,3.481421099110115,14721,Pinocchio (1940),Animation|Children|Fantasy|Musical,3.473501159367806
3808,3.8811188811188813,286,"Two Women (Ciociara, La) (1960)",Drama|War,3.473481034997402
233661,3.679646017699115,565,The Courier (2021),Drama|Thriller,3.473356684629697
4688,3.667779632721202,599,Black Robe (1991),Adventure|Drama,3.473245672390742
80860,3.5521680216802167,1476,Life as We Know It (2010),Comedy|Romance,3.473224538013862
55098,3.803116147308782,353,Paint It Yellow (Rang De Basanti) (2006),Action|Comedy|Drama,3.473110160525187
8848,3.787837837837838,370,"Vitelloni, I (a.k.a. The Young and the Passionate) (1953)",Drama,3.473040888059639
6963,3.7225806451612904,465,Devil's Playground (2002),Documentary,3.4724261179718594
1268,3.5075551526140827,3309,Pump Up the Volume (1990),Comedy|Drama,3.47240366666295
2941,3.527514231499051,2108,South Pacific (1958),Musical|Romance|War,3.4723429104417285
6300,3.774025974025974,385,Flickering Lights (Blinkende lygter) (2000),Action|Comedy|Crime,3.4721012866699965
2551,3.52227508650519,2312,Dead Ringers (1988),Drama|Horror|Thriller,3.4720078900465112
6856,3.6672268907563024,595,Yankee Doodle Dandy (1942),Drama|Musical,3.4719338850813015
102407,3.486823407828446,7741,"Great Gatsby, The (2013)",Drama,3.4718162937734025
87222,3.4957415870378066,4814,Kung Fu Panda 2 (2011),Action|Adventure|Animation|Children|Comedy|IMAX,3.471620021256614
54281,3.5603975535168195,1308,Charlie Bartlett (2007),Comedy|Drama,3.4716198892800505
986,3.510609632873021,2969,Fly Away Home (1996),Adventure|Children,3.4715078174026877
182637,3.8375394321766563,317,The Second Renaissance Part I (2003),Animation|Sci-Fi,3.4713995504861463
162598,3.5506849315068494,1460,Deepwater Horizon (2016),Drama,3.4712183308678743
1345,3.4817847286108554,10870,Carrie (1976),Drama|Fantasy|Horror|Thriller,3.4711135998722993
85213,3.720905172413793,464,"Sunset Limited, The (2011)",Drama,3.470984718221504
3984,3.491972267834337,5481,Diamonds Are Forever (1971),Action|Adventure|Thriller,3.4708223539014837
1754,3.4969532836831414,4431,Fallen (1998),Crime|Drama|Fantasy|Thriller,3.4707931805423424
6935,3.8985239852398523,271,"Revolution Will Not Be Televised, The (a.k.a. Chavez: Inside the Coup) (2003)",Documentary,3.470792470898462
3487,3.6601307189542482,612,El Dorado (1966),Western,3.470745737739703
33162,3.4928982725527833,5210,Kingdom of Heaven (2005),Action|Drama|Romance|War,3.470656177182237
8360,3.474848670599954,26102,Shrek 2 (2004),Adventure|Animation|Children|Comedy|Musical|Romance,3.470411447260629
3576,3.554624908958485,1373,"Hidden, The (1987)",Action|Horror|Sci-Fi,3.470291020173938
6598,3.7892561983471076,363,Step Into Liquid (2002),Documentary,3.4702811008663352
104211,3.4905942334739803,5688,We're the Millers (2013),Comedy|Crime,3.470239519887502
97984,3.9153846153846152,260,Wake in Fright (1971),Drama|Thriller,3.47016114289666
100383,3.521611886537596,2221,Side Effects (2013),Crime|Drama|Mystery|Thriller,3.4695594986113245
57243,3.749394673123487,413,"Band's Visit, The (Bikur Ha-Tizmoret) (2007)",Comedy|Drama,3.4695044653574714
169218,3.8862815884476536,277,God's Own Country (2017),Drama|Romance,3.469224197794467
2570,3.61489898989899,792,"Walk on the Moon, A (1999)",Drama|Romance,3.469079648016246
4954,3.5223048327137545,2152,Ocean's Eleven (a.k.a. Ocean's 11) (1960),Comedy|Crime,3.4686846622600314
79798,3.80466472303207,343,I Killed My Mother (J'ai tué ma mère) (2009),Drama,3.4684321770909117
4337,3.6986027944111775,501,"Sand Pebbles, The (1966)",Drama|Romance|War,3.468415796266316
4999,3.9163424124513617,257,Dodsworth (1936),Drama|Romance,3.4680075224750153
2455,3.4768939978398397,12962,"Fly, The (1986)",Drama|Horror|Sci-Fi|Thriller,3.468004829770879
8622,3.478530970217431,10946,Fahrenheit 9/11 (2004),Documentary,3.4680046276090106
71438,3.8693379790940767,287,Still Walking (Aruitemo aruitemo) (2008),Drama,3.467932460571208
2310,3.582834331337325,1002,"Mighty, The (1998)",Drama,3.467875134399321
118702,3.564814814814815,1188,Unbroken (2014),Drama|War,3.4678578924212613
41527,3.697211155378486,502,Paradise Now (2005),Crime|Drama|Thriller|War,3.467791990438288
8738,3.7608142493638677,393,"Woman Is a Woman, A (femme est une femme, Une) (1961)",Comedy|Drama|Musical|Romance,3.467775363172006
8644,3.4726285176631597,23382,"I, Robot (2004)",Action|Adventure|Sci-Fi|Thriller,3.4677039387251485
2654,3.571687840290381,1102,"Wolf Man, The (1941)",Drama|Fantasy|Horror,3.4672921797469174
69406,3.4845818291215402,6648,"Proposal, The (2009)",Comedy|Romance,3.4672773283098364
25898,3.9096153846153845,260,Day of Wrath (Vredens dag) (1943),Drama,3.4672136090000203
4500,3.7382075471698113,424,Drowning by Numbers (1988),Comedy|Drama,3.4670307707238974
193041,3.7595419847328246,393,One Cut of the Dead (2017),Comedy|Horror,3.4669964256427956
6636,3.5771072796934864,1044,"Sure Thing, The (1985)",Comedy|Romance,3.466985076664947
140247,3.522561863173217,2061,The Gift (2015),Drama|Horror,3.466801595575614
4086,3.543304463690873,1501,"Big Easy, The (1987)",Action|Crime|Mystery|Romance|Thriller,3.466749531756163
33649,3.7524875621890548,402,Saving Face (2004),Comedy|Drama|Romance,3.466684599201276
26208,3.858361774744027,293,My Night At Maud's (Ma Nuit Chez Maud) (1969),Comedy|Drama|Romance,3.4664421583689062
54995,3.488932419196866,5105,Planet Terror (2007),Action|Horror|Sci-Fi,3.4664384851454284
4784,3.602488151658768,844,"French Lieutenant's Woman, The (1981)",Drama,3.4664333476256846
4029,3.5032520325203254,3075,State and Main (2000),Comedy|Drama,3.4659481349078223
4217,3.802052785923754,341,4 Little Girls (1997),Documentary,3.4657823455163763
188207,3.67877094972067,537,Cold War (2018),Drama,3.465409092276512
143657,3.5384615384615383,1560,The Invitation (2015),Horror|Thriller,3.465069935109796
129354,3.502107652399481,3084,Focus (2015),Comedy|Crime|Drama|Romance,3.4649899503795827
96432,3.5386349001931743,1553,Lawless (2012),Crime|Drama,3.4649342392031244
192383,3.695959595959596,495,Beautiful Boy (2018),Drama,3.464800383949604
8604,3.539776462853386,1521,Taxi (1998),Action|Comedy,3.4645827479632247
88140,3.4727476176725385,13852,Captain America: The First Avenger (2011),Action|Adventure|Sci-Fi|Thriller|War,3.464492692354397
2099,3.537741935483871,1550,Song of the South (1946),Adventure|Animation|Children|Musical,3.4640419176275
58306,3.6121919584954605,771,Mongol (2007),Drama|War,3.464030792842544
164175,3.616154873164219,749,A Monster Calls (2016),Drama|Fantasy,3.4637388572202727
3751,3.4687363070721235,22822,Chicken Run (2000),Animation|Children|Comedy,3.463734184865788
5643,3.7202247191011235,445,Powaqqatsi (1988),Documentary,3.4637051529328584
112421,3.562176165803109,1158,Frank (2014),Comedy|Drama|Mystery,3.46361859806675
173939,3.838815789473684,304,On Body and Soul (2017),Drama|Romance,3.4634925042866893
25764,3.858131487889273,289,"Cameraman, The (1928)",Comedy|Drama|Romance,3.463403988882897
3327,3.6025641025641026,819,Beyond the Mat (1999),Documentary,3.4633064946344327
680,3.5453563714902807,1389,"Alphaville (Alphaville, une étrange aventure de Lemmy Caution) (1965)",Drama|Mystery|Romance|Sci-Fi|Thriller,3.4632547808902316
8341,3.6628721541155866,571,Oliver Twist (1948),Adventure|Crime|Drama,3.4631845415539826
190089,3.7345238095238096,420,Hannah Gadsby: Nanette (2018),Comedy,3.463096136373315
72737,3.4957032368948724,3491,"Princess and the Frog, The (2009)",Animation|Children|Fantasy|Musical|Romance,3.4630511526030405
65133,3.7205882352941178,442,Blackadder Back & Forth (1999),Comedy,3.462823861079911
67508,3.6479674796747967,615,"Baader Meinhof Komplex, Der (2008)",Action|Crime|Drama|Thriller,3.46274453712248
45503,3.7295081967213113,427,Peaceful Warrior (2006),Drama,3.462738579109499
6412,3.7475,400,Destry Rides Again (1939),Comedy|Western,3.4627292427494383
27790,3.557404326123128,1202,Millions (2004),Children|Comedy|Crime|Drama|Fantasy,3.4626542184989386
7025,3.70752688172043,465,"Midnight Clear, A (1992)",Drama|War,3.462620823112635
59026,3.677024482109228,531,99 francs (2007),Comedy,3.4625785429159004
277028,3.856401384083045,289,Thirteen Lives (2022),Drama|Thriller,3.4624744480760556
37739,3.6499176276771004,607,"Greatest Game Ever Played, The (2005)",Drama,3.462396314546221
452,3.558080808080808,1188,Widows' Peak (1994),Drama,3.4622903511866587
59126,3.5280833815865664,1727,Religulous (2008),Comedy|Documentary,3.4622020373602465
350,3.468937875751503,16467,"Client, The (1994)",Drama|Mystery|Thriller,3.462031060584241
100106,3.791304347826087,345,"Pervert's Guide to Ideology, The (2012)",Documentary,3.461803343357654
1759,3.748110831234257,397,"Four Days in September (O Que É Isso, Companheiro?) (1997)",Drama,3.4617820183002177
3569,3.5625,1128,"Idiots, The (Idioterne) (1998)",Comedy|Drama,3.4617365136321525
54736,3.513116236996834,2211,"Kingdom, The (2007)",Action|Drama|Thriller,3.4617118604903085
91199,3.7401960784313726,408,Weekend (2011),Drama|Romance,3.461660839732243
2193,3.472105213891229,10683,Willow (1988),Action|Adventure|Fantasy,3.4614719312855144
112582,3.7255813953488373,430,Life Itself (2014),Documentary,3.4614302631022396
4798,3.742574257425743,404,Indiscreet (1958),Comedy|Romance,3.461425954388284
7579,3.6475409836065573,610,Pride and Prejudice (1940),Comedy|Drama|Romance,3.461363378297951
4623,3.487279394911758,4363,Major League (1989),Comedy,3.461255665912121
3816,3.799107142857143,336,"Official Story, The (La historia oficial) (1985)",Drama,3.461215602017628
189041,3.549416342412451,1285,Sicario: Day of the Soldado (2018),Action|Crime|Drama|Thriller,3.46108938367567
6339,3.707158351409978,461,"Man on the Train (Homme du train, L') (2002)",Comedy|Drama,3.4610015574307798
51709,3.5115916183682567,2243,"Host, The (Gwoemul) (2006)",Comedy|Drama|Horror|Sci-Fi|Thriller,3.4609996410851602
3300,3.470555364511692,11632,Pitch Black (2000),Horror|Sci-Fi|Thriller,3.4608038958008325
5300,3.629080118694362,674,3:10 to Yuma (1957),Action|Adventure|Drama|Thriller|Western,3.460792074569412
118696,3.473885793871866,8616,The Hobbit: The Battle of the Five Armies (2014),Adventure|Fantasy,3.4607231898408455
89900,3.781073446327684,354,Once Upon a Time in Anatolia (Bir zamanlar Anadolu'da) (2011),Drama,3.4607148874110307
6268,3.6964656964656966,481,Raising Victor Vargas (2002),Comedy|Drama|Romance,3.4607001036033846
162738,3.680582524271845,515,American Honey (2016),Comedy|Drama,3.4604856730201736
627,3.5191610564474365,1931,"Last Supper, The (1995)",Drama|Thriller,3.460463785320478
4799,3.5215749730312838,1854,"It's a Mad, Mad, Mad, Mad World (1963)",Action|Adventure|Comedy|Crime,3.460442724627947
51834,3.5573139435414887,1169,Becoming Jane (2007),Drama|Romance,3.4603745014599836
941,3.572348860257681,1009,"Mark of Zorro, The (1940)",Adventure,3.460104146291526
3204,3.5344940867279897,1522,"Boys from Brazil, The (1978)",Action|Mystery|Thriller,3.4600852705517595
45722,3.4652716353987243,21481,Pirates of the Caribbean: Dead Man's Chest (2006),Action|Adventure|Fantasy,3.4600005064735733
3812,3.507594936708861,2370,Everything You Always Wanted to Know About Sex * But Were Afraid to Ask (1972),Comedy,3.459836192913097
170357,3.740694789081886,403,Dave Chappelle: The Age of Spin (2017),Comedy,3.4598328050622955
2991,3.4793502678417143,5787,Live and Let Die (1973),Action|Adventure|Thriller,3.4597930723869035
34271,3.569082125603865,1035,Hustle & Flow (2005),Crime|Drama,3.459743753890576
2273,3.467219832001639,14643,Rush Hour (1998),Action|Comedy|Crime|Thriller,3.4594957665321493
26340,3.7532467532467533,385,"Twelve Tasks of Asterix, The (Les douze travaux d'Astérix) (1976)",Action|Adventure|Animation|Children|Comedy|Fantasy,3.4594809995584646
8464,3.467683369644154,13770,Super Size Me (2004),Comedy|Documentary|Drama,3.459470072945817
8147,3.646280991735537,605,Charly (1968),Drama|Sci-Fi,3.4593804961003753
6163,3.6470099667774085,602,He Loves Me... He Loves Me Not (À la folie... pas du tout) (2002),Romance|Thriller,3.4592372847809503
6306,3.8273615635179152,307,I Am Trying to Break Your Heart (2002),Documentary,3.4591923108834512
259659,3.6013853904282116,794,The Last Duel (2021),Drama,3.459070865490565
3538,3.5477129337539433,1268,East is East (1999),Comedy,3.458675592076017
56563,3.6825396825396823,504,Helvetica (2007),Documentary,3.4585801641919383
50685,3.5381086803105153,1417,Waitress (2007),Comedy|Drama|Romance,3.458469899525848
207405,3.54720692368214,1271,Doctor Sleep (2019),Horror,3.4584281897625573
5051,3.5654648956356736,1054,Italian for Beginners (Italiensk for begyndere) (2000),Comedy|Drama|Romance,3.458412008304636
5049,3.4814092029580936,4868,48 Hrs. (1982),Action|Comedy|Crime|Drama,3.4582393647755696
98243,3.4969072164948454,2910,Rise of the Guardians (2012),Adventure|Animation|Children|Fantasy|IMAX,3.4581547391877265
141749,3.5459859703819174,1283,The Danish Girl (2015),Drama,3.458101054651159
4183,3.806501547987616,323,"Unbelievable Truth, The (1989)",Comedy|Drama,3.45771114813798
65130,3.506777437691299,2287,Revolutionary Road (2008),Drama|Romance,3.457535788327659
64701,3.737562189054726,402,I've Loved You So Long (Il y a longtemps que je t'aime) (2008),Drama|Mystery,3.457466593363206
205545,3.7244655581947743,421,Official Secrets (2019),Drama|Romance|Thriller|War,3.4571801845351704
71518,3.529241645244216,1556,Whip It (2009),Comedy|Drama,3.4569588373982554
1029,3.4673779042200095,10545,Dumbo (1941),Animation|Children|Drama|Musical,3.4567176836565197
55094,3.5561946902654866,1130,In the Valley of Elah (2007),Drama|Mystery,3.456715501936406
26172,3.660617059891107,551,Point Blank (1967),Action|Crime|Drama|Thriller,3.4566383368172406
121372,3.866788321167883,274,Bill Burr: Let It Go (2010),Comedy,3.456616954714306
3253,3.463047253997724,16697,Wayne's World (1992),Comedy,3.456320703274545
5483,3.6306376360808708,643,"Kid Stays in the Picture, The (2002)",Documentary,3.456065708734287
8039,3.65625,560,Support Your Local Sheriff! (1969),Comedy|Western,3.4558845415009403
6442,3.6899791231732775,479,Belle époque (1992),Comedy|Romance,3.455783769226694
45728,3.480134607034303,4606,Clerks II (2006),Comedy,3.4557797288554055
142492,3.707865168539326,445,Son of Saul (2015),Drama,3.4557789387809636
4046,3.774928774928775,351,Friendly Persuasion (1956),Drama,3.4555175956327897
31923,3.604249667994688,753,"Three Musketeers, The (1973)",Action|Adventure|Comedy,3.455399746102516
7223,3.710706150341686,439,D.O.A. (1950),Drama|Film-Noir|Mystery,3.455393233929511
3726,3.538233110616184,1347,Assault on Precinct 13 (1976),Action|Thriller,3.455081775562448
324,3.684049079754601,489,"Sum of Us, The (1994)",Comedy|Drama,3.4550277891585726
26425,3.728048780487805,410,"In-Laws, The (1979)",Action|Comedy,3.4549476485356054
1660,3.5435471100554237,1263,Eve's Bayou (1997),Drama,3.4549011215160466
263,3.730295566502463,406,Ladybird Ladybird (1994),Drama,3.4546724776608806
2048,3.502578427159433,2327,"Great Mouse Detective, The (1986)",Action|Animation|Children|Crime,3.4545071647269348
242204,3.733167082294264,401,Riders of Justice (2020),Action|Comedy|Drama,3.4543237507618256
4350,3.727383863080685,409,Forgotten Silver (1996),Comedy|Documentary,3.454119175589163
102125,3.4626249114800536,12709,Iron Man 3 (2013),Action|Sci-Fi|Thriller|IMAX,3.453836270199655
86,3.4791952446273435,4374,White Squall (1996),Action|Adventure|Drama,3.4536686940275825
2443,3.5390206579954095,1307,Playing by Heart (1998),Drama|Romance,3.453605633794017
252180,3.591358024691358,810,Pig (2021),Drama|Thriller,3.4535508599679954
1648,3.5225726654298084,1617,"House of Yes, The (1997)",Comedy|Drama,3.45354252940678
6357,3.6524064171122994,561,High Society (1956),Comedy|Musical|Romance,3.4534695710829864
7647,3.7336683417085426,398,Noises Off... (1992),Comedy,3.4533390100790085
138208,3.5583804143126176,1062,The Walk (2015),Adventure|Drama|Thriller,3.4533259635518427
173369,3.528735632183908,1479,You Were Never Really Here (2017),Drama,3.4533045926385273
36525,3.4991683991683993,2405,Just Like Heaven (2005),Comedy|Fantasy|Romance,3.4528297997739594
179221,3.622713414634146,656,Brawl in Cell Block 99 (2017),Action|Crime|Thriller,3.452829048093834
1533,3.7639664804469275,358,"Promise, The (La promesse) (1996)",Drama,3.4527352209921087
3720,3.6236559139784945,651,Sunshine (1999),Drama,3.452566958128804
7301,3.82013201320132,303,Diary of a Country Priest (Journal d'un curé de campagne) (1951),Drama,3.4525548208373085
100527,3.5836277974087163,849,Safe Haven (2013),Drama|Mystery|Romance,3.4524683537845986
2988,3.6047945205479452,730,Melvin and Howard (1980),Drama,3.45230871960375
26974,3.6096181046676095,707,Gummo (1997),Drama,3.4522073497438126
70567,3.625,644,Adam (2009),Drama|Romance,3.4521951009296794
4495,3.640677966101695,590,Crossing Delancey (1988),Comedy|Romance,3.452097992156527
83,3.640916808149406,589,Once Upon a Time... When We Were Colored (1995),Drama|Romance,3.452040823033907
5267,3.4949768160741885,2588,"Rookie, The (2002)",Drama,3.4519951375163416
93855,3.560487804878049,1025,God Bless America (2011),Comedy|Drama,3.4519703317529715
3167,3.546462063086104,1173,Carnal Knowledge (1971),Comedy|Drama,3.451694919206773
1370,3.4572974932670397,19308,Die Hard 2 (1990),Action|Adventure|Thriller,3.4515421669906843
4998,3.7408854166666665,384,"Defiant Ones, The (1958)",Adventure|Crime|Drama|Thriller,3.451516836182826
244178,3.5435323383084576,1206,The Northman,Adventure|Drama|Thriller,3.4514159087360716
35836,3.4568008759269397,20093,"40-Year-Old Virgin, The (2005)",Comedy|Romance,3.4512737259361272
219,3.6150442477876106,678,"Cure, The (1995)",Drama,3.4512514895027624
522,3.529225352112676,1420,Romper Stomper (1992),Action|Drama,3.4510545902211702
4237,3.7534059945504086,367,"Gleaners & I, The (Les glaneurs et la glaneuse) (2000)",Documentary,3.4509904296478493
204704,3.5340568862275448,1336,Ready or Not (2019),Comedy|Horror|Thriller,3.4509842927756393
1401,3.5240289664252797,1519,Ghosts of Mississippi (1996),Drama,3.450967252457781
114662,3.467771359075707,6578,American Sniper (2014),Action|War,3.450902313732457
156,3.51697438951757,1679,Blue in the Face (1995),Comedy|Drama,3.450886978380679
96,3.6786447638603694,487,In the Bleak Midwinter (1995),Comedy|Drama,3.450828924609472
3851,3.705275229357798,436,I'm the One That I Want (2000),Comedy,3.450817645817069
55901,3.74798927613941,373,"You, the Living (Du levande) (2007)",Comedy|Drama|Musical,3.4506592790160964
140816,3.6479500891265597,561,Tangerine (2015),Comedy|Drama,3.450382770243377
1615,3.4892832044975406,2846,"Edge, The (1997)",Adventure|Drama,3.450342500765812
2394,3.463985668396343,8094,"Prince of Egypt, The (1998)",Animation|Musical,3.4502948621726386
5015,3.4689132266217353,5935,Monster's Ball (2001),Drama|Romance,3.4502441833826727
982,3.632401315789474,608,Picnic (1955),Drama,3.450186726129199
6218,3.46027972027972,10725,Bend It Like Beckham (2002),Comedy|Drama|Romance,3.449955349111994
1034,3.5165363800360794,1663,Freeway (1996),Comedy|Crime|Drama|Thriller,3.4499529293478273
7832,3.872137404580153,262,"Thin Man Goes Home, The (1945)",Comedy|Crime|Mystery,3.4497259847721873
937,3.6405172413793103,580,Love in the Afternoon (1957),Comedy|Romance,3.449710466425516
4339,3.603616133518776,719,Von Ryan's Express (1965),Action|Adventure|Drama|War,3.449700388077395
1339,3.4594475333156827,11331,Dracula (Bram Stoker's Dracula) (1992),Fantasy|Horror|Romance|Thriller,3.449681344883817
118880,3.6059322033898304,708,"Girl Walks Home Alone at Night, A (2014)",Horror|Romance|Thriller,3.449644691838343
8610,3.551708217913204,1083,All of Me (1984),Comedy|Fantasy,3.449557028020205
7040,3.5762614678899083,872,To Live and Die in L.A. (1985),Action|Crime|Drama|Thriller,3.4494290352574812
56152,3.4697807259996316,5427,Enchanted (2007),Adventure|Animation|Children|Comedy|Fantasy|Musical|Romance,3.4494027388819593
802,3.4571418434683885,14093,Phenomenon (1996),Drama|Romance,3.4492964673871738
7792,3.6143497757847536,669,"Parallax View, The (1974)",Thriller,3.4491393459201554
893,3.636440677966102,590,Mother Night (1996),Drama,3.449117899177626
4966,3.603641456582633,714,"Incredible Shrinking Man, The (1957)",Sci-Fi|Thriller,3.448919935216648
3985,3.5802615933412603,841,"Eagle Has Landed, The (1976)",Drama|War,3.4489081618681627
134214,3.588495575221239,791,Youth (2015),Drama,3.4488556646024717
8609,3.773529411764706,340,Our Hospitality (1923),Comedy,3.448743429478877
174487,3.8058252427184467,309,"Don't Hug Me, I'm Scared (2011)",Animation|Fantasy|Horror,3.448583985696559
6031,3.714975845410628,414,Imitation of Life (1959),Drama|Romance,3.4484311443960034
5544,3.5649419218585003,947,Time After Time (1979),Sci-Fi|Thriller,3.4484196050005105
159415,3.498851630684428,2177,Swiss Army Man (2016),Comedy|Drama|Romance,3.448190364656462
206939,3.8641509433962264,265,Undone (2019),Animation|Drama|Sci-Fi,3.44807356610257
50594,3.790372670807453,322,Daisies (Sedmikrasky) (1966),Comedy|Drama,3.448003162760747
5938,3.6087591240875914,685,Deathtrap (1982),Comedy|Crime|Mystery|Thriller,3.4478691568905777
1173,3.480187848547109,3407,"Cook the Thief His Wife & Her Lover, The (1989)",Comedy|Drama,3.4478418462266776
175667,3.7472826086956523,368,Columbus (2017),Drama,3.4478278580322756
26585,3.695945945945946,444,"Better Tomorrow, A (Ying hung boon sik) (1986)",Crime|Drama|Thriller,3.4477774651755095
3547,3.6815286624203822,471,Prick Up Your Ears (1987),Comedy|Drama,3.4476524595362004
261705,3.642730496453901,564,"tick, tick...BOOM! (2021)",Drama,3.4474904731456646
278980,3.6781970649895177,477,The Fabelmans (2022),Drama,3.4473963433256793
4921,3.614916286149163,657,Little Women (1933),Drama|Romance,3.447361745910267
60943,3.6368330464716006,581,Frozen River (2008),Drama,3.4473611346187623
73854,3.5760233918128654,855,"Rudolph, the Red-Nosed Reindeer (1964)",Adventure|Animation|Children|Fantasy|Musical,3.447291426415536
7485,3.862264150943396,265,Good Morning (Ohayô) (1959),Comedy,3.4471006141663953
37495,3.8236301369863015,292,Survive Style 5+ (2004),Fantasy|Mystery|Romance|Thriller,3.446968026659476
59731,3.656190476190476,525,"Bigger, Stronger, Faster* (2008)",Documentary,3.446782537304704
1897,3.5469890510948905,1096,High Art (1998),Drama|Romance,3.4466986434828693
159858,3.498353715898401,2126,The Conjuring 2 (2016),Horror,3.4466567037012554
72171,3.580194410692588,823,Black Dynamite (2009),Action|Comedy,3.4466508122213924
7087,3.6497227356746764,541,"Passage to India, A (1984)",Adventure|Drama,3.4465945127485895
2371,3.4624081809016274,6943,Fletch (1985),Comedy|Crime|Mystery,3.446580876488843
1033,3.4669260700389106,5397,"Fox and the Hound, The (1981)",Animation|Children|Drama,3.446565650404738
171765,3.5174081237911023,1551,Okja (2017),Action|Adventure|Drama|Sci-Fi,3.446560923173571
8016,3.6080882352941175,680,"Getaway, The (1972)",Action|Crime|Drama|Thriller,3.446512009495221
110110,3.666,500,Starred Up (2013),Drama,3.446341308078663
48872,3.6993087557603688,434,13 Tzameti (2005),Film-Noir|Thriller,3.4462805763949493
72395,3.5130858186244676,1643,Precious (2009),Drama,3.4462524476029976
73587,3.6666666666666665,498,Soul Kitchen (2009),Comedy,3.4461976243407557
61024,3.4593134901584253,8332,Pineapple Express (2008),Action|Comedy|Crime,3.446137934904277
33564,3.8096026490066226,302,Divorce - Italian Style (Divorzio all'italiana) (1961),Comedy,3.4461154576513167
1190,3.5091954022988507,1740,Tie Me Up! Tie Me Down! (¡Átame!) (1990),Crime|Drama|Romance,3.446108404454779
60408,3.6419642857142858,560,Welcome to the Sticks (Bienvenue chez les Ch'tis) (2008),Comedy,3.445994567462122
103141,3.4626537118566874,6587,Monsters University (2013),Adventure|Animation|Comedy,3.445993213127768
73321,3.4596292610102015,8038,"Book of Eli, The (2010)",Action|Adventure|Drama,3.445976783311022
192283,3.496959775491113,2138,Crazy Rich Asians (2018),Comedy,3.4456680236374
896,3.661417322834646,508,Wild Reeds (Les roseaux sauvages) (1994),Drama,3.445587271264514
7844,3.7096385542168675,415,"Legend, The (Legend of Fong Sai-Yuk, The) (Fong Sai Yuk) (1993)",Action|Comedy,3.4454963181504907
3639,3.4687765505522514,4708,"Man with the Golden Gun, The (1974)",Action|Adventure|Thriller,3.445493152095082
87306,3.462068443367656,6604,Super 8 (2011),Mystery|Sci-Fi|Thriller|IMAX,3.4454705315443257
27674,3.558008213552361,974,11:14 (2003),Comedy|Crime|Drama|Mystery|Thriller,3.445469789533167
4077,3.5895915678524375,759,"With a Friend Like Harry... (Harry, un ami qui vous veut du bien) (2000)",Drama|Thriller,3.4452475499753055
183843,3.5327476038338657,1252,Mandy (2018),Action|Fantasy|Horror,3.445242858031921
8636,3.4492941568787283,26989,Spider-Man 2 (2004),Action|Adventure|Sci-Fi|IMAX,3.4452349485687264
3087,3.4621934072801124,6401,Scrooged (1988),Comedy|Fantasy|Romance,3.4450841374486996
69604,3.528115501519757,1316,Whatever Works (2009),Comedy|Romance,3.4449261969583427
32792,3.835714285714286,280,"Red Desert (Deserto rosso, Il) (1964)",Drama,3.4448194471924953
86190,3.476039260969977,3464,Hanna (2011),Action|Adventure|Mystery|Thriller,3.444467937628299
1810,3.471156196528966,4091,Primary Colors (1998),Comedy|Drama,3.4444261401461116
83369,3.571761960326721,857,"Way Back, The (2010)",Drama,3.4442219057962844
53000,3.4580739423199085,7871,28 Weeks Later (2007),Horror|Sci-Fi|Thriller,3.4441883527654418
197197,3.671875,480,The Report (2019),Drama,3.4441830232132125
8917,3.4568141592920356,8475,Team America: World Police (2004),Action|Adventure|Animation|Comedy,3.4439258824172807
117867,3.6613545816733066,502,'71 (2014),Action|Drama|Thriller|War,3.4438207559197105
68486,3.720253164556962,395,Red Cliff Part II (Chi Bi Xia: Jue Zhan Tian Xia) (2009),Action|Drama|War,3.4438033943471202
5244,3.726683937823834,386,Shogun Assassin (1980),Action|Adventure,3.443794307166657
165603,3.5213068181818183,1408,The Autopsy of Jane Doe (2016),Horror,3.443759433653275
7149,3.466659379099257,4574,Something's Gotta Give (2003),Comedy|Drama|Romance,3.442838334947876
118898,3.5577942735949097,943,A Most Violent Year (2014),Action|Crime|Drama|Thriller,3.4423735259838164
5792,3.5455840455840457,1053,Roger Dodger (2002),Comedy|Drama,3.442249793087112
7151,3.4840445982314496,2601,Girl with a Pearl Earring (2003),Drama|Romance,3.44221376385842
3753,3.4480509020618557,18624,"Patriot, The (2000)",Action|Drama|War,3.4422089348017586
959,3.695804195804196,429,Of Human Bondage (1934),Drama,3.4421964974481645
108981,3.5177576601671308,1436,Nymphomaniac: Volume II (2013),Drama|Mystery,3.442023268811271
1566,3.4538342882327018,9076,Hercules (1997),Adventure|Animation|Children|Comedy|Musical,3.441856213537959
4533,3.5052508751458578,1714,"Return of the Living Dead, The (1985)",Comedy|Horror|Sci-Fi,3.441828420001075
4454,3.7803738317757007,321,More (1998),Animation|Drama|Sci-Fi|IMAX,3.4417704959117574
6178,3.8339350180505414,277,"Patch of Blue, A (1965)",Drama|Romance,3.4416524160869186
2707,3.4562406424390906,7347,Arlington Road (1999),Thriller,3.441457234247437
3230,3.6364452423698386,557,"Odessa File, The (1974)",Thriller,3.441450559151397
2929,3.512828947368421,1520,Reds (1981),Drama|Romance,3.4413844794053423
103849,3.7753846153846156,325,New World (Shin-sae-gye) (2013),Thriller,3.441305115211903
4448,3.461381359079094,5386,"Score, The (2001)",Action|Drama,3.441226109712703
144,3.4652424175337613,4517,"Brothers McMullen, The (1995)",Comedy,3.4412104755912023
58347,3.522031366691561,1339,Penelope (2006),Comedy|Fantasy|Romance,3.4410006962781727
3950,3.51377688172043,1488,Tigerland (2000),Drama,3.4408803072255805
26485,3.627147766323024,582,Rumble Fish (1983),Drama,3.4408051578049235
163,3.4473877626018252,16327,Desperado (1995),Action|Romance|Western,3.44074620416509
139642,3.515538674033149,1448,Southpaw (2015),Action|Drama,3.4406653342095055
8739,3.86046511627907,258,Mamma Roma (1962),Drama,3.4404517767214653
8797,3.8618677042801557,257,Salesman (1969),Documentary,3.4403340692233852
49130,3.54089219330855,1076,"Good Year, A (2006)",Comedy|Drama|Romance,3.440233229390981
4912,3.5476190476190474,1008,Funny Girl (1968),Drama|Musical|Romance,3.440182198758939
2025,3.47983131646498,2727,Lolita (1997),Drama|Romance,3.4401239979905607
188301,3.4634540750323417,4638,Ant-Man and the Wasp (2018),Action|Adventure|Comedy|Fantasy|Sci-Fi,3.4401082497329822
1042,3.452292441140025,8877,That Thing You Do! (1996),Comedy|Drama,3.440095224100649
120130,3.857142857142857,259,Into the Forest of Fireflies' Light (2011),Animation|Drama|Fantasy,3.4395845749559175
5959,3.4960794563512807,1913,Narc (2002),Crime|Drama|Thriller,3.439550860641154
56941,3.474441928178583,3091,P.S. I Love You (2007),Comedy|Drama|Romance,3.4394637580826104
3680,3.742296918767507,357,"Decline of Western Civilization Part II: The Metal Years, The (1988)",Documentary,3.4394537145075272
1701,3.4715048975957257,3369,Deconstructing Harry (1997),Comedy|Drama,3.4394165138948316
4061,3.5233281493001556,1286,The Man in the Moon (1991),Drama|Romance,3.4392892081699857
26631,3.736914600550964,363,Alice (Neco z Alenky) (1988),Animation|Fantasy|Mystery,3.439230275568084
33004,3.4475853487829538,12859,"Hitchhiker's Guide to the Galaxy, The (2005)",Adventure|Comedy|Sci-Fi,3.4391828596205425
27178,3.853846153846154,260,In July (Im Juli) (2000),Comedy|Romance,3.4387207813325027
587,3.4419893768142797,32382,Ghost (1990),Comedy|Drama|Fantasy|Romance|Thriller,3.438656764159742
63808,3.6340579710144927,552,"Class, The (Entre les murs) (2008)",Drama,3.438587845698727
5642,3.7103274559193955,397,"Onion Field, The (1979)",Drama,3.438558609103748
2344,3.4980673660960795,1811,Runaway Train (1985),Action|Adventure|Drama|Thriller,3.438499444448813
7028,3.5718711276332096,807,Quick Change (1990),Comedy|Crime,3.4382659395966577
5707,3.585149863760218,734,Absence of Malice (1981),Drama|Romance,3.438259238600174
3179,3.5046182266009853,1624,Angela's Ashes (1999),Drama,3.438232156345833
114627,3.846590909090909,264,Angel's Egg (Tenshi no tamago) (1985),Animation|Drama|Fantasy,3.4382238362645947
26007,3.7241379310344827,377,"Unknown Soldier, The (Tuntematon sotilas) (1955)",Drama|War,3.4381930110562555
52241,3.5255681818181817,1232,"Lookout, The (2007)",Crime|Drama|Thriller,3.4380883284624963
88179,3.5250403877221324,1238,One Day (2011),Drama|Romance,3.438001886892266
131050,3.8146853146853146,286,Stargate SG-1 Children of the Gods - Final Cut (2009),Adventure|Sci-Fi|Thriller,3.4379603769304747
8191,3.7636363636363637,330,Anne of the Thousand Days (1969),Drama,3.437493531905529
4738,3.6192893401015227,591,Happy Accidents (2000),Romance|Sci-Fi,3.4372723010121566
5945,3.452061635040662,7009,About Schmidt (2002),Comedy|Drama,3.436733077835202
71057,3.461049284578696,4403,9 (2009),Adventure|Animation|Sci-Fi,3.436652766744795
6785,3.5406976744186047,1032,Seven Brides for Seven Brothers (1954),Comedy|Musical|Romance|Western,3.4366187880553603
42730,3.5850622406639006,723,Glory Road (2006),Drama,3.4365315419488742
837,3.4511921458625525,7130,Matilda (1996),Children|Comedy|Fantasy,3.436144277008783
4191,3.569912609238452,801,Alfie (1966),Comedy|Drama|Romance,3.436008196609307
735,3.518447348193697,1301,Cemetery Man (Dellamorte Dellamore) (1994),Horror,3.436005552371192
3221,3.642581888246628,519,"Draughtsman's Contract, The (1982)",Drama,3.4359486985546432
832,3.4425968399592253,15696,Ransom (1996),Crime|Thriller,3.435767236271166
3700,3.5325497287522603,1106,"Brother from Another Planet, The (1984)",Drama|Sci-Fi,3.4356520817920955
197877,3.7047738693467336,398,American Factory (2019),Documentary,3.435561919338554
3406,3.6768018018018016,444,Captain Horatio Hornblower R.N. (1951),Action|Adventure|Drama|War,3.4355101827393715
81817,3.7972972972972974,296,Carlos (2010),Crime|Drama|Thriller,3.4354285293083335
164,3.458929751156133,4541,Devil in a Blue Dress (1995),Crime|Film-Noir|Mystery|Thriller,3.435346250573104
5516,3.7171052631578947,380,Read My Lips (Sur mes lèvres) (2001),Crime|Drama|Thriller,3.4353076890127374
27857,3.808362369337979,287,As it is in Heaven (Så som i himmelen) (2004),Drama|Musical|Romance,3.4352771144245393
64983,3.4675560946027897,3298,Valkyrie (2008),Drama|Thriller|War,3.435102485443658
160848,3.649,500,The Red Turtle (2016),Animation,3.4349913281080395
4508,3.503868471953578,1551,Gorillas in the Mist (1988),Drama,3.434893608322746
3447,3.7146596858638743,382,"Good Earth, The (1937)",Drama,3.434720249833746
2427,3.4459076600209864,9530,"Thin Red Line, The (1998)",Action|Drama|War,3.434687439857255
27838,3.5532150776053215,902,Mean Creek (2004),Drama|Thriller,3.4346728695978026
56757,3.4467637356387213,8791,Sweeney Todd: The Demon Barber of Fleet Street (2007),Drama|Horror|Musical|Thriller,3.4346027064038442
32582,3.7966101694915255,295,"Wild Parrots of Telegraph Hill, The (2003)",Documentary,3.434390523294927
106011,3.763076923076923,325,"Blue Umbrella, The (2013)",Animation,3.434335259836402
5732,3.686761229314421,423,Eye of the Needle (1981),Thriller,3.434238734365398
851,3.495664739884393,1730,Basquiat (1996),Drama,3.4339607891354342
117109,3.745614035087719,342,Too Many Cooks (2014),Comedy,3.433685912371147
2085,3.4443883730318934,9908,101 Dalmatians (One Hundred and One Dalmatians) (1961),Adventure|Animation|Children,3.4336229563764644
4220,3.515817901234568,1296,"Longest Yard, The (1974)",Comedy,3.433532918389611
7459,3.701005025125628,398,Carandiru (2003),Crime|Drama,3.433243168372408
137857,3.465611685940353,3286,The Jungle Book (2016),Adventure|Drama|Fantasy,3.4331848158703533
136602,3.543704474505723,961,Creep (2014),Horror|Thriller,3.432899417819746
159093,3.4558632626568584,4622,Now You See Me 2 (2016),Action|Comedy|Thriller,3.4328286365189413
4833,3.552601809954751,884,"Changeling, The (1980)",Horror|Mystery|Thriller,3.432310888533949
115664,3.5172275641025643,1248,The Book of Life (2014),Adventure|Animation|Romance,3.4320696142829257
64278,3.797250859106529,291,"Pervert's Guide to Cinema, The (2006)",Documentary,3.4320522423043354
61026,3.609166666666667,600,Red Cliff (Chi bi) (2008),Action|Adventure|Drama|War,3.43204736202157
176419,3.4728532922603,2597,Mother! (2017),Drama|Horror|Mystery|Thriller,3.431942445490042
597,3.434522442522136,39189,Pretty Woman (1990),Comedy|Romance,3.4318121655975617
4645,3.660215053763441,465,Cure (1997),Crime|Horror|Thriller,3.4318041821265037
255335,3.4889368591473287,1853,Shang-Chi and the Legend of the Ten Rings (2021),Action|Adventure|Fantasy,3.4316404232456876
80185,3.7094240837696337,382,GasLand (2010),Documentary,3.431550175336996
506,3.5019960079840318,1503,Orlando (1992),Drama|Fantasy|Romance,3.4313973432388325
115170,3.5048678720445063,1438,"Judge, The (2014)",Drama,3.43112514412242
90746,3.4562439729990357,4148,"Adventures of Tintin, The (2011)",Action|Animation|Mystery|IMAX,3.430704588601085
4523,3.6323809523809523,525,Milagro Beanfield War (1988),Comedy|Drama|Fantasy,3.430630579687441
934,3.457254211717375,3977,Father of the Bride (1950),Comedy,3.4306218806928968
106696,3.4398306611421368,11102,Frozen (2013),Adventure|Animation|Comedy|Fantasy|Musical|Romance,3.4302975980424564
2181,3.5060931899641576,1395,Marnie (1964),Drama|Mystery|Romance|Thriller,3.430236027507823
4640,3.5785413744740535,713,Brother (2000),Action|Crime|Thriller,3.4301538679905508
202103,3.5168585526315788,1216,I Am Mother (2019),Sci-Fi|Thriller,3.42990306889215
87004,3.847826086956522,253,Pina (2011),Documentary|Musical,3.429896404901596
25793,3.702842377260982,387,Vampyr (1932),Fantasy|Horror,3.4297295260577303
71135,3.466388018112156,2871,Pandorum (2009),Horror|Sci-Fi|Thriller,3.4295858859643293
4678,3.478321033210332,2168,UHF (1989),Comedy,3.429585421664161
7481,3.4983723958333335,1536,Enemy Mine (1985),Adventure|Drama|Sci-Fi,3.429584293585137
2290,3.5181281618887015,1186,Stardust Memories (1980),Comedy|Drama,3.429134438372089
3927,3.487095002745744,1821,Fantastic Voyage (1966),Adventure|Sci-Fi,3.4291342604087687
195167,3.6700913242009134,438,On the Basis of Sex (2018),Drama,3.429123606958962
7074,3.761006289308176,318,"Navigator, The (1924)",Comedy,3.429114492185766
2090,3.4569151809832523,3702,"Rescuers, The (1977)",Adventure|Animation|Children|Crime|Drama,3.42845048106004
1904,3.535132382892057,982,Henry Fool (1997),Comedy|Drama,3.4279510972622558
2284,3.717032967032967,364,Bandit Queen (1994),Drama,3.427908313950254
213914,3.5604534005037785,794,Greyhound (2020),War,3.4279077626043826
71304,3.5681818181818183,748,Thirst (Bakjwi) (2009),Drama|Horror,3.4275905362825867
142222,3.5463276836158193,885,Demolition (2016),Drama,3.427520068454106
84601,3.465673810388667,2753,Unknown (2011),Drama|Mystery|Thriller,3.4274842618408714
4276,3.557549504950495,808,Lost in America (1985),Comedy,3.4274434720599025
40278,3.4481598733676297,5054,Jarhead (2005),Action|Drama|War,3.427363330558772
8807,3.4417388911817306,7269,Harold and Kumar Go to White Castle (2004),Adventure|Comedy,3.4272822205163824
7720,3.5950479233226837,626,"Four Musketeers, The (1974)",Action|Adventure|Comedy|Romance,3.4272088302893025
271917,3.6904761904761907,399,The Outfit (2022),Crime|Drama|Thriller,3.4271724118229834
2023,3.4355427551517117,12326,"Godfather: Part III, The (1990)",Crime|Drama|Mystery|Thriller,3.4270224817390282
30850,3.550647820965842,849,"Merchant of Venice, The (2004)",Drama,3.426965120338929
7895,3.6745283018867925,424,Bring Me the Head of Alfredo Garcia (1974),Crime|Drama|Thriller,3.4269059379107016
514,3.448696558915537,4795,"Ref, The (1994)",Comedy,3.426805647538633
205,3.5048399106478034,1343,Unstrung Heroes (1995),Comedy|Drama,3.4267008013192477
2557,3.679951690821256,414,I Stand Alone (Seul contre tous) (1998),Drama|Thriller,3.4265575586364623
4664,3.62984496124031,516,Shirley Valentine (1989),Comedy|Romance,3.4265459610669504
165503,3.8050541516245486,277,Mr. Church (2016),Drama,3.426440398593099
224,3.4382659489176497,8731,Don Juan DeMarco (1995),Comedy|Drama|Romance,3.4262592017305438
746,3.719887955182073,357,Force of Evil (1948),Film-Noir,3.4262502155803114
7333,3.8171641791044775,268,"Corbeau, Le (Raven, The) (1943)",Crime|Drama|Thriller,3.4261269213002725
3947,3.546712802768166,867,Get Carter (1971),Action|Crime|Drama|Thriller,3.4259028637154856
3033,3.432720200421941,15168,Spaceballs (1987),Comedy|Sci-Fi,3.4258161501741666
39,3.4290240397177945,30616,Clueless (1995),Comedy|Romance,3.425605299405477
68848,3.5170454545454546,1144,"Brothers Bloom, The (2008)",Adventure|Comedy|Crime|Romance,3.4255617816211577
2425,3.5965630114566283,611,"General, The (1998)",Crime,3.42535760625667
1925,3.684863523573201,403,Wings (1927),Action|Drama|Romance|War,3.4253183089739387
101415,3.59688013136289,609,"First Time, The (2012)",Comedy|Drama|Romance,3.4251835943817586
3678,3.6424116424116426,481,"Man with the Golden Arm, The (1955)",Drama,3.4250787856146196
136562,3.481986899563319,1832,Steve Jobs (2015),Drama,3.4249435367485757
8623,3.4604145429833504,2943,Roxanne (1987),Comedy|Romance,3.4249083635515247
5279,3.726878612716763,346,Impromptu (1991),Comedy|Romance,3.424886544999345
2721,3.580597014925373,670,Trick (1999),Comedy|Romance,3.4247088971815334
10,3.4278499722855207,32474,GoldenEye (1995),Action|Adventure|Thriller,3.424634277696051
89039,3.494634473507713,1491,Another Earth (2011),Drama|Romance|Sci-Fi,3.4246019918501696
8117,3.675480769230769,416,In China They Eat Dogs (I Kina spiser de hunde) (1999),Action|Comedy,3.424522493036714
952,3.4647398843930635,2595,Around the World in 80 Days (1956),Adventure|Comedy,3.42451035747393
156369,3.768976897689769,303,Zero Days (2016),Documentary,3.424470022866662
90405,3.4377072175465444,7842,In Time (2011),Crime|Sci-Fi|Thriller,3.424398398895069
116905,3.749221183800623,321,Patema Inverted (2013),Adventure|Animation|Drama|Fantasy|Sci-Fi,3.4242235578524496
101973,3.6072056239015815,569,Disconnect (2012),Drama|Thriller,3.4239699298448594
1794,3.50990916597853,1211,Love and Death on Long Island (1997),Comedy|Drama,3.4238406778684225
31770,3.806985294117647,272,Night and the City (1950),Film-Noir|Thriller,3.4238145625266094
79592,3.4451686323194703,4833,"Other Guys, The (2010)",Action|Comedy,3.4236142005195127
190939,3.501878287002254,1331,A Simple Favor (2018),Crime|Mystery|Thriller,3.42361225749738
164981,3.5295015259409968,983,Allied (2016),Action|Drama|Romance|Thriller|War,3.423544935157164
54256,3.477829942618675,1917,Hot Rod (2007),Comedy,3.4235029344014545
142448,3.4900641025641024,1560,Everest (2015),Adventure|Drama|Thriller,3.423331862247836
2437,3.5432027649769586,868,Wilde (1997),Drama,3.423283199588245
6743,3.540586245772266,887,Jungle Book (1942),Adventure|Fantasy,3.423245889268519
226202,3.4720657276995306,2130,Free Guy (2020),Action|Adventure|Comedy|Sci-Fi,3.423206106023839
25753,3.8353174603174605,252,Greed (1924),Drama,3.422769026991637
58191,3.7386018237082066,329,Taxi to the Dark Side (2007),Documentary,3.422676943450616
58351,3.6743341404358354,413,City of Men (Cidade dos Homens) (2007),Drama,3.4226695960418656
179085,3.5151245551601424,1124,The Ritual (2017),Horror,3.42265642480888
79242,3.4767745302713986,1916,"Kids Are All Right, The (2010)",Comedy|Drama,3.4225437690517393
176933,3.53372591006424,934,The Foreigner (2017),Action|Thriller,3.4224913396061467
69712,3.544917257683215,846,My Sister's Keeper (2009),Drama,3.4221983794137465
51705,3.6225868725868726,518,Priceless (Hors de prix) (2006),Comedy|Romance,3.422173693597745
4863,3.7185714285714284,350,Female Trouble (1975),Comedy|Crime,3.4220487654368186
309,3.6515486725663715,452,"Red Firecracker, Green Firecracker (Pao Da Shuang Deng) (1994)",Drama,3.4219788923100456
1554,3.497805413313826,1367,"Pillow Book, The (1996)",Drama|Romance,3.421910393972468
3604,3.6033274956217163,571,Gypsy (1962),Musical,3.421716069789134
66785,3.5745937961595273,677,"Good, the Bad, the Weird, The (Joheunnom nabbeunnom isanghannom) (2008)",Action|Adventure|Comedy|Western,3.4214980080139443
4410,3.5277492291880783,973,Something Wild (1986),Comedy|Crime|Drama,3.421282433603495
861,3.459549316586627,2707,Supercop (Police Story 3: Supercop) (Jing cha gu shi III: Chao ji jing cha) (1992),Action|Comedy|Crime|Thriller,3.4212811683819178
27820,3.7540192926045015,311,"Story of the Weeping Camel, The (Geschichte vom weinenden Kamel, Die) (2003)",Documentary|Drama,3.4210841322023766
4713,3.4737378888322286,1961,Altered States (1980),Drama|Sci-Fi,3.4209534393502468
224280,3.4822380106571935,1689,No Time to Die (2020),Action|Adventure|Mystery|Thriller,3.420953096454983
2528,3.4383423180592994,5936,Logan's Run (1976),Action|Adventure|Sci-Fi,3.4209065636663665
62293,3.5155535224153707,1093,"Duchess, The (2008)",Drama|Romance,3.4208696666071328
4166,3.576923076923077,663,Series 7: The Contenders (2001),Action|Drama,3.420841107160995
3076,3.569884726224784,694,Irma la Douce (1963),Comedy,3.4207922426769657
4803,3.5220372184133204,1021,Play Misty for Me (1971),Drama|Thriller,3.42071423389252
26241,3.779513888888889,288,The Devils (1971),Drama,3.420497309778564
25927,3.652808988764045,445,"Stranger, The (1946)",Drama|Film-Noir|Thriller,3.4204712575588863
183197,3.8059701492537314,268,Dave Chappelle: Equanimity (2017),Comedy,3.420323090772124
145839,3.567857142857143,700,Concussion (2015),Drama,3.4202392302878186
1151,3.66046511627907,430,Lesson Faust (1994),Animation|Comedy|Drama|Fantasy,3.4201870755930344
6609,3.7598684210526314,304,"Gospel According to St. Matthew, The (Vangelo secondo Matteo, Il) (1964)",Drama,3.4200850164950456
61132,3.429469402847107,10818,Tropic Thunder (2008),Action|Adventure|Comedy|War,3.419924731010501
5026,3.44941411831952,3499,"Brotherhood of the Wolf (Pacte des loups, Le) (2001)",Action|Mystery|Thriller,3.4199058154219997
8711,3.6254980079681274,502,Mr. Blandings Builds His Dream House (1948),Comedy,3.419849521401133
3761,3.6311475409836067,488,"Blood In, Blood Out (1993)",Action|Crime|Drama|Thriller,3.4196838181844362
42197,3.5713235294117647,680,Keeping Mum (2005),Comedy|Crime,3.419598455829595
33437,3.473753280839895,1905,Unleashed (Danny the Dog) (2005),Action|Crime|Drama|Thriller,3.419594691313483
2989,3.4400973038718834,4933,For Your Eyes Only (1981),Action|Adventure|Thriller,3.419202417186768
27329,3.782685512367491,283,Paradise Lost 2: Revelations (2000),Documentary,3.418809937244051
85354,3.6724137931034484,406,Mesrine: Public Enemy #1 (L'ennemi public n°1) (2008),Action|Crime,3.4187891366927943
7749,3.6690997566909975,411,Weekend (a.k.a. Le Week-end) (Week End) (1967),Drama,3.4186467731779224
82463,3.6519274376417235,441,Another Year (2010),Drama,3.4185606691116264
58490,3.5672937771345876,691,Miss Pettigrew Lives for a Day (2008),Comedy|Romance,3.4184115391213012
43,3.458398133748056,2572,Restoration (1995),Drama,3.4184001579708996
2725,3.568814055636896,683,Twin Falls Idaho (1999),Drama,3.418247672089399
34162,3.4252751760443014,14627,Wedding Crashers (2005),Comedy|Romance,3.418244610787926
85020,3.4572192513368982,2618,"Mechanic, The (2011)",Action|Drama|Thriller,3.4179654001256097
39234,3.547528517110266,789,North Country (2005),Drama,3.4174438824743336
210539,3.8091603053435112,262,Don't F**k With Cats: Hunting an Internet Killer (2019),Documentary,3.417430036445705
7155,3.4838082901554404,1544,Calendar Girls (2003),Comedy,3.4173489908082497
48412,3.511467889908257,1090,"Guardian, The (2006)",Action|Adventure|Drama,3.417331395638293
4439,3.6858638743455496,382,Christiane F. (a.k.a. We Children from Bahnhof Zoo) (Christiane F. - Wir Kinder vom Bahnhof Zoo) (1981),Drama,3.417284840101618
167064,3.714492753623188,345,I Am Not Your Negro (2017),Documentary,3.4171830369087575
3304,3.678117048346056,393,Blue Collar (1978),Crime|Drama,3.4171444237733457
2490,3.4277492937114156,9557,Payback (1999),Action|Thriller,3.4170208757605227
3852,3.4706345044572626,1907,"Tao of Steve, The (2000)",Comedy,3.416886221819245
35,3.485303941215765,1497,Carrington (1995),Drama|Romance,3.4168423195028987
85788,3.4483343615052435,3242,Insidious (2010),Fantasy|Horror|Thriller,3.4167306441376466
1619,3.4347710800777795,5657,Seven Years in Tibet (1997),Adventure|Drama|War,3.4166621523595238
77561,3.422510088309258,17099,Iron Man 2 (2010),Action|Adventure|Sci-Fi|Thriller|IMAX,3.416521020159219
26158,3.791208791208791,273,Closely Watched Trains (Ostre sledované vlaky) (1966),Comedy|Drama|War,3.4162962360990816
4212,3.5425925925925927,810,Death on the Nile (1978),Crime|Mystery,3.4162479985079903
2481,3.637149028077754,463,My Name Is Joe (1998),Drama|Romance,3.416160985559925
8482,3.6406593406593406,455,"Picture of Dorian Gray, The (1945)",Drama|Fantasy|Horror,3.4159184623101444
1101,3.419706664450723,24068,Top Gun (1986),Action|Romance,3.415462703124992
1611,3.449966193373901,2958,My Own Private Idaho (1991),Drama|Romance,3.4154370281643054
2237,3.651270207852194,433,Without Limits (1998),Drama,3.415405492917013
89896,3.8065134099616857,261,"Turin Horse, The (A Torinói ló) (2011)",Drama,3.4153069339480506
77837,3.6691542288557213,402,You Don't Know Jack (2010),Drama,3.415217399938717
211,3.588135593220339,590,"Browning Version, The (1994)",Drama,3.4151448392181556
5605,3.755,300,Ratcatcher (1999),Drama,3.4149480882129915
7020,3.6782945736434107,387,Proof (1991),Comedy|Drama|Romance,3.4147900701684395
7840,3.6294736842105264,475,Gunga Din (1939),Adventure|Comedy|War,3.4147879619009682
103810,3.4554712460063897,2504,Red 2 (2013),Action|Comedy|Crime|Thriller,3.414749902146867
5685,3.5436156763590394,791,Real Women Have Curves (2002),Comedy|Drama,3.4147177667276765
25856,3.6712846347607053,397,Wuthering Heights (1939),Drama|Romance,3.414561086267396
1047,3.425526173772261,9265,"Long Kiss Goodnight, The (1996)",Action|Drama|Thriller,3.4145266405596137
204878,3.566417910447761,670,Dolemite Is My Name (2019),Comedy|Drama,3.414370449037013
25868,3.7483552631578947,304,Ball of Fire (1941),Comedy|Romance,3.413754757858764
212461,3.467656415694592,1886,The Invisible Man (2020),Horror|Sci-Fi|Thriller,3.413726640882529
1013,3.435037720033529,4772,"Parent Trap, The (1961)",Children|Comedy|Romance,3.4137236363241876
7894,3.6037383177570095,535,"Duck, You Sucker (1971)",Action|Western,3.4136560857508753
167380,3.6219262295081966,488,A Dog's Purpose (2017),Comedy|Drama,3.4135771551365326
26694,3.792910447761194,268,Ju Dou (1990),Drama,3.413551955155951
3398,3.451709883502443,2661,"Muppets Take Manhattan, The (1984)",Children|Comedy|Musical,3.413507338953267
48744,3.5155778894472363,995,Shortbus (2006),Comedy|Drama|Romance,3.413429540654483
62250,3.5550906555090656,717,Gomorrah (Gomorra) (2008),Crime|Drama,3.413360602153547
5633,3.585593220338983,590,Heaven (2002),Drama,3.4133567834308147
3101,3.423249245154378,10267,Fatal Attraction (1987),Drama|Thriller,3.4133516870282246
4765,3.5944741532976825,561,L.I.E. (2001),Drama,3.413341160168059
113705,3.598360655737705,549,"Two Days, One Night (Deux jours, une nuit) (2014)",Drama,3.4132911462841347
171253,3.7111436950146626,341,Brigsby Bear (2017),Comedy,3.4132310656384313
7069,3.6683417085427137,398,"Macbeth (a.k.a. Tragedy of Macbeth, The) (1971)",Drama,3.4131473266658077
2593,3.596745027124774,553,"Monster, The (Mostro, Il) (1994)",Comedy,3.4131001441827045
275245,3.4904725609756095,1312,Nope (2022),Horror|Mystery|Sci-Fi|Thriller,3.413072589928958
93498,3.6184210526315788,494,Game Change (2012),Drama,3.4129290693499947
52287,3.4503887449092927,2701,Meet the Robinsons (2007),Action|Adventure|Animation|Children|Comedy|Sci-Fi,3.4128156905725993
368,3.417902060476318,18685,Maverick (1994),Adventure|Comedy|Western,3.412475243115265
3232,3.7620689655172415,290,Seven Chances (1925),Comedy,3.4124420219337743
172009,3.749169435215947,301,Loveless (2017),Drama,3.4123749874888363
5646,3.5853242320819114,586,Valmont (1989),Drama|Romance,3.4123428022758544
7235,3.4784313725490197,1530,Ichi the Killer (Koroshiya 1) (2001),Action|Comedy|Crime|Drama|Horror|Thriller,3.4122013635505715
116799,3.4715041128084607,1702,Inherent Vice (2014),Comedy|Crime|Drama|Mystery|Romance,3.4119970298939517
7944,3.745065789473684,304,"Night of the Iguana, The (1964)",Drama|Thriller,3.411946112534112
65596,3.622916666666667,480,Mesrine: Killer Instinct (L'instinct de mort) (2008),Action|Crime|Drama|Thriller,3.4119426610236125
14,3.428302812295618,6116,Nixon (1995),Drama,3.4117527385536475
198,3.422129886118806,9747,Strange Days (1995),Action|Crime|Drama|Mystery|Sci-Fi|Thriller,3.411745316141629
2474,3.439090416892258,3694,"Color of Money, The (1986)",Drama,3.4116931714271503
33312,3.7348242811501597,313,"Cocoanuts, The (1929)",Comedy|Musical,3.411576803025647
6722,3.643020594965675,437,Once Upon a Time in China II (Wong Fei-hung Ji Yi: Naam yi dong ji keung) (1992),Action|Romance,3.4115250118386222
6021,3.6662468513853903,397,"American Friend, The (Amerikanische Freund, Der) (1977)",Crime|Drama|Mystery|Thriller,3.4114646317078665
91535,3.4318320146074255,4929,"Bourne Legacy, The (2012)",Action|Adventure|Drama|Thriller|IMAX,3.4113182961471082
156371,3.5605612998522895,677,Everybody Wants Some (2016),Comedy,3.4112377207259
2287,3.471394517282479,1678,Them! (1954),Horror|Sci-Fi|Thriller,3.411160416015419
7126,3.710059171597633,338,"Killing of a Chinese Bookie, The (1976)",Comedy|Crime|Drama|Film-Noir|Musical,3.4110836694839173
4116,3.598148148148148,540,Hollywood Shuffle (1987),Comedy,3.411034358752834
5670,3.558309037900875,686,Comedian (2002),Comedy|Documentary,3.4110225752702013
97225,3.438545953360768,3645,Hotel Transylvania (2012),Animation|Children|Comedy,3.4108387492283088
53972,3.4226246472248354,8504,Live Free or Die Hard (2007),Action|Adventure|Crime|Thriller,3.410751294498979
2166,3.507163323782235,1047,Return to Paradise (1998),Crime|Drama|Romance|Thriller,3.4107299989351887
139120,3.7067448680351904,341,Mustang (2015),Drama,3.4106882617733696
4785,3.772401433691756,279,"Great Silence, The (Grande silenzio, Il) (1969)",Drama|Western,3.410617551847151
3859,3.6367713004484306,446,"Eyes of Tammy Faye, The (2000)",Documentary,3.410512312016277
34811,3.734726688102894,311,Pusher II: With Blood on My Hands (2004),Action|Crime|Drama|Thriller,3.4103679328810697
109578,3.45707656612529,2155,Non-Stop (2014),Action|Mystery|Thriller,3.4102770521319985
48385,3.4152356127977104,19566,Borat: Cultural Learnings of America for Make Benefit Glorious Nation of Kazakhstan (2006),Comedy,3.4100835737561184
200354,3.5671875,640,The Highwaymen (2019),Crime|Drama|Mystery|Thriller,3.4097930089100137
617,3.5855148342059335,573,"Flower of My Secret, The (La flor de mi secreto) (1995)",Comedy|Drama,3.409739634529883
1517,3.4132806553336477,27589,Austin Powers: International Man of Mystery (1997),Action|Adventure|Comedy,3.4096309350065956
4646,3.6426914153132253,431,Greenfingers (2000),Comedy|Drama,3.409273430828226
210175,3.73462783171521,309,Togo (2019),Adventure|Children|Drama,3.409150395447411
4283,3.740924092409241,303,Fellini's Roma (Roma) (1972),Drama,3.4090686820440492
648,3.4111802980479955,42879,Mission: Impossible (1996),Action|Adventure|Mystery|Thriller,3.4088366232907266
48783,3.4598373157092017,1967,Flags of Our Fathers (2006),Drama|War,3.408757166668221
50160,3.5569526627218937,676,Miss Potter (2006),Drama,3.4084387562116025
74624,3.552367288378766,697,Agora (2009),Adventure|Drama|Romance,3.40835712614453
83976,3.5891891891891894,555,"Trip, The (2010)",Comedy|Drama,3.408340596616633
7919,3.8043478260869565,253,Drunken Angel (Yoidore tenshi) (1948),Drama|Film-Noir,3.40797968842421
592,3.409919861816867,49789,Batman (1989),Action|Crime|Thriller,3.4079061072830816
6755,3.447141738449491,2554,Bubba Ho-tep (2002),Comedy|Horror,3.4078864767277146
1083,3.46934396076027,1631,"Great Race, The (1965)",Comedy|Musical,3.4078754218948406
67267,3.4840182648401825,1314,Sunshine Cleaning (2008),Comedy|Drama,3.407745220820341
292,3.4108596635943047,27883,Outbreak (1995),Action|Drama|Sci-Fi|Thriller,3.4072695056366653
4008,3.429274843330349,4468,Born on the Fourth of July (1989),Drama|War,3.4068911797197545
199974,3.6554726368159205,402,Hotel Mumbai (2019),Drama|Thriller,3.4067675612538197
49793,3.5103842159916927,963,We Are Marshall (2006),Drama,3.4066053351102497
1571,3.621505376344086,465,When the Cat's Away (Chacun cherche son chat) (1996),Comedy|Romance,3.406590566774214
5187,3.6628205128205127,390,Hopscotch (1980),Comedy,3.406581633463939
4976,3.5241176470588234,850,Iris (2001),Drama,3.406556561670863
72,3.478955007256894,1378,Kicking and Screaming (1995),Comedy|Drama,3.4064570690393454
74677,3.721518987341772,316,"Yes Men Fix the World, The (2009)",Documentary,3.4058506029741737
3078,3.5299625468164795,801,Liberty Heights (1999),Drama,3.4055291033623307
74152,3.6733870967741935,372,Zach Galifianakis: Live at the Purple Onion (2006),Comedy|Documentary,3.405483983926737
3189,3.4560467479674797,1968,My Dog Skip (1999),Children|Drama,3.405415221985706
6984,3.796078431372549,255,"Tale of Two Cities, A (1935)",Drama,3.4053681397501707
7137,3.459792122538293,1828,"Cooler, The (2003)",Comedy|Drama|Romance,3.405298765284853
3658,3.6167728237791934,471,Quatermass and the Pit (1967),Horror|Sci-Fi,3.405285464120171
1465,3.502439024390244,1025,Rosewood (1997),Action|Drama,3.4052633688830447
7815,3.7243589743589745,312,True Stories (1986),Comedy|Musical,3.4051791863435747
3245,3.7895752895752897,259,I Am Cuba (Soy Cuba/Ya Kuba) (1964),Drama,3.405128973459561
181671,3.7142857142857144,322,The Breadwinner (2017),Animation|Drama|War,3.405088466666861
5066,3.434672619047619,3360,"Walk to Remember, A (2002)",Drama|Romance,3.4050444749425335
156944,3.743197278911565,294,Land of Mine (2015),War,3.4047983157489607
4916,3.566993464052288,612,Midway (1976),Drama|War,3.404535957277397
3786,3.4441747572815533,2472,But I'm a Cheerleader (1999),Comedy,3.4040078671101885
803,3.567656765676568,606,Walking and Talking (1996),Comedy|Drama|Romance,3.403865955807827
2527,3.423751007252216,4964,Westworld (1973),Action|Sci-Fi|Thriller|Western,3.403760863553897
157498,3.6675531914893615,376,11.22.63 (2016),Drama|Thriller,3.4036885991680443
7061,3.7365771812080535,298,Dark Victory (1939),Drama|Romance,3.403666128396619
1057,3.4321644150617994,3479,Everyone Says I Love You (1996),Comedy|Musical|Romance,3.403649509273347
7757,3.5051177072671442,977,Jason and the Argonauts (1963),Action|Adventure|Fantasy,3.403593282992178
4440,3.5625,624,"Big Boss, The (Fists of Fury) (Tang shan da xiong) (1971)",Action|Thriller,3.403557114927381
7705,3.7373737373737375,297,Pat and Mike (1952),Comedy|Romance,3.403489660414199
203160,3.661038961038961,385,The Last Black Man in San Francisco (2019),Drama,3.4034784755010428
4009,3.516533637400228,877,Talk Radio (1988),Drama,3.4034683414336184
177497,3.5565891472868216,645,Hostiles (2017),Adventure|Drama|Western,3.4030260718426124
6645,3.4584969153112732,1783,THX 1138 (1971),Action|Adventure|Drama|Sci-Fi,3.402955364742414
6452,3.758992805755396,278,"Long, Hot Summer, The (1958)",Drama,3.402856340140655
168608,3.6496259351620948,401,Mudbound (2017),Drama,3.402777359009249
104243,3.4292011755276515,3743,Riddick (2013),Action|Sci-Fi|Thriller|IMAX,3.402756833993865
6429,3.663157894736842,380,Winchester '73 (1950),Western,3.402711091779474
8404,3.637767220902613,421,"Hound of the Baskervilles, The (1939)",Crime|Mystery|Thriller,3.4026944403942547
187231,3.5703389830508474,590,American Animals (2018),Crime|Drama,3.4026284487067717
7225,3.5661157024793386,605,Pumping Iron (1977),Documentary,3.402582276168299
280868,3.599800399201597,501,Guillermo del Toro's Pinocchio (2022),Animation|Children|Drama|Fantasy,3.4024069950928273
2173,3.525561097256858,802,"Navigator: A Mediaeval Odyssey, The (1988)",Adventure|Fantasy|Sci-Fi,3.40228851995443
5055,3.4522003034901365,1977,Dragon: The Bruce Lee Story (1993),Action|Drama,3.402203605561845
49422,3.648009950248756,402,"OSS 117: Cairo, Nest of Spies (OSS 117: Le Caire nid d'espions) (2006)",Adventure|Comedy|Crime,3.4021585583347846
3763,3.4307647740440324,3452,F/X (1986),Action|Crime|Thriller,3.4021359684455432
4552,3.5196428571428573,840,"Tetsuo, the Ironman (Tetsuo) (1988)",Action|Horror|Sci-Fi|Thriller,3.4020249844982198
2046,3.4195299982196903,5617,Flight of the Navigator (1986),Adventure|Children|Sci-Fi,3.401944289132121
47997,3.41825,6000,Idiocracy (2006),Adventure|Comedy|Sci-Fi|Thriller,3.40179311648772
6032,3.7715355805243447,267,"Little Romance, A (1979)",Comedy|Romance,3.4017542268271197
1450,3.728476821192053,302,Prisoner of the Mountains (Kavkazsky plennik) (1996),War,3.401642776583974
86644,3.425839666584947,4079,"Fast Five (Fast and the Furious 5, The) (2011)",Action|Crime|Drama|Thriller|IMAX,3.401641675089561
1129,3.4105728075767234,10981,Escape from New York (1981),Action|Adventure|Sci-Fi|Thriller,3.4015854999261
115231,3.481692432872254,1229,St. Vincent (2014),Comedy,3.401424322092233
6863,3.4065847511027094,19044,School of Rock (2003),Comedy|Musical,3.401404921272598
276151,3.7807692307692307,260,Marcel the Shell with Shoes On (2022),Adventure|Animation|Children|Comedy,3.4013853519750654
26148,3.7473684210526317,285,"Train, The (1964)",Action|Thriller|War,3.4013204825250254
5963,3.675,360,"Children's Hour, The (1961)",Drama,3.4011578348170652
7299,3.648241206030151,398,Monsieur Ibrahim (Monsieur Ibrahim et les fleurs du Coran) (2003),Drama,3.4007806548463613
59810,3.6366906474820144,417,Recount (2008),Drama,3.400608207869216
251086,3.4581381733021077,1708,The Suicide Squad (2021),Action|Adventure|Crime|Fantasy,3.4005135702489198
67734,3.4251062765691422,3999,Adventureland (2009),Comedy|Drama,3.4004955402952306
78316,3.4707142857142856,1400,Letters to Juliet (2010),Drama|Romance,3.4004275611741837
249540,3.498015873015873,1008,Cruella (2021),Comedy|Crime,3.4004017866338696
212373,3.481420313790256,1211,I'm Thinking of Ending Things,Drama|Horror|Thriller,3.400208922268724
81786,3.682471264367816,348,Certified Copy (Copie conforme) (2010),Drama,3.400008386027996
30848,3.5881226053639845,522,"Love Song for Bobby Long, A (2004)",Drama,3.3998767747050347
244334,3.513937282229965,861,Wrath of Man (2021),Action|Crime,3.39982431355988
1721,3.4019271527519828,45767,Titanic (1997),Drama|Romance,3.399780619429808
2077,3.4894495412844035,1090,"Journey of Natty Gann, The (1985)",Adventure|Children,3.3994062331915083
8501,3.4924026590693256,1053,"Hitcher, The (1986)",Action|Thriller,3.3992357367079737
73513,3.7854330708661417,254,"Swades: We, the People (Our Country) (2004)",Drama,3.399214566753055
277,3.4093847758081335,9590,Miracle on 34th Street (1994),Drama,3.399156918519358
5668,3.4782258064516127,1240,White Oleander (2002),Drama,3.3991302341460883
4787,3.466898954703833,1435,Little Man Tate (1991),Drama,3.398637095801479
5721,3.7823529411764705,255,"Chosen, The (1981)",Drama,3.398422317166325
26359,3.671787709497207,358,1900 (Novecento) (1976),Drama|War,3.3983605299392177
4975,3.4055007052186177,13471,Vanilla Sky (2001),Mystery|Romance|Sci-Fi|Thriller,3.3982365035911424
3194,3.4749216300940438,1276,"Way We Were, The (1973)",Drama|Romance,3.3982326746803797
48165,3.732876712328767,292,"Seventh Continent, The (Der siebente Kontinent) (1989)",Drama,3.397975606618804
37475,3.5648464163822524,586,"Unfinished Life, An (2005)",Drama,3.3979698234759983
220380,3.503791982665222,923,The Green Knight,Drama|Fantasy|Romance,3.3978709835481795
213347,3.4772172497965825,1229,A Quiet Place Part II (2020),Drama|Sci-Fi|Thriller,3.397702825373916
6051,3.71875,304,"Harder They Come, The (1973)",Action|Crime|Drama,3.397476949936898
112,3.40522424439389,12308,Rumble in the Bronx (Hont faan kui) (1995),Action|Adventure|Comedy|Crime,3.397292723970097
6990,3.599585062240664,482,The Great Train Robbery (1978),Action|Adventure|Comedy|Crime|Drama,3.3971336785061035
4160,3.668523676880223,359,"Widow of St. Pierre, The (Veuve de Saint-Pierre, La) (2000)",Drama|Romance,3.3968827202173237
263407,3.437318389373184,2409,Don't Look Up (2021),Comedy|Drama|Sci-Fi,3.39684149351748
139721,3.7437722419928825,281,X+Y (2014),Comedy|Drama,3.396801293866977
8751,3.688622754491018,334,Gun Crazy (a.k.a. Deadly Is the Female) (1949),Crime|Drama|Film-Noir,3.3967490231945634
59141,3.5328212290502794,716,Son of Rambow (2007),Children|Comedy|Drama,3.3966887818635203
4571,3.405624711848778,10845,Bill & Ted's Excellent Adventure (1989),Adventure|Comedy|Sci-Fi,3.396638243144441
5007,3.643037974683544,395,Topkapi (1964),Adventure|Comedy|Thriller,3.396435790681955
116823,3.406414899120538,9665,The Hunger Games: Mockingjay - Part 1 (2014),Adventure|Sci-Fi|Thriller,3.396338979172688
5440,3.602972399150743,471,She Wore a Yellow Ribbon (1949),Western,3.396256432310197
8765,3.7402826855123674,283,This Gun for Hire (1942),Crime|Film-Noir|Thriller,3.3962493055463643
5914,3.779527559055118,254,"Vernon, Florida (1981)",Documentary,3.3962318664150155
3855,3.6497395833333335,384,"Affair of Love, An (Liaison pornographique, Une) (1999)",Drama|Romance,3.3962158407649095
4383,3.47429718875502,1245,"Crimson Rivers, The (Rivières pourpres, Les) (2000)",Crime|Drama|Mystery|Thriller,3.3961208953879853
5847,3.643765903307888,393,Ragtime (1981),Drama,3.3961131104846727
3599,3.5652173913043477,575,Anchors Aweigh (1945),Comedy|Musical,3.3960007350650696
3412,3.484134179510426,1103,"Bear, The (Ours, L') (1988)",Adventure|Children|Drama,3.395935354404994
90357,3.7096774193548385,310,Tyrannosaur (2011),Drama,3.395893729862428
104337,3.502750275027503,909,Lee Daniels' The Butler (2013),Drama,3.3957725240695322
92507,3.445066124109868,1966,Safe House (2012),Action|Crime|Mystery|Thriller,3.3956228297530866
53161,3.564236111111111,576,"I'm a Cyborg, But That's OK (Saibogujiman kwenchana) (2006)",Comedy|Drama|Romance|Sci-Fi,3.3955206759851024
3250,3.4273026315789474,3040,Alive (1993),Drama,3.3953495106631735
85412,3.4665441176470586,1360,"Troll Hunter, The (Trolljegeren) (2010)",Fantasy|Horror,3.3951550783890303
87194,3.63715710723192,401,The Way (2010),Adventure|Comedy|Drama,3.395083867702894
4661,3.4718923198733176,1263,Sea of Love (1989),Crime|Drama|Thriller,3.3950426652689405
715,3.549520766773163,626,"Horseman on the Roof, The (Hussard sur le toit, Le) (1995)",Drama|Romance,3.394633678843424
3809,3.4097135740971356,6424,What About Bob? (1991),Comedy,3.39462078041333
161127,3.5396706586826348,668,The Infiltrator (2016),Crime|Drama,3.3945523019087265
5788,3.6537433155080214,374,All or Nothing (2002),Drama,3.394549695970639
1406,3.6220657276995305,426,La Cérémonie (1995),Crime|Drama|Mystery|Thriller,3.394525123159151
3849,3.687311178247734,331,The Spiral Staircase (1945),Horror|Mystery|Thriller,3.3944904390758945
6820,3.472,1250,Ginger Snaps (2000),Drama|Horror|Thriller,3.3944659454400634
27716,3.731707317073171,287,"Green Butchers, The (Grønne slagtere, De) (2003)",Comedy|Crime|Drama|Romance,3.394224679268728
282,3.4025861320836586,11523,Nell (1994),Drama,3.3941814835005486
3010,3.610738255033557,447,Rosetta (1999),Drama,3.3941155419171016
766,3.4472817133443163,1821,I Shot Andy Warhol (1996),Drama,3.3941084137495103
176101,3.4197825510474673,3771,Kingsman: The Golden Circle (2017),Action|Adventure|Comedy,3.3941055761636134
90374,3.512899262899263,814,Martha Marcy May Marlene (2011),Drama|Thriller,3.3939834468154206
34319,3.404388040438804,9298,"Island, The (2005)",Action|Sci-Fi|Thriller,3.393977626833853
104,3.397988067761181,22963,Happy Gilmore (1996),Comedy,3.3937749604995755
7940,3.764367816091954,261,The Magician (1958),Drama,3.3937340765250266
168610,3.5011123470522802,899,A Ghost Story (2017),Drama,3.393557806098189
6428,3.5129950495049505,808,Two Mules for Sister Sara (1970),Comedy|War|Western,3.393381592979573
132961,3.6080178173719375,449,Far from the Madding Crowd (2015),Drama,3.3929861092135134
3633,3.42111402741324,3429,On Her Majesty's Secret Service (1969),Action|Adventure|Romance|Thriller,3.3929592989532367
81456,3.688073394495413,327,Heartbeats (Les amours imaginaires) (2010),Drama|Romance,3.392889400278019
7365,3.711221122112211,303,Noi the Albino (Nói albinói) (2003),Drama,3.3927613799965775
650,3.4636029411764704,1360,Moll Flanders (1996),Drama,3.3926689077134133
92210,3.7566037735849056,265,"Disappearance of Haruhi Suzumiya, The (Suzumiya Haruhi no shôshitsu) (2010)",Adventure|Animation|Drama|Mystery|Sci-Fi,3.3926153057406325
3261,3.425357873210634,2934,Singles (1992),Comedy|Drama|Romance,3.392492697106447
6237,3.6624649859943976,357,"Glenn Miller Story, The (1953)",Drama,3.3924162495793215
6228,3.751865671641791,268,"Talk of the Town, The (1942)",Comedy|Romance|Thriller,3.3922712432194064
45183,3.5628318584070797,565,"Protector, The (a.k.a. Warrior King) (Tom yum goong) (2005)",Action|Comedy|Crime|Thriller,3.3922656415040064
26606,3.6739766081871346,342,"Chinese Ghost Story, A (Sinnui yauwan) (1987)",Action|Fantasy|Horror|Romance,3.3922237360299734
2640,3.3977797513321493,16890,Superman (1978),Action|Adventure|Sci-Fi,3.3920767963883396
70862,3.6240963855421686,415,It Might Get Loud (2008),Documentary,3.3920244097305488
6967,3.729824561403509,285,Dead of Night (1945),Horror|Mystery,3.3919554328902626
50601,3.4287351929690484,2617,Bridge to Terabithia (2007),Adventure|Children|Fantasy,3.3919414514184414
216402,3.526610644257703,714,The King of Staten Island (2020),Comedy|Drama,3.3918008158896154
71450,3.499440715883669,894,Capitalism: A Love Story (2009),Documentary,3.3917796881792905
135133,3.40681143571317,6401,The Hunger Games: Mockingjay - Part 2 (2015),Adventure|Sci-Fi,3.391775065131823
86884,3.720136518771331,293,"Kid With a Bike, The (Le gamin au vélo) (2011)",Drama,3.391705122015337
8618,3.6690751445086707,346,Johnny Guitar (1954),Drama|Western,3.391267449353019
4470,3.68944099378882,322,Ariel (1988),Drama,3.391075504677021
69134,3.4329694323144104,2290,Antichrist (2009),Drama|Fantasy,3.3910217045256257
4433,3.7280701754385963,285,Written on the Wind (1956),Drama,3.391018927926786
118202,3.764591439688716,257,Cowspiracy: The Sustainability Secret (2014),Adventure|Comedy|Documentary|Mystery,3.3909171884169025
2621,3.618483412322275,422,Xiu Xiu: The Sent-Down Girl (Tian yu) (1998),Drama,3.3909151969296634
168330,3.504127358490566,848,I Don't Feel at Home in This World Anymore (2017),Crime|Drama,3.390887962093273
1437,3.6628895184135977,353,"Cement Garden, The (1993)",Drama,3.3908705858450094
491,3.4081798483206933,5538,"Man Without a Face, The (1993)",Drama,3.3908422481155904
1068,3.6530054644808745,366,Crossfire (1947),Crime|Film-Noir,3.390738340575884
96281,3.4477923627684963,1676,ParaNorman (2012),Adventure|Animation|Comedy,3.390547563831945
1412,3.730496453900709,282,Some Mother's Son (1996),Drama,3.3904030996799985
278794,3.6538461538461537,364,Pearl (2022),Horror|Mystery|Thriller,3.390381800652816
7756,3.6761194029850746,335,Alexander Nevsky (Aleksandr Nevskiy) (1938),Action|Drama|War,3.390075364994196
156726,3.450986632718014,1571,Hush (2016),Thriller,3.3900022010111055
1937,3.551433389544688,593,Going My Way (1944),Comedy|Drama|Musical,3.3899097346717078
500,3.3921773208469057,39296,Mrs. Doubtfire (1993),Comedy|Drama,3.3897409022559195
3699,3.41104431084391,4491,Starman (1984),Adventure|Drama|Romance|Sci-Fi,3.3897265776957552
63515,3.705298013245033,302,The Island (2006),Drama|Mystery,3.3889362962790184
1546,3.581818181818182,495,Schizopolis (1996),Comedy,3.388849315257577
2102,3.451275343361674,1529,Steamboat Willie (1928),Animation|Children|Comedy|Musical,3.388809834985157
4711,3.7627450980392156,255,Theremin: An Electronic Odyssey (1993),Documentary,3.3884997134751167
4826,3.529585798816568,676,"Big Red One, The (1980)",Action|Adventure|Drama|War,3.3884365938156678
34148,3.6398416886543536,379,"Beat That My Heart Skipped, The (battre mon coeur s'est arrêté, De) (2005)",Drama,3.3882226558689457
1397,3.5408,625,Bastard Out of Carolina (1996),Drama,3.388219482343645
102588,3.757751937984496,258,Stories We Tell (2012),Documentary,3.3881732207932753
26400,3.7710843373493974,249,Gates of Heaven (1978),Documentary,3.3881602844348486
18,3.403488935551607,6191,Four Rooms (1995),Comedy,3.388090654454279
62553,3.6027088036117383,443,"Secret Life of Bees, The (2008)",Drama,3.3877222223155243
3223,3.6243781094527363,402,"Zed & Two Noughts, A (1985)",Drama,3.3875633824245064
2985,3.3926668841052403,18396,RoboCop (1987),Action|Crime|Drama|Sci-Fi|Thriller,3.3874928267579936
7745,3.65406162464986,357,"Scent of Green Papaya, The (Mùi du du xhan - L'odeur de la papaye verte) (1993)",Drama,3.3874649374816164
113862,3.471315092674316,1133,"Guest, The (2014)",Thriller,3.3873398984153056
7300,3.573529411764706,510,Vanishing Point (1971),Action|Drama,3.387093168559904
5799,3.608139534883721,430,Exodus (1960),Drama|Romance|War,3.3870452284874224
718,3.4631410256410255,1248,"Visitors, The (Visiteurs, Les) (1993)",Comedy|Fantasy|Sci-Fi,3.3869764216848894
963,3.556049822064057,562,"Inspector General, The (1949)",Musical,3.386934277494279
26422,3.536106750392465,637,Hair (1979),Comedy|Drama|Musical,3.386911621650425
8796,3.584199584199584,481,"Funny Thing Happened on the Way to the Forum, A (1966)",Comedy|Musical,3.386717366242103
6887,3.457957957957958,1332,Radio (2003),Drama,3.3866563385540585
5073,3.5807770961145193,489,"Son's Room, The (Stanza del figlio, La) (2001)",Drama,3.3865903315084847
73211,3.4844559585492227,965,Pontypool (2008),Horror|Thriller,3.386164433330679
7285,3.420368364030336,2769,Thirteen (2003),Drama,3.386117832141592
90943,3.6806853582554515,321,Into the Abyss (2011),Documentary,3.3856202941219706
2236,3.434489901605386,1931,Simon Birch (1998),Drama,3.3854603447956837
4036,3.4200879765395893,2728,Shadow of the Vampire (2000),Drama|Horror,3.3853891651113943
6230,3.658959537572254,346,Bang the Drum Slowly (1973),Drama,3.385384107614912
104457,3.4680944055944054,1144,You're Next (2011),Horror|Thriller,3.3853578904588346
5780,3.6039260969976907,433,Polyester (1981),Comedy,3.3853424338174385
160954,3.4533045977011496,1392,Nerve (2016),Drama|Thriller,3.385315988555129
4336,3.5446880269814502,593,Nightwatch (Nattevagten) (1994),Horror|Thriller,3.3851585765769228
1785,3.44726433750824,1517,King of New York (1990),Crime|Thriller,3.3849396939917953
33493,3.3887094820974446,24773,Star Wars: Episode III - Revenge of the Sith (2005),Action|Adventure|Sci-Fi,3.384893433576991
278586,3.5143835616438355,730,Barbarian (2022),Horror|Thriller,3.384886102380336
8485,3.741509433962264,265,Samsara (2001),Adventure|Drama|Romance,3.3848316902512376
1670,3.5136425648021827,733,Welcome to Sarajevo (1997),Drama|War,3.384728593156239
53125,3.390636122435773,15453,Pirates of the Caribbean: At World's End (2007),Action|Adventure|Comedy|Fantasy,3.384524484656004
176929,3.447951645399597,1489,Happy Death Day (2017),Horror|Mystery|Thriller,3.3845244292652694
39427,3.463506711409396,1192,Stay (2005),Thriller,3.3843188324103766
42163,3.7559055118110236,254,Richard Pryor: Live in Concert (1979),Comedy|Documentary,3.384301065062858
257,3.4076729559748427,3975,Just Cause (1995),Mystery|Thriller,3.3839496686995694
1049,3.401436031331593,5362,"Ghost and the Darkness, The (1996)",Action|Adventure,3.383853749954573
3813,3.5185979971387695,699,Interiors (1978),Drama,3.383758841249194
8379,3.7132867132867133,286,"Dresser, The (1983)",Drama,3.3837446356704266
41566,3.389392839864538,16536,"Chronicles of Narnia: The Lion, the Witch and the Wardrobe, The (2005)",Adventure|Children|Fantasy,3.383693975276594
347,3.4358052019922525,1807,Bitter Moon (1992),Drama|Film-Noir|Romance,3.383659227404111
196997,3.4336,1875,Black Mirror: Bandersnatch (2018),Drama|Mystery|Sci-Fi|Thriller,3.383381988615336
616,3.39313735746417,9559,"Aristocats, The (1970)",Animation|Children,3.3832894916975205
25763,3.7254545454545456,275,"Pandora's Box (Büchse der Pandora, Die) (1929)",Drama,3.3832124558505656
200054,3.7254545454545456,275,The Inventor: Out for Blood in Silicon Valley (2019),Documentary,3.3832124558505656
25865,3.7610441767068274,249,"Letter, The (1940)",Drama|Film-Noir,3.3831391958628467
86898,3.420695165801039,2503,"Tree of Life, The (2011)",Drama,3.3831044026382178
83219,3.68370607028754,313,"Pixar Story, The (2007)",Documentary,3.3831019854424476
1535,3.5072655217965654,757,Love! Valour! Compassion! (1997),Drama|Romance,3.3830052745005577
482,3.4167569519682197,2769,Killing Zoe (1994),Crime|Drama|Thriller,3.382804269730644
3964,3.491329479768786,865,"Adventures of Ichabod and Mr. Toad, The (1949)",Animation|Children,3.382677983319967
708,3.388702171664943,15472,"Truth About Cats & Dogs, The (1996)",Comedy|Romance,3.3826285394360442
2493,3.7279411764705883,272,"Harmonists, The (1997)",Drama,3.382539845690365
104863,3.4876819708846583,893,What If (2013),Comedy|Drama|Romance,3.382489715053955
1777,3.388076146171268,16337,"Wedding Singer, The (1998)",Comedy|Romance,3.3823286650480298
273133,3.559546313799622,529,Hustle (2022),Comedy|Drama,3.382137814140778
110675,3.6064593301435406,418,In Your Eyes (2014),Drama|Fantasy|Romance,3.382013803598907
7297,3.6473087818696883,353,Kitchen Stories (Salmer fra kjøkkenet) (2003),Comedy|Drama,3.381732855324989
64499,3.5430292598967297,581,Che: Part One (2008),Drama|War,3.3816905719003634
2697,3.6243523316062176,386,My Son the Fanatic (1997),Comedy|Drama|Romance,3.3815797851946936
8972,3.3887512982344012,12517,National Treasure (2004),Action|Adventure|Drama|Mystery|Thriller,3.381270807825544
3948,3.3842333464722114,25370,Meet the Parents (2000),Comedy,3.380549711565294
27368,3.511188811188811,715,Asterix & Obelix: Mission Cleopatra (Astérix & Obélix: Mission Cléopâtre) (2002),Adventure|Comedy|Fantasy,3.380501095155214
6335,3.6320754716981134,371,"Dancer Upstairs, The (2002)",Crime|Drama|Thriller,3.380327481239089
5794,3.71505376344086,279,Good Work (Beau travail) (1999),Drama,3.380308781246659
141688,3.4613379669852304,1151,Legend (2015),Crime|Thriller,3.380216448046369
4186,3.578723404255319,470,"Fortune Cookie, The (1966)",Comedy|Drama|Romance,3.3801154619837406
100344,3.7109929078014185,282,No (2012),Drama,3.380043333245642
2272,3.4810195227765726,922,One True Thing (1998),Drama,3.379848839029901
3281,3.648414985590778,347,"Brandon Teena Story, The (1998)",Documentary,3.3797029797283287
243642,3.4602076124567476,1156,Zack Snyder's Justice League (2021),Action|Adventure|Fantasy|Sci-Fi,3.379575062723405
197529,3.5829694323144103,458,The Upside (2019),Comedy|Drama,3.3794949860236403
780,3.3810988396477004,57224,Independence Day (a.k.a. ID4) (1996),Action|Adventure|Sci-Fi|Thriller,3.3794704113698826
90809,3.7132616487455197,279,Tomboy (2011),Drama,3.379361632165393
7334,3.6703125,320,"Front, The (1976)",Comedy|Drama,3.3792670163826877
206,3.469844357976654,1028,Unzipped (1995),Documentary,3.379250533025383
381,3.397887323943662,4970,When a Man Loves a Woman (1994),Drama|Romance,3.379153654145531
52973,3.387202809798271,11104,Knocked Up (2007),Comedy|Drama|Romance,3.3788252345761975
5649,3.483164983164983,891,Horror of Dracula (Dracula) (1958),Horror,3.3787744588298194
26246,3.6877076411960132,301,Johnny Got His Gun (1971),Drama|War,3.378732507037846
3915,3.4920731707317074,820,Girlfight (2000),Drama,3.3786743433624395
8401,3.6682242990654204,321,"Adventures of Sherlock Holmes, The (1939)",Crime|Mystery|Thriller,3.3786015188982477
316,3.3812295896634956,35215,Stargate (1994),Action|Adventure|Sci-Fi,3.3785896363800965
162350,3.4265085095410006,1939,The Magnificent Seven (2016),Action|Western,3.3785662076055174
111778,3.6969178082191783,292,Tracks (2013),Adventure|Drama,3.3785635156592924
5222,3.4342737094837936,1666,Kissing Jessica Stein (2001),Comedy|Romance,3.3784871302000687
101498,3.6801948051948052,308,In the House (2012),Comedy|Drama|Mystery|Thriller,3.3784611341715056
92694,3.552532833020638,533,Perfect Sense (2011),Drama|Romance|Sci-Fi,3.3782644911371165
61352,3.480641592920354,904,Traitor (2008),Crime|Drama|Thriller,3.3779729426837637
781,3.420905272981801,2143,Stealing Beauty (1996),Drama,3.377634936920486
143476,3.6260053619302948,373,Where To Invade Next (2015),Documentary,3.377496391091994
32825,3.67524115755627,311,Sexmission (Seksmisja) (1984),Adventure|Comedy|Sci-Fi,3.377326318307039
159,3.4149411287048315,2463,Clockers (1995),Crime|Drama|Mystery,3.377324018444674
4429,3.5632530120481927,498,Moby Dick (1956),Drama,3.3772459574509455
7114,3.692176870748299,294,"Collector, The (1965)",Drama|Horror|Thriller,3.377168918069831
7010,3.5936768149882905,427,"Lover, The (Amant, L') (1992)",Drama|Romance,3.376927068531012
40148,3.4567099567099566,1155,Revolver (2005),Crime|Drama|Thriller,3.376640078082563
145150,3.5983213429256593,417,The Dressmaker (2015),Comedy|Drama|Thriller,3.3765805760926733
54272,3.3838379803467284,12517,"Simpsons Movie, The (2007)",Animation|Comedy,3.3764532861466963
5801,3.5397526501766783,566,"Russians Are Coming, the Russians Are Coming, The (1966)",Comedy|War,3.376444969468783
47725,3.5471349353049906,541,Angel-A (2005),Comedy|Drama|Fantasy|Romance,3.376332454260174
2736,3.439466484268126,1462,Brighton Beach Memoirs (1986),Comedy,3.376272725244089
3627,3.478865406006674,899,Carnival of Souls (1962),Horror|Thriller,3.376134685617311
3501,3.4731296101159117,949,Murphy's Romance (1985),Comedy|Romance,3.37587862561158
97870,3.585227272727273,440,"Sessions, The (Surrogate, The) (2012)",Drama,3.37562056266528
86290,3.702127659574468,282,American: The Bill Hicks Story (2009),Comedy|Documentary,3.3753343485027525
235301,3.6975524475524475,286,The Mauritanian (2021),Drama,3.3753318482335226
388,3.543956043956044,546,Boys Life (1995),Drama,3.375223305598328
2311,3.394928311577145,4673,2010: The Year We Make Contact (1984),Sci-Fi,3.3752138413255266
4723,3.4835294117647058,850,"Deep End, The (2001)",Drama,3.3751615302758315
5299,3.3808844055322926,15762,My Big Fat Greek Wedding (2002),Comedy|Romance,3.3750423152739764
2883,3.426265998887034,1797,Mumford (1999),Comedy|Drama,3.375025663825266
36527,3.4491525423728815,1239,Proof (2005),Drama,3.3748672663620614
7058,3.6944444444444446,288,Life with Father (1947),Comedy,3.3748649760106373
167570,3.6401734104046244,346,The OA,(no genres listed),3.3744579015298557
1414,3.429038004750594,1684,Mother (1996),Comedy,3.3744451371618354
5826,3.579064587973274,449,Rio Grande (1950),Romance|Western,3.3743587987105763
3188,3.6640378548895898,317,"Life and Times of Hank Greenberg, The (1998)",Documentary,3.3742092341758463
7008,3.450792326939116,1199,Last Tango in Paris (Ultimo tango a Parigi) (1972),Drama|Romance,3.3741729440017343
47200,3.3925,5000,Crank (2006),Action|Thriller,3.3741288661662656
1054,3.489911727616646,793,Get on the Bus (1996),Drama,3.374090609098869
74948,3.464180569185476,1019,Harry Brown (2009),Crime|Drama|Thriller,3.37405552931628
6989,3.5112107623318387,669,Gorky Park (1983),Crime|Drama|Thriller,3.373967758601276
6344,3.551158301158301,518,101 Reykjavik (101 Reykjavík) (2000),Comedy|Drama|Romance,3.373927507654337
8270,3.7017857142857142,280,"Hairdresser's Husband, The (Le mari de la coiffeuse) (1990)",Comedy|Drama|Romance,3.3739175753830803
341,3.5997536945812807,406,Double Happiness (1994),Drama,3.3737440916477497
5410,3.456482320942883,1103,Silent Running (1972),Drama|Sci-Fi,3.3733745141061555
197885,3.6047979797979797,396,Honey Boy (2019),Drama,3.3733369601800454
68536,3.699288256227758,281,Stanley Kubrick: A Life in Pictures (2001),Documentary,3.373211937384622
1194,3.4053389532841587,2847,Cheech and Chong's Up in Smoke (1978),Comedy,3.3731596645951454
8633,3.420929018789144,1916,"Last Starfighter, The (1984)",Action|Adventure|Comedy|Sci-Fi,3.3731188533512455
27850,3.5665961945031714,473,"Yes Men, The (2003)",Documentary,3.3729948824215423
188749,3.4562841530054644,1098,The Equalizer 2 (2018),Action|Crime|Thriller,3.372904451421866
7080,3.6055979643765905,393,42nd Street (1933),Drama|Musical|Romance,3.372744984608368
7458,3.3791166077738515,14150,Troy (2004),Action|Adventure|Drama|War,3.372651036233331
4000,3.4993074792243766,722,"Bounty, The (1984)",Adventure|Drama,3.3726078953755394
7177,3.626388888888889,360,Osama (2003),Drama,3.3724174833636256
1255,3.4114383269312847,2343,Bad Taste (1987),Comedy|Horror|Sci-Fi,3.372415990439489
5974,3.609090909090909,385,"Thief of Bagdad, The (1940)",Adventure|Fantasy,3.371927757722214
3536,3.3917820259283675,4551,Keeping the Faith (2000),Comedy|Drama|Romance,3.3717296205379514
194074,3.6392961876832843,341,The Hate U Give (2018),Crime|Drama,3.3716986025090883
8121,3.7294117647058824,255,"Seducing Doctor Lewis (Grande séduction, La) (2003)",Comedy,3.371631287200062
103279,3.7092592592592593,270,What Maisie Knew (2012),Drama,3.3714877734054953
2167,3.37719242298616,15679,Blade (1998),Action|Horror|Thriller,3.371377583085034
4479,3.605128205128205,390,Bird (1988),Drama|Musical,3.371364854625311
6765,3.4097222222222223,2376,Under the Tuscan Sun (2003),Comedy|Drama|Romance,3.3713531965484824
3969,3.3830157095029616,7766,Pay It Forward (2000),Drama,3.371279118344597
3854,3.6432835820895524,335,Aimée & Jaguar (1999),Drama|Romance|War,3.3712365227266847
275167,3.6432835820895524,335,Decision to Leave (2022),Crime|Drama|Mystery|Romance,3.3712365227266847
4605,3.5542168674698793,498,How to Get Ahead in Advertising (1989),Comedy|Fantasy,3.371221054518826
95309,3.419967880085653,1868,Seeking a Friend for the End of the World (2012),Comedy|Drama|Romance,3.3711866434976194
4996,3.6639871382636655,311,Little Otik (Otesánek) (2000),Comedy|Drama|Fantasy,3.3710752020362764
6125,3.6755852842809364,299,"Secret Policeman's Other Ball, The (1982)",Comedy|Documentary|Musical,3.370989241869158
96150,3.6056701030927836,388,"Queen of Versailles, The (2012)",Documentary,3.3709609132047595
6322,3.4439102564102564,1248,Confidence (2003),Crime|Thriller,3.3709432865389215
136020,3.3874478505350987,5513,Spectre (2015),Action|Adventure|Crime,3.3709305967858016
4098,3.6802721088435373,294,"Dead, The (1987)",Drama,3.370722058611367
8376,3.377039954980304,14216,Napoleon Dynamite (2004),Comedy,3.370639617668986
3466,3.4453125,1216,Heart and Souls (1993),Comedy|Fantasy,3.3705133494573767
53468,3.4826946847960447,809,Fido (2006),Comedy|Horror|Thriller,3.3703232872862383
4351,3.388359157727453,5034,Point Break (1991),Action|Crime|Thriller,3.3703013507013404
4557,3.4582929194956353,1031,Tucker: The Man and His Dream (1988),Drama,3.3701578292211196
106841,3.5116822429906542,642,August: Osage County (2013),Comedy|Drama,3.3701481710855443
425,3.4732954545454544,880,Blue Sky (1994),Drama|Romance,3.37006378387821
74787,3.5759637188208617,441,My Name is Khan (2010),Drama|Romance,3.3700029071171347
6659,3.390344982078853,4464,Tremors (1990),Comedy|Horror|Sci-Fi,3.3699983037238455
2323,3.7140151515151514,264,"Cruise, The (1998)",Documentary,3.3699844133751435
72479,3.550796812749004,502,"Messenger, The (2009)",Drama|Romance|War,3.36990944948743
4866,3.4136100386100385,2072,"Last Castle, The (2001)",Action,3.3697983565082987
2240,3.4260061919504645,1615,My Bodyguard (1980),Drama,3.3697972024358127
6422,3.663430420711974,309,Shenandoah (1965),Drama|War|Western,3.369716805198263
4246,3.374563711539494,18623,Bridget Jones's Diary (2001),Comedy|Drama|Romance,3.3696906514775997
6365,3.3726160549689963,29835,"Matrix Reloaded, The (2003)",Action|Adventure|Sci-Fi|Thriller|IMAX,3.3695752547249564
5574,3.381243563336766,7768,"Transporter, The (2002)",Action|Crime,3.369564919809416
4090,3.4209925841414717,1753,"Brave Little Toaster, The (1987)",Animation|Children,3.369281685209107
6337,3.5135566188197767,627,Owning Mahowny (2003),Crime|Drama|Thriller,3.36906610985285
89678,3.712121212121212,264,Northanger Abbey (2007),Drama|Romance,3.369009564476723
6983,3.6810344827586206,290,Jane Eyre (1944),Drama|Romance,3.368834673631678
3823,3.590686274509804,408,Wonderland (1999),Drama,3.3688004347999865
45,3.3785192349022135,9306,To Die For (1995),Comedy|Drama|Thriller,3.368791406045078
6789,3.63265306122449,343,"Apartment, The (Appartement, L') (1996)",Drama|Mystery|Romance,3.36875317725986
1684,3.5153970826580228,617,Mrs. Dalloway (1997),Drama|Romance,3.3687088643262633
5108,3.400905797101449,2760,John Q (2002),Crime|Drama|Thriller,3.3681627856093956
7078,3.6639344262295084,305,Jezebel (1938),Drama,3.367873272468156
46347,3.6260744985673354,349,Metal: A Headbanger's Journey (2005),Documentary,3.3675614745276996
645,3.653968253968254,315,Nelly & Monsieur Arnaud (1995),Drama,3.3675563142757783
3032,3.413945049248315,1929,"Omega Man, The (1971)",Action|Drama|Sci-Fi|Thriller,3.3672184239956433
5994,3.542884990253411,513,Nicholas Nickleby (2002),Drama|Romance,3.3671938648380513
105954,3.473809523809524,840,All Is Lost (2013),Action|Adventure|Drama,3.3666682024245675
4151,3.5754060324825985,431,"Taste of Others, The (Le goût des autres) (2000)",Comedy|Drama|Romance,3.366620099455966
4028,3.602094240837696,382,Songcatcher (2000),Drama,3.3665636481536083
610,3.3774366471734893,8208,Heavy Metal (1981),Action|Adventure|Animation|Horror|Sci-Fi,3.3664776697868146
2463,3.391542568137117,3559,Ruthless People (1986),Comedy,3.366281941652909
6059,3.3876015289058765,4186,"Recruit, The (2003)",Action|Thriller,3.366133397736163
4345,3.452449567723343,1041,"Anniversary Party, The (2001)",Drama,3.3661252853865506
3155,3.3904748833379084,3643,Anna and the King (1999),Drama|Romance,3.365827746247363
170729,3.6235632183908044,348,Louis C.K. 2017 (2017),Comedy,3.3656642747865826
53953,3.3821661998132586,5355,1408 (2007),Drama|Horror|Thriller,3.3654178350113515
87192,3.411447638603696,1948,Attack the Block (2011),Action|Comedy|Sci-Fi,3.3654080775729946
82527,3.5841463414634145,410,Barney's Version (2010),Drama,3.3654044705116273
179749,3.5659955257270695,447,Creep 2 (2017),Comedy|Horror,3.3653757804571223
3417,3.5924050632911393,395,"Crimson Pirate, The (1952)",Adventure|Comedy,3.3653750669670934
43921,3.456967213114754,976,Running Scared (2006),Action|Crime|Thriller,3.3651440979835994
7045,3.4343434343434343,1287,"Witches, The (1990)",Children|Fantasy,3.364779611706564
5074,3.4515033947623666,1031,Storytelling (2001),Comedy|Drama,3.364688651941645
120466,3.3849557522123894,4407,Chappie (2015),Action|Thriller,3.364648082136668
1880,3.6175637393767706,353,Lawn Dogs (1997),Drama,3.3642880970594975
2012,3.3676526790491477,26166,Back to the Future Part III (1990),Adventure|Comedy|Sci-Fi|Western,3.3642362835225614
722,3.6203438395415475,349,"Haunted World of Edward D. Wood Jr., The (1996)",Documentary,3.3642164335509475
81191,3.5856079404466503,403,Waiting for 'Superman' (2010),Documentary,3.3639592048168607
2282,3.4017857142857144,2352,Pecker (1998),Comedy|Drama,3.3638221406513558
3158,3.5920716112531967,391,"Emperor and the Assassin, The (Jing ke ci qin wang) (1999)",Drama,3.363752157556042
7377,3.5419161676646707,501,"United States of Leland, The (2003)",Crime|Drama,3.363735172183106
2145,3.3747523526498266,8076,Pretty in Pink (1986),Comedy|Drama|Romance,3.3636998649377303
862,3.6082191780821917,365,Manny & Lo (1996),Drama,3.3636830194170244
280218,3.4475920679886687,1059,Avatar: The Way of Water (2022),Action|Adventure|Sci-Fi,3.3633802321432156
4393,3.6455696202531644,316,Another Woman (1988),Drama,3.363365207328928
27186,3.6666666666666665,294,Kirikou and the Sorceress (Kirikou et la sorcière) (1998),Adventure|Animation|Children|Fantasy,3.3633542192302657
2420,3.3710084399199514,11493,"Karate Kid, The (1984)",Drama,3.3632516888765966
7082,3.6192528735632186,348,That Touch of Mink (1962),Comedy|Romance,3.3631512910372114
27,3.412597114317425,1802,Now and Then (1995),Children|Drama,3.36314057517193
282161,3.630630630630631,333,A Man Called Otto (2022),Comedy|Drama,3.3630606730024253
276929,3.474375,800,Prey (2022),Action|Thriller,3.363013638688256
142997,3.409905163329821,1898,Hotel Transylvania 2 (2015),Animation|Comedy,3.362972195081332
27416,3.5359223300970872,515,Jalla! Jalla! (2000),Comedy|Drama|Romance,3.3629598188507805
170645,3.6530944625407167,307,The Zookeeper's Wife (2017),Drama,3.3629519798886696
2155,3.4081218274111675,1970,"Slums of Beverly Hills, The (1998)",Comedy|Drama,3.3629118056785394
26349,3.586683417085427,398,Night Moves (1975),Crime|Thriller,3.3629077223993065
333,3.3695033217336285,12644,Tommy Boy (1995),Comedy,3.3624681030350123
64969,3.373040752351097,8294,Yes Man (2008),Comedy,3.3623201729646968
173925,3.4353909465020576,1215,Seven Sisters (2017),Sci-Fi|Thriller,3.362227615014763
362,3.373361603700848,7782,"Jungle Book, The (1994)",Adventure|Children|Romance,3.361947603085596
198147,3.621345029239766,342,Five Feet Apart (2019),Drama|Romance,3.361761728922172
6140,3.56378132118451,439,Tenebre (1982),Horror|Mystery|Thriller,3.3616296054951467
4830,3.520609318996416,558,Brubaker (1980),Crime|Drama,3.3615875642831967
3613,3.606353591160221,362,Things Change (1988),Comedy,3.361376666590459
187505,3.5118845500848894,589,Tully (2018),Comedy,3.3613378751881027
7826,3.6089385474860336,358,"Secret Life of Walter Mitty, The (1947)",Comedy|Romance|Thriller,3.36128687694861
26294,3.56924882629108,426,My Name Is Nobody (Il Mio nome è Nessuno) (1973),Comedy|Western,3.3611868508225093
187815,3.6534653465346536,303,RBG (2018),Documentary,3.361052737126493
31930,3.70703125,256,Masculin Féminin (1966),Drama,3.360992286829296
142456,3.609550561797753,356,The Brand New Testament (2015),(no genres listed),3.360828245363054
44929,3.5331384015594542,513,Candy (2006),Drama|Romance,3.3606313238221697
94325,3.4932533733133435,667,"Lucky One, The (2012)",Drama,3.360590681974136
6754,3.370761727821644,8612,Underworld (2003),Action|Fantasy|Horror,3.360489905722907
55267,3.399955337204109,2239,Dan in Real Life (2007),Comedy|Drama|Romance,3.3604505830701035
81782,3.4014378478664193,2156,Unstoppable (2010),Action|Drama|Thriller,3.3604162358601655
97057,3.5448851774530272,479,Kon-Tiki (2012),Adventure|Documentary|Drama,3.3603036208546664
189783,3.483916083916084,715,Christopher Robin (2018),Adventure|Animation|Comedy,3.3602707808072534
685,3.5241187384044528,539,It's My Party (1996),Drama,3.3601535799214513
4927,3.6518151815181517,303,"Last Wave, The (1977)",Fantasy|Mystery|Thriller,3.360146775901633
33896,3.5016025641025643,624,3 Extremes (Three... Extremes) (Saam gaang yi) (2004),Horror,3.360024064177009
89085,3.4910979228486645,674,"Debt, The (2011)",Drama|Thriller,3.3600227604508737
26476,3.601092896174863,366,Merry Christmas Mr. Lawrence (1983),Drama|War,3.3598390073509696
49132,3.6491803278688524,305,Shut Up & Sing (2006),Documentary,3.35974906232192
94864,3.3675137728807534,11254,Prometheus (2012),Action|Horror|Sci-Fi|IMAX,3.3596714746385787
4450,3.441806331471136,1074,Bully (2001),Crime|Drama|Thriller,3.35963792094649
4055,3.47247119078105,781,Panic (2000),Drama,3.359515492397428
7942,3.6538461538461537,299,Summer with Monika (Sommaren med Monika) (1953),Drama|Romance,3.359125763132162
3734,3.604456824512535,359,Prince of the City (1981),Drama,3.359047549959058
3965,3.6649305555555554,288,"Strange Love of Martha Ivers, The (1946)",Drama|Film-Noir,3.35903335000952
109848,3.393162393162393,2574,Under the Skin (2013),Horror|Sci-Fi|Thriller,3.3589447042474445
7060,3.4422348484848486,1056,Jesus Christ Superstar (1973),Drama|Musical,3.358851257276505
2820,3.6261398176291793,329,Hamlet (1964),Drama,3.3586520256447683
2141,3.3752598752598755,5291,"American Tail, An (1986)",Adventure|Animation|Children|Comedy,3.358628315604995
27022,3.6660839160839163,286,Thursday (1998),Action|Crime|Thriller,3.3585062733597146
2112,3.390425919184565,2747,Grand Canyon (1991),Crime|Drama,3.3584114975867387
1310,3.581012658227848,395,Hype! (1996),Documentary,3.3583864041312497
2657,3.363947776628749,15472,"Rocky Horror Picture Show, The (1975)",Comedy|Horror|Musical|Sci-Fi,3.3582660665496324
45186,3.3693138500635325,7870,Mission: Impossible III (2006),Action|Adventure|Thriller,3.3581476561627945
4649,3.4167780748663104,1496,Wet Hot American Summer (2001),Comedy,3.358052040586917
25855,3.710843373493976,249,"Roaring Twenties, The (1939)",Crime|Drama|Thriller,3.358033753002835
3311,3.6672535211267605,284,"Man from Laramie, The (1955)",Western,3.3579752404205507
1337,3.479281767955801,724,"Body Snatcher, The (1945)",Drama|Horror|Thriller,3.357965880995078
70451,3.652684563758389,298,Max Manus (2008),Action|Drama|War,3.357953932382723
68,3.428686543110395,1241,French Twist (Gazon maudit) (1995),Comedy|Romance,3.357919998402652
49651,3.391271056661562,2612,Rocky Balboa (2006),Action|Drama,3.3576724127442805
110591,3.4161656646626586,1497,Oculus (2013),Horror,3.357560573698443
6288,3.5133214920071048,563,Better Luck Tomorrow (2002),Crime|Drama,3.3575132474690372
7,3.363967611336032,13585,Sabrina (1995),Comedy|Romance,3.357510536119251
139747,3.5859375,384,Before We Go (2014),Romance,3.3575051439723675
4932,3.4523809523809526,924,Dressed to Kill (1980),Mystery|Thriller,3.3574601463211793
4464,3.421090909090909,1375,"Accidental Tourist, The (1988)",Comedy|Drama|Romance,3.3573280409016024
40955,3.5569476082004554,439,Breakfast on Pluto (2005),Comedy|Drama,3.3572685064981993
4840,3.6614583333333335,288,"Last Metro, The (Dernier métro, Le) (1980)",Drama|Romance,3.3571708057740945
4273,3.588390501319261,379,Under the Sand (2000),Drama,3.357166755247828
127146,3.6045197740112993,354,Kurt Cobain: Montage of Heck (2015),Documentary,3.3570492712226097
1092,3.3637029611351017,12968,Basic Instinct (1992),Crime|Mystery|Thriller,3.3569494363746495
4428,3.5866141732283463,381,"Misfits, The (1961)",Comedy|Drama|Romance|Western,3.356826489315941
3917,3.3793148196210745,3853,Hellraiser (1987),Horror,3.3566066958287895
4945,3.4620024125452353,829,"Enforcer, The (1976)",Crime,3.356494114129429
192045,3.539832285115304,477,If Beale Street Could Talk (2018),Drama|Romance,3.356474728778222
49822,3.3990267639902676,2055,"Good Shepherd, The (2006)",Drama|Thriller,3.356467297026829
5450,3.4852724594992637,679,Lovely & Amazing (2001),Comedy|Drama|Romance,3.3564662200884916
2553,3.412007623888183,1574,Village of the Damned (1960),Horror|Sci-Fi|Thriller,3.356445776301559
84944,3.3719892952720785,5605,Rango (2011),Action|Adventure|Animation|Children|Comedy|Western,3.3563889040844757
2159,3.4017671517671517,1924,Henry: Portrait of a Serial Killer (1986),Crime|Horror|Thriller,3.3563279514106084
105835,3.458920187793427,852,"Double, The (2013)",Comedy|Drama|Thriller,3.3563130217277783
4023,3.3706206206206204,5994,"Family Man, The (2000)",Comedy|Drama|Romance,3.3560468701437007
1366,3.396559739655974,2151,"Crucible, The (1996)",Drama,3.3559585839493775
284293,3.693050193050193,259,The Covenant (2023),Action|Drama|Thriller|War,3.3559066856076223
1755,3.49,650,Shooting Fish (1997),Comedy|Romance,3.3557292308600637
113252,3.5016750418760467,597,Housebound (2014),Comedy|Horror|Thriller,3.355556218962184
2867,3.3873626373626373,2730,Fright Night (1985),Comedy|Horror|Thriller,3.355421466185542
44937,3.581818181818182,385,"Child, The (L'enfant) (2005)",Crime|Drama,3.355363630888329
167036,3.4056166763173135,1727,Sing (2016),Animation|Children|Comedy,3.3551622074093386
1399,3.411326860841424,1545,Marvin's Room (1996),Drama,3.3549612607280848
3086,3.527944111776447,501,Babes in Toyland (1934),Children|Comedy|Fantasy|Musical,3.3544005942393804
31184,3.4460317460317462,945,Appleseed (Appurushîdo) (2004),Action|Animation|Fantasy|Sci-Fi,3.3541042010387065
45175,3.5408602150537636,465,Kinky Boots (2005),Comedy|Drama,3.3540622014569426
71500,3.4321043165467624,1112,Trick 'r Treat (2007),Comedy|Horror|Thriller,3.3540047068999272
106002,3.369526040728059,5549,Ender's Game (2013),Action|Adventure|Sci-Fi|IMAX,3.353880716400785
681,3.5813648293963256,381,Coup de torchon (Clean Slate) (1981),Crime,3.3536513821560745
186311,3.6088235294117648,340,The Guernsey Literary and Potato Peel Pie Society (2018),Drama|Romance,3.353650884055207
6944,3.375220792329044,3963,Father of the Bride (1991),Comedy,3.3533476591609754
78218,3.452109464082098,877,Unthinkable (2010),Drama|Thriller,3.353286264872646
2600,3.3663695422269226,6619,eXistenZ (1999),Action|Sci-Fi|Thriller,3.35327611141981
59418,3.5880758807588076,369,"American Crime, An (2007)",Crime,3.3532367787993387
260617,3.4636479591836733,784,Licorice Pizza (2021),Drama,3.3531464862233626
163056,3.568407960199005,402,Shin Godzilla (2016),Action|Adventure|Fantasy|Sci-Fi,3.3529958605317427
2704,3.5017211703958693,581,"Lovers on the Bridge, The (Amants du Pont-Neuf, Les) (1991)",Drama|Romance,3.352771425015197
166705,3.463508322663252,781,Fences (2016),Drama,3.3527187160113714
42418,3.4170386904761907,1344,"New World, The (2005)",Adventure|Drama|Romance,3.3526680931760384
4366,3.3695482104439662,5113,Atlantis: The Lost Empire (2001),Adventure|Animation|Children|Fantasy,3.3526296659057633
27873,3.4436248682824027,949,Metallica: Some Kind of Monster (2004),Documentary,3.3525043873613085
168366,3.381023102310231,3030,Beauty and the Beast (2017),Fantasy|Romance,3.352485591393489
4484,3.679924242424242,264,Camille Claudel (1988),Drama,3.3524371332035705
194348,3.491171749598716,623,Can You Ever Forgive Me? (2018),Comedy|Crime|Drama,3.352408539534478
799,3.365367316341829,6670,"Frighteners, The (1996)",Comedy|Horror|Thriller,3.3524064527049258
5435,3.6462585034013606,294,Hombre (1967),Western,3.3523024601586138
3241,3.5935754189944134,358,"Cup, The (Phörpa) (1999)",Comedy,3.352224428439795
103306,3.418133129303749,1307,Europa Report (2013),Sci-Fi|Thriller,3.3520566910599086
94896,3.4321561338289963,1076,Bernie (2011),Comedy|Crime|Drama,3.3519246778021827
7107,3.4974704890387858,593,Foul Play (1978),Comedy|Thriller,3.3519004699134234
3477,3.378716744913928,3195,Empire Records (1995),Comedy|Drama,3.3517131756497323
33672,3.451388888888889,864,Lords of Dogtown (2005),Action|Comedy|Drama,3.351572473375965
4519,3.3797385620915033,3060,"Land Before Time, The (1988)",Adventure|Animation|Children|Fantasy,3.351556410172599
205287,3.608955223880597,335,Bacurau (2019),Action|Adventure|Drama|Mystery,3.3515413694470135
621,3.6092814371257487,334,My Favorite Season (1993),Drama,3.3512866797394265
187,3.4394871794871795,975,Party Girl (1995),Comedy,3.351143888896243
3920,3.5757180156657964,383,"Faraway, So Close (In weiter Ferne, so nah!) (1993)",Drama|Fantasy|Mystery|Romance,3.3509495262226805
6008,3.629449838187702,309,"Son, The (Le fils) (2002)",Drama,3.350896228033897
133802,3.5302083333333334,480,Slow West (2015),Action|Thriller|Western,3.3508917624092627
4299,3.359382752803414,10077,"Knight's Tale, A (2001)",Action|Comedy|Romance,3.3508425421145
4772,3.671641791044776,268,Dinner Rush (2000),Drama,3.350677124434342
69951,3.382639670041245,2667,"Imaginarium of Doctor Parnassus, The (2009)",Drama|Fantasy,3.350411538674204
3217,3.529106029106029,481,"Star Is Born, A (1937)",Drama,3.3504110229074002
207,3.3657275320970044,5608,"Walk in the Clouds, A (1995)",Drama|Romance,3.3504012371083873
58301,3.4137675795706883,1351,Funny Games U.S. (2007),Drama|Thriller,3.3501875152322715
70159,3.387216404886562,2292,Orphan (2009),Drama|Horror|Mystery|Thriller,3.349783543476765
6567,3.4564676616915424,804,Buffalo Soldiers (2001),Comedy|Crime|Drama|War,3.3497625658848054
51660,3.6282467532467533,308,"Ultimate Gift, The (2006)",Drama,3.349730661914368
100745,3.62540192926045,311,TPB AFK: The Pirate Bay Away from Keyboard (2013),Documentary,3.349642803393662
130508,3.691235059760956,251,Berserk: The Golden Age Arc - The Egg of the King (2012),Action|Adventure|Animation|Fantasy|Horror,3.349599931226468
5613,3.4320154291224685,1037,8 Women (2002),Comedy|Crime|Musical|Mystery,3.349377872011907
49312,3.68359375,256,Snow Cake (2006),Drama,3.3491087455339894
132660,3.496551724137931,580,Man Up (2015),Comedy|Romance,3.3489745513573546
5949,3.5522565320665085,421,Intact (Intacto) (2001),Thriller,3.348955076310064
2340,3.3608369247879883,7193,Meet Joe Black (1998),Romance,3.348938443894719
3483,3.370337922403004,3995,"Road to El Dorado, The (2000)",Animation|Children,3.348916092655367
568,3.567774936061381,391,Bhaji on the Beach (1993),Comedy|Drama,3.3489060878576518
1093,3.3591054706752095,8116,"Doors, The (1991)",Drama,3.348571412165132
33615,3.357231149567367,9708,Madagascar (2005),Adventure|Animation|Children|Comedy,3.348428226217006
26599,3.6769230769230767,260,"Law of Desire (Ley del deseo, La) (1987)",Comedy|Drama|Romance,3.34832974183555
6748,3.4754464285714284,672,"Brood, The (1979)",Horror,3.348316870040299
3655,3.5510688836104514,421,Blow-Out (La grande bouffe) (1973),Drama,3.348208696253339
6327,3.6473684210526316,285,"Decade Under the Influence, A (2003)",Documentary,3.3479396996068767
6281,3.3572371315442147,9092,Phone Booth (2002),Drama|Thriller,3.3478535264931764
2672,3.3650515463917525,4850,"Thirteenth Floor, The (1999)",Drama|Sci-Fi|Thriller,3.3474798496970157
26085,3.5768194070080863,371,Mutiny on the Bounty (1962),Adventure|Drama|Romance,3.347257631263287
6936,3.3544454225352114,11360,Elf (2003),Children|Comedy|Fantasy,3.346954923000466
26554,3.48462783171521,618,"Quiet Earth, The (1985)",Drama|Mystery|Sci-Fi,3.3469431371785805
1056,3.460561497326203,748,Jude (1996),Drama,3.3468402102719543
4811,3.5228215767634854,482,Quadrophenia (1979),Drama|Musical,3.3465111583255047
115147,3.565891472868217,387,The Best of Me (2014),Drama|Romance,3.3463830879385306
40491,3.686,250,"Match Factory Girl, The (Tulitikkutehtaan tyttö) (1990)",Comedy|Drama,3.3462918533175214
2436,3.409293680297398,1345,Tea with Mussolini (1999),Comedy|Drama|War,3.3461729127424
6159,3.5241090146750524,477,All the Real Girls (2003),Drama|Romance,3.3461427271251023
5980,3.479559748427673,636,Black Christmas (1974),Horror|Mystery|Thriller,3.346101260730152
32469,3.6737451737451736,259,We're No Angels (1955),Comedy|Crime|Drama,3.3460622280372343
25937,3.6698473282442747,262,Easter Parade (1948),Musical|Romance,3.3459874840871233
2459,3.3644584876879495,4589,"Texas Chainsaw Massacre, The (1974)",Horror,3.3459693266954904
1620,3.362797619047619,5040,Kiss the Girls (1997),Crime|Drama|Mystery|Thriller,3.3459632448373218
114762,3.4432339449541285,872,Two Night Stand (2014),Comedy|Romance,3.3459407669016965
205076,3.55919395465995,397,Downton Abbey (2019),Drama,3.345664972317869
4889,3.3839366515837104,2210,Heist (2001),Crime|Drama,3.345587460091956
180265,3.543123543123543,429,Jim & Andy: The Great Beyond (2017),Documentary,3.345574576810904
494,3.35220721787886,12663,Executive Decision (1996),Action|Adventure|Thriller,3.345515764962563
131656,3.4836867862969005,613,Shaun the Sheep Movie (2015),Adventure|Animation|Children|Comedy,3.3454751196427797
143969,3.507662835249042,522,Er ist wieder da (2015),Comedy,3.3453950001558073
105211,3.4698085419734905,679,Enough Said (2013),Comedy|Drama|Romance,3.3451503455330442
258451,3.4430894308943087,861,Last Night in Soho (2021),Drama|Horror|Mystery|Thriller,3.344864407262016
346,3.4176724137931034,1160,Backbeat (1993),Drama|Musical,3.344783168159636
161966,3.4813915857605178,618,Elle (2016),Thriller,3.344636066005435
2001,3.3500066120074052,15124,Lethal Weapon 2 (1989),Action|Comedy|Crime|Drama,3.344422002720379
194016,3.3903699673558214,1838,Ralph Breaks the Internet (2018),Animation|Children,3.3444175598352155
5139,3.3998028909329827,1522,"Bad News Bears, The (1976)",Comedy,3.3443249227060314
101088,3.419026548672566,1130,Stoker (2013),Drama|Mystery|Thriller,3.344307060425057
34552,3.602446483180428,327,"Girl in the Café, The (2005)",Drama|Romance,3.3442698482724635
3150,3.5755494505494507,364,"War Zone, The (1999)",Drama|Thriller,3.343881555914687
260243,3.4441141498216408,841,The Power of the Dog (2021),Drama|Western,3.3438526521883762
4823,3.3591299477221805,5356,Serendipity (2001),Comedy|Romance,3.343407555107158
5142,3.6597744360902253,266,"Firemen's Ball, The (Horí, má panenko) (1967)",Comedy|Drama,3.343299680753761
1892,3.3607038123167157,4774,"Perfect Murder, A (1998)",Thriller,3.3430816869975732
203218,3.490367775831874,571,Good Boys (2019),Comedy,3.3430479395293466
269,3.4818481848184817,606,My Crazy Life (Mi vida loca) (1993),Drama,3.343040128225654
2669,3.509920634920635,504,Pork Chop Hill (1959),War,3.3430269698766253
3070,3.3638730473592857,4033,"Adventures of Buckaroo Banzai Across the 8th Dimension, The (1984)",Adventure|Comedy|Sci-Fi,3.3430171198813867
8334,3.642857142857143,280,"Cowboys, The (1972)",Western,3.3427207517869384
112940,3.4435774309723888,833,A Most Wanted Man (2014),Thriller,3.342698036436003
3301,3.3520396790013374,8972,"Whole Nine Yards, The (2000)",Comedy|Crime,3.34267425149607
5122,3.547560975609756,410,Summer of '42 (1971),Drama,3.3426392557597686
1117,3.657303370786517,267,"Eighth Day, The (Huitième jour, Le) (1996)",Drama,3.342634242334002
52666,3.653703703703704,270,Benny's Video (1992),Drama|Horror,3.342580469493374
27005,3.6405693950177938,281,"Interview, The (1998)",Crime|Drama|Mystery|Thriller,3.3420739868279137
6441,3.553030303030303,396,Battle of Britain (1969),War,3.3415490860910397
390,3.4278350515463916,970,Faster Pussycat! Kill! Kill! (1965),Action|Crime|Drama,3.341508741996974
26101,3.6382978723404253,282,McLintock! (1963),Comedy|Western,3.341429658353949
7212,3.588757396449704,338,I Was a Male War Bride (1949),Comedy|Romance,3.3412250905096466
62376,3.3927250308261407,1622,City of Ember (2008),Adventure|Children|Sci-Fi,3.341153993062222
6898,3.5718232044198897,362,Sweet Sixteen (2002),Drama,3.340915052578346
3480,3.4174311926605503,1090,Lucas (1986),Drama|Romance,3.340776014355151
224262,3.4534412955465585,741,Love and Monsters (2020),Adventure,3.340706137609972
114678,3.5157232704402515,477,Hector and the Search for Happiness (2014),Adventure|Comedy|Drama,3.340632326243438
2015,3.3726469458317325,2603,"Absent-Minded Professor, The (1961)",Children|Comedy|Fantasy,3.3405676936849504
5909,3.519271948608137,467,Visitor Q (Bizita Q) (2001),Comedy|Drama|Horror,3.3405014745357056
5237,3.4398092967818834,839,Taps (1981),Drama,3.3403483827742546
4506,3.403482210446631,1321,Frantic (1988),Crime|Mystery|Thriller,3.3403178582203394
27109,3.5924242424242423,330,Lady Snowblood (Shurayukihime) (1973),Action|Crime|Drama|Thriller,3.3398946374505294
6538,3.3873079112122935,1757,Swimming Pool (2003),Drama|Mystery|Thriller,3.339879857231223
2414,3.369603995718873,2803,Young Sherlock Holmes (1985),Action|Adventure|Children|Fantasy|Mystery|Thriller,3.33987516157807
93164,3.587797619047619,336,Sleep Tight (Mientras duermes) (2011),Horror|Thriller,3.3398273305182276
6466,3.5282805429864252,442,Mississippi Masala (1991),Drama|Romance,3.339795926501826
142507,3.511340206185567,485,Pawn Sacrifice (2015),Drama,3.3396443733752714
3928,3.417448405253283,1066,Abbott and Costello Meet Frankenstein (1948),Comedy|Horror,3.339390832474037
47202,3.6564885496183206,262,"Secret Life of Words, The (2005)",Drama|Romance,3.3391368283815064
301,3.5183189655172415,464,Picture Bride (Bijo photo) (1994),Drama|Romance,3.339128917969016
155,3.4034134988363074,1289,Beyond Rangoon (1995),Adventure|Drama|War,3.338945968931733
2073,3.4706349206349207,630,Fandango (1985),Comedy,3.3387928155877935
1347,3.3471793288037883,9714,"Nightmare on Elm Street, A (1984)",Horror|Thriller,3.3386328283552094
2245,3.354587869362364,5144,Working Girl (1988),Comedy|Drama|Romance,3.3384570464166057
75341,3.4177820267686423,1046,Remember Me (2010),Drama|Romance,3.3384547112673655
3142,3.411453744493392,1135,U2: Rattle and Hum (1988),Documentary|Musical,3.3383662154925293
70,3.3432596291012837,16824,From Dusk Till Dawn (1996),Action|Comedy|Horror|Thriller,3.3383294581248713
37830,3.3788470933072787,2047,Final Fantasy VII: Advent Children (2004),Action|Adventure|Animation|Fantasy|Sci-Fi,3.3383270201751434
7124,3.637184115523466,277,Grass (1999),Documentary,3.338020546910271
60293,3.4787414965986394,588,"Wackness, The (2008)",Comedy|Drama|Romance,3.337871914948156
5101,3.615771812080537,298,Richard Pryor Here and Now (1983),Comedy|Documentary,3.3378405661366095
41716,3.3983859134262655,1363,"Matador, The (2005)",Comedy|Drama|Thriller,3.337654324474292
42018,3.4943181818181817,528,Mrs. Henderson Presents (2005),Comedy|Drama,3.337578846209437
191351,3.419563058589871,1007,To All the Boys I've Loved Before (2018),Comedy|Romance,3.3374193849988947
59118,3.433294663573086,862,Happy-Go-Lucky (2008),Comedy|Drama,3.3373526020524906
5316,3.4064327485380117,1197,Enigma (2001),Romance|Thriller,3.3373435269521483
51357,3.616554054054054,296,Citizen X (1995),Crime|Drama|Thriller,3.337245376436248
94931,3.54064039408867,406,Take This Waltz (2011),Drama|Romance,3.337097275339917
4020,3.363650998068255,3106,"Gift, The (2000)",Thriller,3.3370487959760684
162600,3.372870249017038,2289,Miss Peregrine's Home for Peculiar Children (2016),Fantasy,3.3368001125419093
8364,3.5884146341463414,328,Baadasssss! (How to Get the Man's Foot Outta Your Ass) (2003),Drama,3.3367394793206993
263405,3.452816901408451,710,Nightmare Alley (2021),Crime|Drama|Mystery,3.3365992341434056
37855,3.6363636363636362,275,"Prize Winner of Defiance Ohio, The (2005)",Drama,3.336447806108249
2803,3.350852522411672,5689,"Pelican Brief, The (1993)",Crime|Drama|Mystery|Romance|Thriller,3.3363588146685044
5258,3.5692090395480225,354,George Washington (2000),Drama,3.3363161479849253
705,3.5265588914549655,433,Cosi (1996),Comedy,3.3362149957766705
89047,3.4924098671726753,527,Hesher (2010),Drama,3.3360806877434093
5679,3.340976240305306,16246,"Ring, The (2002)",Horror|Mystery|Thriller,3.335907765771245
1909,3.3418055343219693,13082,"X-Files: Fight the Future, The (1998)",Action|Crime|Mystery|Sci-Fi|Thriller,3.3355186075673897
31685,3.3429423459244534,11066,Hitch (2005),Comedy|Romance,3.3355102568842954
7614,3.4480164158686732,731,Oklahoma! (1955),Musical|Romance|Western,3.335508731115534
8982,3.6525096525096523,259,I Am David (2003),Drama,3.335233324709808
2097,3.3906144496961512,1481,Something Wicked This Way Comes (1983),Children|Drama|Fantasy|Mystery|Thriller,3.335143653170768
7713,3.473773265651438,591,Cat People (1942),Drama|Horror|Romance|Thriller,3.3348791589714386
4082,3.4271186440677965,885,Barfly (1987),Comedy|Drama|Romance,3.3344783540172074
1395,3.3702490170380077,2289,Tin Men (1987),Comedy|Drama,3.3344359531975694
663,3.3585992907801416,3384,Kids in the Hall: Brain Candy (1996),Comedy,3.334378872421512
1031,3.3516307823491793,4691,Bedknobs and Broomsticks (1971),Adventure|Children|Musical,3.334169721172516
8984,3.340275696733593,13348,Ocean's Twelve (2004),Action|Comedy|Crime|Thriller,3.334139767566145
6405,3.521788990825688,436,Treasure Island (1950),Adventure|Children,3.33401227276991
27032,3.507430997876858,471,Who Am I? (Wo shi shei) (1998),Action|Adventure|Comedy|Sci-Fi|Thriller,3.3337477505488424
94777,3.34426867219917,7712,Men in Black III (M.III.B.) (M.I.B.³) (2012),Action|Comedy|Sci-Fi|IMAX,3.333663908053124
3554,3.402439024390244,1189,Love and Basketball (2000),Drama|Romance,3.3336567255164553
82167,3.3714153561517115,2162,Love and Other Drugs (2010),Comedy|Drama|Romance,3.3335953401717666
91488,3.6184668989547037,287,"Snowman, The (1982)",Animation|Children|Musical,3.3335790364249145
8371,3.3441129883843717,7576,"Chronicles of Riddick, The (2004)",Action|Sci-Fi|Thriller,3.3333288611509557
59549,3.631868131868132,273,Shelter (2007),Drama|Romance,3.3329469354667784
449,3.4488636363636362,704,Fear of a Black Hat (1994),Comedy,3.3329467998951747
6368,3.6351851851851853,270,Cinemania (2002),Documentary,3.332944701522667
8767,3.6567460317460316,252,"Big Clock, The (1948)",Crime|Film-Noir|Thriller,3.3329307359155753
8915,3.572058823529412,340,Stage Beauty (2004),Drama,3.3324248694517093
490,3.356925880923451,3292,Malice (1993),Thriller,3.3321937941258195
3771,3.457055214723926,652,The Golden Voyage of Sinbad (1973),Action|Adventure|Fantasy,3.3321844884228122
26375,3.45530303030303,660,Silver Streak (1976),Action|Comedy|Crime,3.3320112285401158
112087,3.5334158415841586,404,Frequencies (2013),Mystery|Romance|Sci-Fi,3.3320033781897864
8781,3.3535286284953396,3755,"Manchurian Candidate, The (2004)",Thriller,3.3318676804166216
55274,3.4127617148554337,1003,Elizabeth: The Golden Age (2007),Drama,3.3317078086269762
6457,3.633828996282528,269,Sink the Bismark! (1960),Action|Drama|War,3.331656701332519
4679,3.354294478527607,3586,Uncle Buck (1989),Comedy,3.331629248642758
6077,3.5910543130990416,313,Evil Under the Sun (1982),Crime|Drama|Mystery,3.331491378572898
1413,3.5462962962962963,378,"Whole Wide World, The (1996)",Drama,3.331416502823595
2483,3.515909090909091,440,"Day of the Beast, The (Día de la Bestia, El) (1995)",Adventure|Comedy|Thriller,3.331347083205272
7888,3.5841121495327104,321,How to Succeed in Business Without Really Trying (1967),Comedy|Musical,3.331224786138115
30822,3.368579361406756,2161,In Good Company (2004),Comedy|Drama,3.331036559865601
101360,3.4470672389127324,699,"Call, The (2013)",Drama|Thriller,3.331010661061411
1014,3.3773584905660377,1749,Pollyanna (1960),Children|Comedy|Drama,3.3309800318434917
43652,3.6319702602230484,269,"Comedians of Comedy, The (2005)",Comedy|Documentary,3.3306912639894026
111659,3.3461168781237984,5202,Maleficent (2014),Action|Adventure|Children|IMAX,3.330544498270031
7352,3.557422969187675,357,Wilbur Wants to Kill Himself (2002),Comedy|Drama|Romance,3.3305248483579986
5873,3.4429763560500697,719,The Emperor's Club (2002),Drama,3.3303698787272564
4626,3.519906323185012,427,Miracle Mile (1989),Drama|Romance|Sci-Fi,3.330322541234075
7889,3.528186274509804,408,Pat Garrett and Billy the Kid (1973),Western,3.3299817409348638
37384,3.375211744776962,1771,Waiting... (2005),Comedy,3.329602953423492
201811,3.3878066378066376,1386,Yesterday (2019),Comedy|Romance,3.3295400364671304
3133,3.617857142857143,280,Go West (1925),Comedy|Western,3.3294857357158474
3760,3.3794063079777366,1617,"Kentucky Fried Movie, The (1977)",Comedy,3.3294737154296112
1476,3.34276055408971,6064,Private Parts (1997),Comedy|Drama,3.32944684782273
72605,3.4145569620253164,948,Brothers (2009),Drama|Thriller|War,3.329405134614514
3046,3.45546875,640,"Incredibly True Adventure of Two Girls in Love, The (1995)",Comedy|Romance,3.329356514366196
33145,3.412461380020597,971,"Lot Like Love, A (2005)",Comedy|Drama|Romance,3.329342573670064
6356,3.5214285714285714,420,Gunfight at the O.K. Corral (1957),Western,3.329294372283019
57640,3.34203448821389,6321,Hellboy II: The Golden Army (2008),Action|Adventure|Fantasy|Sci-Fi,3.3292690917091754
25744,3.6277777777777778,270,Haxan: Witchcraft Through the Ages (a.k.a. The Witches) (1922),Documentary|Horror,3.3290903943343837
4043,3.518823529411765,425,At Close Range (1986),Crime|Drama,3.329077022733509
5628,3.409819639278557,998,Wasabi (2001),Action|Comedy|Crime|Drama|Thriller,3.3290279939210135
27373,3.6526104417670684,249,61* (2001),Drama,3.3289114392852213
3598,3.3934624697336564,1239,Hamlet (2000),Crime|Drama|Romance|Thriller,3.3284931820822043
5810,3.336322203507381,10093,8 Mile (2002),Drama,3.3283502069851876
8019,3.415492957746479,923,Dark Water (Honogurai mizu no soko kara) (2002),Drama|Horror|Mystery|Thriller,3.3283258005120846
3555,3.3384177215189874,7900,U-571 (2000),Action|Thriller|War,3.3282363270650164
2939,3.4671280276816607,578,Niagara (1953),Drama|Thriller,3.3280505570445174
2105,3.3346279128038088,11973,Tron (1982),Action|Adventure|Sci-Fi,3.327916690990772
48856,3.5272952853598016,403,"Guide to Recognizing Your Saints, A (2006)",Crime|Drama,3.327910731124577
8158,3.4908722109533468,493,Rush (1991),Crime|Drama,3.3278946025341845
8943,3.4968421052631578,475,Being Julia (2004),Comedy|Drama,3.327759366791147
62155,3.3625705601389493,2303,Nick and Norah's Infinite Playlist (2008),Comedy|Drama|Romance,3.327702890246527
6545,3.561046511627907,344,I Capture the Castle (2003),Drama|Romance,3.3276522273909794
4274,3.4481981981981984,666,Cleopatra (1963),Drama|Romance,3.3276478365068445
105,3.335110058237094,10131,"Bridges of Madison County, The (1995)",Drama|Romance,3.3271963126446416
60609,3.4927685950413223,484,Death Note (2006),Adventure|Crime|Drama|Horror|Mystery,3.327145593696428
49957,3.517857142857143,420,"History Boys, The (2006)",Comedy|Drama,3.327051884616701
1597,3.3338253168952945,11518,Conspiracy Theory (1997),Drama|Mystery|Romance|Thriller,3.3268715639310362
3055,3.4545454545454546,627,Felicia's Journey (1999),Thriller,3.3268238447540948
3450,3.3399605652316793,6086,Grumpy Old Men (1993),Comedy,3.326803107487113
111249,3.6381322957198443,257,Belle (2013),Drama,3.3266752433684754
8494,3.615523465703971,277,"Cincinnati Kid, The (1965)",Drama,3.3266115337899063
6974,3.4077079107505073,986,"Freshman, The (1990)",Comedy|Crime,3.3265568107701933
5447,3.488821138211382,492,Sunshine State (2002),Drama,3.326312600378069
289,3.3504998485307484,3301,Only You (1994),Comedy|Romance,3.3262810235837947
976,3.4967880085653107,467,"Farewell to Arms, A (1932)",Romance|War,3.325834621623288
242906,3.4375876577840114,713,The Unbearable Weight of Massive Talent (2021),Comedy,3.3256731527394865
65418,3.511655011655012,429,Wendy and Lucy (2008),Drama,3.3256601351528428
3320,3.506818181818182,440,Mifune's Last Song (Mifunes sidste sang) (1999),Comedy|Drama|Romance,3.325540725243304
4849,3.5294117647058822,391,My First Mister (2001),Comedy|Drama,3.325464925175983
1676,3.3291831012688307,21043,Starship Troopers (1997),Action|Sci-Fi,3.3253943990728922
101142,3.3533285866856533,2809,"Croods, The (2013)",Adventure|Animation|Comedy,3.3249828331927507
1573,3.328083769633508,23875,Face/Off (1997),Action|Crime|Drama|Thriller,3.3247511805976693
57368,3.333593054318789,8984,Cloverfield (2008),Action|Mystery|Sci-Fi|Thriller,3.3247370821323865
6957,3.33728949478749,6235,Bad Santa (2003),Comedy|Crime,3.3245369308009236
69027,3.6245283018867926,265,OSS 117 - Lost in Rio (OSS 117: Rio ne répond plus) (2009),Adventure|Comedy,3.324508670208429
210851,3.4639718804920916,569,Emma (2020),Comedy|Drama,3.3243244964177916
26183,3.6185185185185187,270,Asterix and Cleopatra (Astérix et Cléopâtre) (1968),Action|Adventure|Animation|Children|Comedy,3.3242725103490303
6197,3.3855050115651504,1297,Spider (2002),Drama|Mystery,3.324254483226672
2712,3.328103614335682,19727,Eyes Wide Shut (1999),Drama|Mystery|Thriller,3.3240787651930632
72405,3.396098003629764,1102,Bad Lieutenant: Port of Call New Orleans (2009),Crime|Drama,3.324054338307877
237227,3.4136568848758464,886,Raya and the Last Dragon (2021),Action|Adventure|Animation|Children|Fantasy,3.3240505820954374
4188,3.5225,400,Hans Christian Andersen (1952),Children|Musical,3.3240329875483305
4294,3.526854219948849,391,"5,000 Fingers of Dr. T, The (1953)",Children|Fantasy|Musical,3.323902180997205
183619,3.4419642857142856,672,Den of Thieves (2018),Crime,3.323884249777513
6041,3.6254752851711025,263,Amen. (2002),Drama,3.3238230232860158
183613,3.44765625,640,Thoroughbreds (2018),Drama|Thriller,3.3237315846778173
3422,3.3984891406987723,1059,She's Gotta Have It (1986),Comedy|Romance,3.3236218408288947
34198,3.5240506329113925,395,Russian Dolls (Les poupées russes) (2005),Comedy|Romance,3.323443089952029
71264,3.337999631608031,5429,Cloudy with a Chance of Meatballs (2009),Animation|Children|Fantasy|IMAX,3.323405661533333
115881,3.487551867219917,482,9 (2005),Animation|Fantasy,3.3232521625668516
3936,3.4581911262798637,586,Phantom of the Opera (1943),Horror|Musical|Thriller,3.3231105588934144
3270,3.3712538226299693,1635,"Cutting Edge, The (1992)",Comedy|Drama|Romance,3.3228754209990505
6768,3.5082159624413145,426,Luther (2003),Drama,3.3226626250112785
6201,3.592150170648464,293,Lady Jane (1986),Drama|Romance,3.3225041624286984
2626,3.56875,320,Edge of Seventeen (1998),Comedy|Drama|Romance,3.3221392259098463
58154,3.376466528640442,1449,"Other Boleyn Girl, The (2008)",Drama|Romance,3.3220242685788985
43744,3.479083665338645,502,Imagine Me & You (2005),Comedy|Drama|Romance,3.321966980450275
113604,3.4237726098191215,774,If I Stay (2014),Drama,3.3218936412358118
340,3.3742494996664445,1499,"War, The (1994)",Adventure|Drama|War,3.3216803052921287
1372,3.328391274710293,11736,Star Trek VI: The Undiscovered Country (1991),Action|Mystery|Sci-Fi,3.3216768605178273
206451,3.556716417910448,335,Bad Education (2019),Comedy|Drama,3.3215704840214277
127298,3.6068840579710146,276,A Pigeon Sat on a Branch Reflecting on Existence (2014),Comedy|Drama,3.3215183951611964
6764,3.3517095658855167,2603,"Rundown, The (2003)",Action|Adventure|Comedy,3.3214576267120552
44587,3.6161048689138577,267,Nanook of the North (1922),Documentary|Drama,3.321312280713533
1883,3.3362890922959574,5244,Bulworth (1998),Comedy|Drama|Romance,3.3212811093630163
450,3.3470088264138607,3059,With Honors (1994),Comedy|Drama,3.321280874760456
3309,3.6365461847389557,249,"Dog's Life, A (1918)",Comedy,3.3208776975700176
1459,3.341014418125644,3884,Absolute Power (1997),Mystery|Thriller,3.3207832286336743
6229,3.599290780141844,282,Two-Lane Blacktop (1971),Drama,3.3207101254852356
2891,3.378299120234604,1364,"Happy, Texas (1999)",Comedy,3.3207049448943593
4704,3.532345013477089,371,Hatari! (1962),Adventure|Comedy,3.3206404349413
5054,3.4293628808864267,722,Brainstorm (1983),Sci-Fi|Thriller,3.320594299742622
846,3.5096618357487923,414,Flirt (1995),Drama,3.320206676150417
329,3.3230295610845064,27773,Star Trek: Generations (1994),Adventure|Drama|Sci-Fi,3.320205446654942
105653,3.3602789256198347,1936,Escape Plan (2013),Action|Mystery|Thriller,3.3198155547714365
84772,3.33621425522834,4686,Paul (2011),Adventure|Comedy|Sci-Fi,3.319513061180594
495,3.416049382716049,810,In the Realm of the Senses (Ai no corrida) (1976),Drama,3.319449433959875
4195,3.454939341421144,577,"Abominable Dr. Phibes, The (1971)",Horror|Mystery,3.3193667582275235
6358,3.5311653116531163,369,Kiss Me Kate (1953),Comedy|Musical|Romance,3.319250696909065
2337,3.3688733290897517,1571,Velvet Goldmine (1998),Drama,3.319119185460801
5383,3.4822546972860127,479,"Hound of the Baskervilles, The (1959)",Crime|Horror|Mystery,3.319089168319978
5472,3.4767676767676767,495,1776 (1972),Children|Drama|Musical,3.3189474467268605
95135,3.519230769230769,390,Your Sister's Sister (2011),Comedy|Drama,3.3189309839100196
7059,3.5283018867924527,371,National Velvet (1944),Children|Drama,3.3182206898211195
7984,3.4558303886925796,566,From Beyond (1986),Horror|Sci-Fi,3.3181556088110344
7624,3.428470254957507,706,School Ties (1992),Drama,3.3181118500577145
2926,3.3401813544913574,3529,Hairspray (1988),Comedy|Drama,3.3181039745943814
6239,3.4164556962025316,790,Journey to the Center of the Earth (1959),Adventure|Children|Sci-Fi,3.317898744460595
92243,3.5673076923076925,312,"Flowers of War, The (Jin líng shí san chai) (2011)",Drama|War,3.3178195857017503
80862,3.4157232704402514,795,Catfish (2010),Documentary|Mystery,3.3178130142926636
7714,3.54,350,Camelot (1967),Drama|Musical|Romance,3.3176907757891327
103228,3.3272026292504107,7911,Pacific Rim (2013),Action|Adventure|Sci-Fi|IMAX,3.3173770518781
31123,3.6029411764705883,272,Ruby & Quentin (Tais-toi!) (2003),Comedy|Crime,3.3172682004609553
13,3.3540579022306596,2107,Balto (1995),Adventure|Animation|Children,3.317188762519679
25774,3.5531914893617023,329,"Golden Age, The (Âge d'Or, L') (1930)",Comedy|Drama|Romance,3.3171223492301642
242,3.387184115523466,1108,Farinelli: il castrato (1994),Drama|Musical,3.317094115719738
127212,3.5073529411764706,408,The Stanford Prison Experiment (2015),Drama|Thriller,3.317042176313155
104908,3.378993610223642,1252,Insidious: Chapter 2 (2013),Horror|Thriller,3.316986478526292
54745,3.472,500,Rocket Science (2007),Comedy|Drama,3.3168180072374307
2370,3.393818544366899,1003,"Emerald Forest, The (1985)",Action|Adventure|Drama,3.3165308775621947
56805,3.363719512195122,1640,Walk Hard: The Dewey Cox Story (2007),Comedy|Musical,3.316461964963795
164540,3.5287671232876714,365,Amanda Knox (2016),Documentary,3.316444055416374
4411,3.492063492063492,441,Sons of Katie Elder (1965),Western,3.3163719461082937
104078,3.493150684931507,438,Alan Partridge: Alpha Papa (2013),Comedy,3.3162978681323505
56286,3.404680365296804,876,I'm Not There (2007),Drama,3.316263672877689
2185,3.5024038461538463,416,I Confess (1953),Thriller,3.316235532591535
143345,3.345413363533409,2649,Shazam! (2019),Action|Adventure|Fantasy|Sci-Fi,3.3161824098899593
26249,3.570723684210526,304,They Call Me Trinity (1971),Comedy|Western,3.3160879103275667
87869,3.3270128767510965,7067,Horrible Bosses (2011),Comedy|Crime,3.316060225757612
583,3.580204778156997,293,Dear Diary (Caro Diario) (1994),Comedy|Drama,3.316045406200612
757,3.5599369085173502,317,Ashes of Time (Dung che sai duk) (1994),Drama,3.3158950443896655
45668,3.343681917211329,2754,"Lake House, The (2006)",Drama|Fantasy|Romance,3.3156165725199345
89535,3.5665584415584415,308,"Havre, Le (2011)",Comedy|Drama,3.3156132261090177
27772,3.3730454206999254,1343,Ju-on: The Grudge (2002),Horror,3.315512912632773
128606,3.530640668523677,359,45 Years (2015),Drama,3.315454853791926
8451,3.5521472392638036,326,Blackboard Jungle (1955),Drama,3.3152983225258508
140713,3.482646420824295,461,No Escape (2015),Thriller,3.3152063750107224
116161,3.3663793103448274,1508,Foxcatcher (2014),Drama,3.3151943796574144
94985,3.397642015005359,933,Get the Gringo (2012),Action|Crime|Drama|Thriller,3.314971660563594
1840,3.357379767827529,1809,He Got Game (1998),Drama,3.3147699138053897
275243,3.431060606060606,660,Elvis (2022),Drama,3.314407531763793
4789,3.458724202626642,533,Phantom of the Paradise (1974),Comedy|Fantasy|Horror|Musical|Thriller,3.31431769487161
221886,3.567434210526316,304,Shiva Baby (2020),(no genres listed),3.314279265002915
8880,3.364501312335958,1524,Mask (1985),Drama,3.314041968311869
2746,3.321940406227446,9699,Little Shop of Horrors (1986),Comedy|Horror|Musical,3.314012505716796
6184,3.3645970937912812,1514,"Man Who Fell to Earth, The (1976)",Drama|Sci-Fi,3.3138379974020715
6790,3.4166666666666665,744,Avalon (2001),Drama|Fantasy|Sci-Fi,3.31349079023075
170403,3.4190871369294604,723,Going in Style (2017),Comedy,3.313062049202708
361,3.3270967741935484,5425,It Could Happen to You (1994),Comedy|Drama|Romance,3.312970797091967
130073,3.356175972927242,1773,Cinderella (2015),Children|Drama|Fantasy|Romance,3.3129556385677392
2347,3.424817518248175,685,"Pope of Greenwich Village, The (1984)",Drama,3.312951071442458
114180,3.323484533222361,7209,"Maze Runner, The (2014)",Action|Mystery|Sci-Fi,3.312858177988457
8015,3.6108949416342413,257,"Phantom Tollbooth, The (1970)",Adventure|Animation|Children|Fantasy,3.3128385167426604
2297,3.3280381254964255,5036,What Dreams May Come (1998),Adventure|Drama|Fantasy|Romance,3.312828058358741
7348,3.383441258094357,1081,Spartan (2004),Thriller,3.3126287733063475
50005,3.4128440366972477,763,Curse of the Golden Flower (Man cheng jin dai huang jin jia) (2006),Action|Drama,3.312545711651459
481,3.326239224137931,5568,Kalifornia (1993),Drama|Thriller,3.3124972073819583
173205,3.4517304189435336,549,The Meyerowitz Stories (2017),Comedy,3.3124013104651104
3622,3.517426273458445,373,"Twelve Chairs, The (1970)",Comedy,3.3123733809617493
7037,3.5664451827242525,301,High Heels (Tacones lejanos) (1991),Comedy|Drama,3.3123568023642695
5653,3.509020618556701,388,Django (1966),Western,3.3120819683154528
5853,3.3559907834101383,1736,Scanners (1981),Horror|Sci-Fi|Thriller,3.311988012302943
40826,3.3696969696969696,1320,Rent (2005),Drama|Musical|Romance,3.3118522567532103
1516,3.475321888412017,466,Children of the Revolution (1996),Comedy,3.31160302926299
91094,3.3626925653047555,1493,"Muppets, The (2011)",Children|Comedy|Musical,3.311593665319543
2454,3.331527484143763,3784,"Fly, The (1958)",Horror|Mystery|Sci-Fi,3.3113801496739597
155509,3.4184247538677917,711,Mr. Right (2016),Action|Comedy|Romance,3.3112459689760514
31660,3.393010752688172,930,Steamboy (Suchîmubôi) (2004),Action|Animation|Drama|Sci-Fi,3.3111078171347117
236,3.3171118332408653,12617,French Kiss (1995),Action|Comedy|Romance,3.3110754013026766
42946,3.603846153846154,260,Project A ('A' gai waak) (1983),Action|Comedy,3.310994312478113
5112,3.544478527607362,326,Last Orders (2001),Drama,3.310949740163701
3284,3.6102362204724407,254,They Might Be Giants (1971),Comedy|Mystery|Romance,3.310727790057888
209917,3.4180790960451977,708,Bombshell (2019),Drama,3.3106542017139846
970,3.485091743119266,436,Beat the Devil (1953),Adventure|Comedy|Crime|Drama|Romance,3.3106511981604783
1564,3.5848375451263537,277,For Roseanna (Roseanna's Grave) (1997),Comedy|Drama|Romance,3.3104487652027226
3371,3.610671936758893,253,Bound for Glory (1976),Drama,3.310350678661311
86332,3.315509131156613,14456,Thor (2011),Action|Adventure|Drama|Fantasy|IMAX,3.31025474539916
8809,3.51775956284153,366,Danny Deckchair (2003),Comedy|Romance,3.3102374461215023
7260,3.5410334346504557,329,Latter Days (2003),Comedy|Drama|Romance,3.3102007364943966
3550,3.3732217573221757,1195,The Hunger (1983),Horror,3.3097617602466323
2433,3.3282170923379173,4072,"Civil Action, A (1998)",Drama,3.3096033246823833
74795,3.3474448897795592,1996,Green Zone (2010),Action|Drama|Thriller|War,3.3094859484253694
6223,3.38953488372093,946,Spun (2001),Comedy|Crime|Drama,3.3094526785673377
5528,3.3209338521400777,6425,One Hour Photo (2002),Drama|Thriller,3.3091543184075447
26704,3.505181347150259,386,State of Grace (1990),Crime|Drama|Thriller,3.3091274304931666
91653,3.350828729281768,1810,We Bought a Zoo (2011),Comedy|Drama,3.3090315244160045
6710,3.5164835164835164,364,Dummy (2002),Comedy|Drama|Romance,3.3088024239192557
189805,3.549363057324841,314,Papillon (2018),Drama,3.3086960483569223
22,3.315886401085587,10317,Copycat (1995),Crime|Drama|Horror|Mystery|Thriller,3.3085648175375604
1608,3.3129460918006153,17233,Air Force One (1997),Action|Thriller,3.3085628567615712
25938,3.5892193308550184,269,Fort Apache (1948),Western,3.308486205097725
8528,3.3153362493165663,10974,Dodgeball: A True Underdog Story (2004),Comedy,3.308455479922312
45517,3.3147056310347773,11703,Cars (2006),Animation|Children|Comedy,3.3082576833491
164367,3.419881305637982,674,The Girl with All the Gifts (2016),Drama|Horror|Sci-Fi|Thriller,3.3080127918735633
231057,3.5012820512820513,390,The Dig (2021),Drama,3.30797465271578
36537,3.412171507607192,723,Thumbsucker (2005),Comedy|Drama,3.3079174870049513
5364,3.3383489223261487,2459,Unfaithful (2002),Drama|Thriller,3.3077163136083723
103210,3.582116788321168,274,Fullmetal Alchemist: The Sacred Star of Milos (2011),Action|Adventure|Animation,3.3074488537389786
6779,3.519774011299435,354,"Same Time, Next Year (1978)",Comedy|Drama|Romance,3.3072897754521677
2003,3.312543945999156,14222,Gremlins (1984),Comedy|Horror,3.3072555961011485
51091,3.3591695501730103,1445,Black Snake Moan (2006),Drama,3.30714033037376
860,3.510840108401084,369,"Maybe, Maybe Not (Bewegte Mann, Der) (1994)",Comedy,3.3071128105196825
8933,3.5961538461538463,260,"Decline of the American Empire, The (Déclin de l'empire américain, Le) (1986)",Comedy|Drama,3.3070642672825934
4321,3.3164752935105146,7751,City Slickers (1991),Comedy|Western,3.306786960539521
4066,3.370940170940171,1170,I'm Gonna Git You Sucka (1988),Action|Comedy,3.306762284600826
127196,3.5247093023255816,344,The Diary of a Teenage Girl (2015),Drama,3.306569414100374
135288,3.408594815825375,733,Mr. Holmes (2015),Drama|Mystery,3.306309202179562
7118,3.533333333333333,330,Wings of Honneamise (Ôritsu uchûgun Oneamisu no tsubasa) (1987),Animation|Drama|Sci-Fi|War,3.306210063258096
222137,3.422776911076443,641,The Devil All the Time (2020),Crime|Drama|Thriller,3.3059501130690094
33725,3.5248538011695905,342,It's All Gone Pete Tong (2004),Comedy|Drama|Musical,3.305914715891203
2879,3.369472789115646,1176,Armour of God II: Operation Condor (Operation Condor) (Fei ying gai wak) (1991),Action|Adventure|Comedy,3.305821465099384
79588,3.4505813953488373,516,Charlie St. Cloud (2010),Drama|Fantasy|Romance,3.3056151204341897
91869,3.59765625,256,Being Elmo: A Puppeteer's Journey (2011),Documentary,3.305535760784535
2782,3.401282051282051,780,Pit and the Pendulum (1961),Horror,3.305437851705814
8614,3.3542894564505565,1527,Overboard (1987),Comedy|Romance,3.3053465879948822
26116,3.5760869565217392,276,"Hush... Hush, Sweet Charlotte (1964)",Horror|Thriller,3.305324834482972
55687,3.5980392156862746,255,My Kid Could Paint That (2007),Documentary,3.305149842468966
191459,3.4354275741710296,573,The Sisters Brothers (2018),Western,3.305104034091875
61729,3.354720744680851,1504,Ghost Town (2008),Comedy|Fantasy|Romance,3.3050744512636845
203934,3.494910941475827,393,Freaks (2019),Sci-Fi|Thriller,3.304977419567085
7164,3.34349173553719,1936,Peter Pan (2003),Action|Adventure|Children|Fantasy,3.304940732125091
4024,3.415671641791045,670,"House of Mirth, The (2000)",Romance,3.304456421395268
86548,3.373836126629423,1074,Water for Elephants (2011),Drama|Romance,3.304456123380537
78088,3.3510705289672544,1588,Buried (2010),Mystery|Thriller,3.3041891260384952
1846,3.5219941348973607,341,Nil By Mouth (1997),Drama,3.3038904994407723
3185,3.338815789473684,2128,Snow Falling on Cedars (1999),Drama,3.303868486524512
141544,3.474712643678161,435,Turbo Kid (2015),Action|Adventure|Sci-Fi,3.3037944226058076
1380,3.307592729578358,18926,Grease (1978),Comedy|Musical|Romance,3.3036659907285104
93297,3.437725631768953,554,Act of Valor (2012),Action|Thriller|War,3.3036056864118963
188,3.3315135542168677,2656,"Prophecy, The (1995)",Fantasy|Horror|Mystery,3.303544013776761
26203,3.4948453608247423,388,Colossus: The Forbin Project (1970),Sci-Fi|Thriller,3.303446389731688
2630,3.4948453608247423,388,Besieged (a.k.a. L' Assedio) (1998),Drama,3.303446389731688
99437,3.4042119565217392,736,John Dies at the End (2012),Comedy|Fantasy|Horror,3.3033455230176787
468,3.3131380977968834,7444,"Englishman Who Went Up a Hill But Came Down a Mountain, The (1995)",Comedy|Romance,3.3031711065554097
5682,3.534267912772586,321,"Grey Zone, The (2001)",Drama,3.3031496852432216
2342,3.5884615384615386,260,Hard Core Logo (1996),Comedy|Drama,3.3031342220870736
113225,3.3952618453865338,802,Magic in the Moonlight (2014),Comedy|Drama|Romance,3.302849943496158
177763,3.334109183241642,2363,Murder on the Orient Express (2017),Crime|Drama|Mystery,3.3027547017956707
178335,3.482968369829684,411,Thelma (2017),Fantasy|Romance|Thriller,3.3027201176240517
25828,3.5833333333333335,264,"Petrified Forest, The (1936)",Crime|Drama|Romance,3.3027198393841135
83270,3.5891472868217056,258,Made in Dagenham (2010),Comedy|Drama,3.302357478043228
1696,3.5636042402826855,283,Bent (1997),Drama|War,3.3022466734726676
3107,3.3108752683043168,8386,Backdraft (1991),Action|Drama,3.3020608235903266
46967,3.356043956043956,1365,Scoop (2006),Comedy|Fantasy|Mystery,3.3019177183345385
1518,3.324024024024024,3330,Breakdown (1997),Action|Thriller,3.3018427465478535
53189,3.419047619047619,630,Eagle vs Shark (2007),Comedy,3.3018147748550595
95761,3.395913154533844,783,Killer Joe (2011),Crime|Thriller,3.301642606473604
34534,3.33971044467425,1934,Four Brothers (2005),Action|Crime|Drama,3.3015552730863122
4443,3.3608870967741935,1240,Outland (1981),Action|Sci-Fi|Thriller,3.301407082826323
25891,3.5529010238907848,293,Heaven Can Wait (1943),Comedy|Fantasy|Romance,3.3012825348221293
6816,3.4922279792746114,386,Three O'Clock High (1987),Comedy,3.301252174547349
1407,3.304939137404198,19963,Scream (1996),Comedy|Horror|Mystery|Thriller,3.301246543156265
65682,3.3260869565217392,2967,Underworld: Rise of the Lycans (2009),Action|Fantasy|Horror|Thriller,3.3012422667434036
6403,3.5901960784313727,255,"Swimmer, The (1968)",Drama,3.3011808009924826
116397,3.439138576779026,534,Stonehearst Asylum (2014),Thriller,3.3011431927706116
8496,3.5620567375886525,282,"Panic in Needle Park, The (1971)",Drama|Romance,3.3009323895651006
2029,3.4458661417322833,508,Billy's Hollywood Screen Kiss (1997),Comedy|Romance,3.3009182264765644
195921,3.3868144690781796,857,The Mule (2018),Crime|Drama|Thriller,3.3008997247672593
69458,3.5368589743589745,312,Tyson (2008),Documentary,3.3008825202711924
3005,3.3099836949705255,7973,"Bone Collector, The (1999)",Thriller,3.3007534761575923
73266,3.3544257498171177,1367,Youth in Revolt (2009),Comedy|Drama|Romance,3.300615759403498
42738,3.3154955320877337,4924,Underworld: Evolution (2006),Action|Fantasy|Horror,3.3005596484795983
767,3.5448504983388704,301,"Grass Harp, The (1995)",Comedy|Drama,3.3005364713950023
7373,3.305900238310461,12169,Hellboy (2004),Action|Adventure|Fantasy|Horror,3.2998707515457615
3684,3.3381351492928233,1909,"Fabulous Baker Boys, The (1989)",Drama|Romance,3.2997196374345945
50274,3.5115606936416186,346,Venus (2006),Drama|Romance,3.2996554137167786
6506,3.5804597701149423,261,Fulltime Killer (Chuen jik sat sau) (2001),Action|Thriller,3.2995979714063775
2013,3.313114450009275,5391,"Poseidon Adventure, The (1972)",Action|Adventure|Drama,3.2995203825635406
3251,3.3526200873362444,1374,Agnes of God (1985),Drama|Mystery,3.2993191235566655
5016,3.345982142857143,1568,"Shipping News, The (2001)",Drama,3.299281746722501
157338,3.488372093023256,387,Free State of Jones (2016),Action|Drama|Thriller,3.299205858814455
2275,3.3911949685534593,795,Six-String Samurai (1998),Action|Adventure|Sci-Fi,3.2991330641058645
5797,3.440891472868217,516,"Company of Wolves, The (1984)",Fantasy|Horror,3.2990783182378243
33138,3.454352441613588,471,Palindromes (2004),Adventure|Comedy|Drama,3.299020705125867
130634,3.3197443181818183,3520,Furious 7 (2015),Action|Crime|Thriller,3.298963890158962
42958,3.5476190476190474,294,Little Manhattan (2005),Children|Comedy|Romance,3.298885624645629
173941,3.3355923694779115,1992,Atomic Blonde (2017),Thriller,3.298882148074484
113780,3.3716417910447762,1005,"As Above, So Below (2014)",Horror|Thriller,3.2988795004546714
7896,3.565693430656934,274,Ride the High Country (1962),Adventure|Drama|Western,3.2988430017596326
55732,3.4757869249394675,413,Martian Child (2007),Comedy|Drama,3.2987838126909077
7007,3.334057971014493,2070,"Last Boy Scout, The (1991)",Action|Comedy|Crime|Drama|Thriller,3.298747253275308
2633,3.337007874015748,1905,"Mummy, The (1932)",Horror|Romance,3.2986512863271793
8291,3.589641434262948,251,Agatha Christie's 'Ten Little Indians' (Ten Little Indians) (And Then There Were None) (1965),Mystery,3.298589729186061
82767,3.439306358381503,519,Rabbit Hole (2010),Drama,3.2985610178670557
72741,3.4420432220039294,509,Everybody's Fine (2009),Drama,3.298542031429096
8225,3.3829663962920047,863,Night of the Living Dead (1990),Horror,3.2983766576311826
111617,3.3619337979094075,1148,Blended (2014),Comedy,3.298349921698126
2227,3.528391167192429,317,"Lodger: A Story of the London Fog, The (1927)",Crime|Drama|Thriller,3.2982240777877925
216963,3.4548387096774196,465,Possessor (2020),Horror|Sci-Fi|Thriller,3.298031945118521
3769,3.3892365456821025,799,Thunderbolt and Lightfoot (1974),Action,3.2979912258995245
161954,3.510204081632653,343,Anthropoid (2016),War,3.297795245176739
201368,3.3731884057971016,966,Long Shot (2019),Comedy,3.2977734839246953
7003,3.4894736842105263,380,Kafka (1991),Comedy|Drama|Mystery|Sci-Fi|Thriller,3.297765949467502
106983,3.566420664206642,271,Young & Beautiful (2013),Drama,3.2976822573958686
45003,3.420608108108108,592,Shutter (2004),Fantasy|Horror|Mystery|Thriller,3.2976156565823658
4743,3.4275491949910553,559,Tortilla Soup (2001),Comedy|Romance,3.2973944864712363
43460,3.424693520140105,571,Tristram Shandy: A Cock and Bull Story (2005),Comedy|Drama,3.297310654494587
165937,3.4134615384615383,624,Collateral Beauty (2016),Drama,3.297015701248839
5505,3.323146473779385,2765,"Good Girl, The (2002)",Comedy|Drama,3.2968794603736393
4725,3.3439119170984455,1544,Session 9 (2001),Horror|Thriller,3.2968737830442922
192997,3.5234375,320,Border (2018),Fantasy|Thriller,3.296651442468117
4865,3.308719758064516,5952,From Hell (2001),Crime|Horror|Mystery|Thriller,3.2965319559451225
5095,3.456762749445676,451,"Scotland, Pa. (2001)",Comedy|Crime,3.2961351701959023
2801,3.3793103448275863,870,Oscar and Lucinda (a.k.a. Oscar & Lucinda) (1997),Drama|Romance,3.2960631027081173
2518,3.3295559666975025,2162,Night Shift (1982),Comedy,3.296057491235685
6516,3.5555555555555554,279,Anastasia (1956),Drama,3.2960125130140403
207233,3.342562781712814,1553,Jumanji: The Next Level (2019),Action|Adventure|Comedy|Fantasy,3.2959459490649383
2106,3.340418977202711,1623,Swing Kids (1993),Drama|War,3.295830442662595
2021,3.30248243559719,10675,Dune (1984),Adventure|Sci-Fi,3.2957062043427814
97936,3.379032258064516,868,Anna Karenina (2012),Drama,3.2956979189006286
285851,3.5,354,Air: Courting a Legend (2023),Drama,3.295679226439064
175659,3.5327868852459017,305,Detroit (2017),Crime|Drama|Thriller,3.2956580711682832
7243,3.536789297658863,299,Intolerance: Love's Struggle Throughout the Ages (1916),Drama,3.295245493009878
661,3.301537509940797,11317,James and the Giant Peach (1996),Adventure|Animation|Children|Fantasy|Musical,3.2951577486940153
68959,3.518575851393189,323,Fullmetal Alchemist the Movie: Conqueror of Shamballa (Gekijô-ban hagane no renkinjutsushi: Shanbara wo yuku mono) (2005),Action|Adventure|Animation|Drama,3.2950953062075747
956,3.479539641943734,391,Penny Serenade (1941),Drama|Romance,3.294991413689814
93740,3.3995633187772927,687,Salmon Fishing in the Yemen (2011),Comedy|Drama|Romance,3.2946522124373456
42732,3.400293255131965,682,Last Holiday (2006),Comedy,3.2946234886884866
4562,3.4738805970149254,402,Without a Clue (1988),Comedy|Mystery,3.2946151568906314
54796,3.3994169096209914,686,2 Days in Paris (2007),Comedy|Drama|Romance,3.294432565643504
31804,3.3373063170441,1678,Night Watch (Nochnoy dozor) (2004),Action|Fantasy|Horror|Mystery|Sci-Fi|Thriller,3.2943925505320006
5526,3.5258064516129033,310,"Isle, The (Seom) (2000)",Drama,3.2939076858474
27816,3.4604651162790696,430,Saints and Soldiers (2003),Action|Adventure|Drama|War,3.293511571100474
2541,3.3001870907390085,10690,Cruel Intentions (1999),Drama,3.2934723789064817
141422,3.509009009009009,333,Suffragette (2015),Drama,3.2934610854444264
109740,3.454035874439462,446,Obvious Child (2014),Comedy|Romance,3.2932292497051545
52975,3.317618719889883,2906,Hairspray (2007),Comedy|Drama|Musical,3.2929617438334375
102066,3.4985632183908044,348,Resolution (2012),Horror|Thriller,3.2927877460548034
66090,3.387203166226913,758,Eden Lake (2008),Horror|Thriller,3.2927450646738623
35347,3.4744897959183674,392,Animal Farm (1954),Animation|Drama,3.2921906781402903
4844,3.3160996968676324,2969,Bandits (2001),Comedy|Crime|Romance,3.2920429490102587
193958,3.382278481012658,790,Creed II (2018),Drama,3.291909717605267
2089,3.3157715839564923,2942,"Rescuers Down Under, The (1990)",Adventure|Animation|Children,3.2915368722367084
118246,3.5140625,320,Clouds of Sils Maria (2014),Drama,3.291378107962932
164931,3.5580524344569286,267,The Siege of Jadotville (2016),Drama|Thriller,3.291267698430145
55286,3.480106100795756,377,Things We Lost in the Fire (2007),Drama|Romance,3.291204674261243
2407,3.2972142918937624,11559,Cocoon (1985),Comedy|Sci-Fi,3.2910564118615597
3502,3.409317803660566,601,My Life (1993),Drama,3.2909342341688577
187723,3.4152097902097904,572,Set It Up (2018),Comedy|Romance,3.2908576021684883
208773,3.4985380116959064,342,I Lost My Body (2019),Animation|Drama,3.2906837123373025
91325,3.379375,800,Extremely Loud and Incredibly Close (2011),Drama,3.290556779121091
63113,3.2977114628490773,9919,Quantum of Solace (2008),Action|Adventure|Thriller,3.290548196345372
1027,3.2978509421977558,9446,Robin Hood: Prince of Thieves (1991),Adventure|Drama,3.2903346094977888
27020,3.3944281524926687,682,Gia (1998),Drama|Romance,3.290326571726407
7933,3.5471014492753623,276,"Night in Casablanca, A (1946)",Comedy,3.290083836197584
215527,3.4901129943502824,354,The Half of It (2020),Comedy|Romance,3.289873951932513
69654,3.5494505494505493,273,Prison Break: The Final Break (2009),Action|Drama|Thriller,3.289835228243173
4577,3.3699095022624435,884,Casualties of War (1989),Drama|War,3.2897563823992515
195295,3.481081081081081,370,Dragged Across Concrete (2018),Action|Crime|Drama|Thriller,3.2896510027793053
51084,3.315596330275229,2725,Music and Lyrics (2007),Comedy|Romance,3.289607924146781
3770,3.340679190751445,1384,Dreamscape (1984),Horror|Sci-Fi|Thriller,3.2895247753200514
25996,3.5367132867132867,286,"Star Is Born, A (1954)",Drama|Musical,3.289334465545171
103883,3.335973597359736,1515,2 Guns (2013),Action|Comedy|Crime,3.28928227542384
228563,3.4572446555819476,421,News of the World (2020),Drama|Western,3.2892446717720736
521,3.3212025316455698,2212,Romeo Is Bleeding (1993),Crime|Thriller,3.289229552448337
188941,3.4157706093189963,558,Under the Silver Lake (2018),Comedy|Crime|Drama|Mystery|Thriller,3.2890878741109333
66130,3.4785522788203753,373,Chocolate (2008),Action|Drama,3.2890577353595623
5038,3.5617760617760617,259,"Flight of Dragons, The (1982)",Adventure|Animation|Children|Drama|Fantasy,3.2889643741289856
91079,3.417883211678832,548,Like Crazy (2011),Drama|Romance,3.2889509419250995
36850,3.517857142857143,308,Police Story 2 (Ging chaat goo si juk jaap) (1988),Action|Comedy|Crime|Thriller,3.288678408367951
5069,3.432515337423313,489,Escaflowne: The Movie (Escaflowne) (2000),Action|Adventure|Animation|Drama|Fantasy,3.288338535872221
8576,3.4111498257839723,574,Kopps (2003),Action|Comedy,3.2883278716977906
287633,3.480874316939891,366,Asteroid City (2023),Comedy|Drama|Romance|Sci-Fi,3.288282656724853
82242,3.3981191222570533,638,Rare Exports: A Christmas Tale (Rare Exports) (2010),Action|Comedy,3.2878171221333994
79318,3.5528301886792453,265,Winnebago Man (2009),Comedy|Documentary,3.2875364966338045
1865,3.4595588235294117,408,Wild Man Blues (1997),Documentary,3.2873572927692374
136018,3.335508241758242,1456,Black Mass (2015),Crime|Drama,3.287269051334455
3211,3.4585365853658536,410,"Cry in the Dark, A (1988)",Drama,3.2872438998635785
221576,3.3469387755102042,1176,Enola Holmes,Drama|Mystery,3.287223668762799
1875,3.3521779425393885,1079,Clockwatchers (1997),Comedy,3.2871187631750223
6832,3.350909090909091,1100,Regarding Henry (1991),Drama,3.2870968979317308
7743,3.4022988505747125,609,Explorers (1985),Adventure|Children|Sci-Fi,3.2870556074368946
4370,3.2910595065312047,17225,A.I. Artificial Intelligence (2001),Adventure|Drama|Sci-Fi,3.286986019470188
34523,3.4339622641509435,477,The Chumscrubber (2005),Comedy|Drama,3.2869059176472133
4291,3.317253368100826,2301,Nine to Five (a.k.a. 9 to 5) (1980),Comedy|Crime,3.2867818367858
263005,3.447126436781609,435,West Side Story (2021),Crime|Drama|Romance,3.2862479976898844
4056,3.3233102714209686,1879,"Pledge, The (2001)",Crime|Drama|Mystery|Thriller,3.2860872247850517
7317,3.3005804311774463,4824,EuroTrip (2004),Adventure|Comedy,3.286081926633703
6063,3.365867579908676,876,May (2002),Drama|Horror,3.286038763996899
3529,3.349321266968326,1105,"Postman Always Rings Twice, The (1981)",Crime|Thriller,3.2860366390576203
875,3.419047619047619,525,Nothing to Lose (1994),Action|Crime|Drama,3.2859090394367643
3446,3.5336879432624113,282,Funny Bones (1995),Comedy|Drama,3.2858636383878546
113378,3.3263768115942027,1725,"Giver, The (2014)",Drama|Sci-Fi,3.285863015157866
6961,3.549056603773585,265,Damage (Fatale) (1992),Drama,3.285590592761456
88267,3.447674418604651,430,Winnie the Pooh (2011),Animation|Children|Comedy,3.28541023069688
127178,3.5148026315789473,304,99 Homes (2014),Drama,3.285340939808486
34532,3.3153912667531347,2313,"Skeleton Key, The (2005)",Drama|Horror|Mystery|Thriller,3.2852433762520445
709,3.3069383945239577,3214,Oliver & Company (1988),Adventure|Animation|Children|Comedy|Musical,3.2852421397153
50842,3.5183946488294313,299,"Boss of It All, The (Direktøren for det hele) (2006)",Comedy|Drama,3.2852071648478045
55207,3.5298245614035086,285,Cashback (2004),Comedy|Drama,3.285193867053965
1596,3.420743639921722,511,Career Girls (1997),Drama,3.284596664850786
6849,3.5519230769230767,260,Scrooge (1970),Drama|Fantasy|Musical,3.284466507408355
57,3.3127294981640145,2451,Home for the Holidays (1995),Drama,3.2843679416349167
74488,3.5,322,Ondine (2009),Drama|Fantasy|Romance,3.2842266695044877
189475,3.547348484848485,264,The Miseducation of Cameron Post (2018),Drama,3.2841977103141193
69324,3.545112781954887,266,Flame and Citron (Flammen & Citronen) (2008),Action|Drama|War,3.2840648778794175
229431,3.518581081081081,296,The White Tiger (2020),Drama,3.284024601982221
71429,3.3874813710879286,671,World's Greatest Dad (2009),Comedy|Drama,3.2840145729102206
7346,3.298744146445296,4698,"Girl Next Door, The (2004)",Comedy|Romance,3.2839687492409615
188797,3.338875692794933,1263,Tag (2018),Comedy,3.2839242050533186
77414,3.3856304985337244,682,"Last Song, The (2010)",Drama|Romance,3.2838811962832875
2074,3.4594936708860757,395,"Night Porter, The (Portiere di notte, Il) (1974)",Crime|Drama|Romance,3.28384066721558
130840,3.447058823529412,425,Spring (2015),Horror|Romance|Sci-Fi,3.283818082237887
59220,3.48546511627907,344,Outsourced (2006),Comedy|Romance,3.2837999757465206
91414,3.38821752265861,662,Arthur Christmas (2011),Animation|Children|Comedy|Drama,3.2835272868812293
8532,3.4194499017681728,509,"Door in the Floor, The (2004)",Drama,3.2833685256895526
2499,3.4635416666666665,384,God Said 'Ha!' (1998),Comedy,3.283243807268308
4813,3.4624352331606216,386,When Worlds Collide (1951),Sci-Fi,3.2831390858719667
2331,3.3397540983606557,1220,Living Out Loud (1998),Comedy|Drama|Romance,3.283045139641985
2134,3.2929285714285714,7000,Weird Science (1985),Comedy|Fantasy|Sci-Fi,3.283045014501526
3524,3.304905063291139,3160,Arthur (1981),Comedy|Romance,3.2830135837425893
26680,3.34070058381985,1199,Cry-Baby (1990),Comedy|Musical|Romance,3.283006426977079
4175,3.5456273764258555,263,Gray's Anatomy (1996),Comedy|Drama,3.2827993858568316
7364,3.4311827956989247,465,Intermission (2003),Comedy|Crime|Drama,3.2826236246254545
2295,3.411985018726592,534,"Impostors, The (1998)",Comedy,3.2826223088773947
8957,3.287941382804583,12829,Saw (2004),Horror|Mystery|Thriller,3.282557979921861
1631,3.4130434782608696,529,"Assignment, The (1997)",Action|Thriller,3.2825106127010057
3272,3.325625,1600,Bad Lieutenant (1992),Crime|Drama,3.2824733655795946
3608,3.2929753984217855,6463,Pee-wee's Big Adventure (1985),Adventure|Comedy,3.2822993497549295
785,3.288088881233313,11611,Kingpin (1996),Comedy,3.282149512695732
73319,3.3309608540925266,1405,Leap Year (2010),Comedy|Romance,3.281918499074982
206449,3.469945355191257,366,Saint Maud (2019),Horror,3.28177753394066
8923,3.4735376044568245,359,Tess (1979),Drama|Romance,3.2817322020399935
3618,3.311762133799738,2287,Small Time Crooks (2000),Comedy|Crime,3.2816613453291192
5601,3.548449612403101,258,"Yearling, The (1946)",Children|Drama,3.281643333241492
187595,3.300108489286683,3687,Solo: A Star Wars Story (2018),Action|Adventure|Children|Sci-Fi,3.2814515118829526
61,3.3109153416415986,2327,Eye for an Eye (1996),Drama|Thriller,3.2813637973601892
7324,3.308841588211216,2443,Hidalgo (2004),Adventure|Drama,3.280755230736696
39307,3.5172413793103448,290,Dreamer: Inspired by a True Story (2005),Children|Drama,3.2806921611061646
2276,3.470833333333333,360,"Soldier's Daughter Never Cries, A (1998)",Drama,3.2804483587126168
4478,3.339516824849008,1159,Biloxi Blues (1988),Comedy|Drama,3.2803927875702197
351,3.298866090712743,3704,"Corrina, Corrina (1994)",Comedy|Drama|Romance,3.280367579655471
5970,3.307433768287861,2529,My Girl (1991),Comedy|Drama|Romance,3.2803430669282956
2784,3.392622950819672,610,"Masque of the Red Death, The (1964)",Horror,3.2803178549541414
71211,3.3211722488038276,1672,"Informant!, The (2009)",Comedy|Crime|Drama|Thriller,3.2802150063096005
2006,3.2843851132686086,16068,"Mask of Zorro, The (1998)",Action|Comedy|Romance,3.280124595089761
3205,3.479591836734694,343,Black Sunday (La maschera del demonio) (1960),Horror,3.2800557621559587
27821,3.3073523503415028,2489,"Interpreter, The (2005)",Drama|Thriller,3.2798732625808515
95856,3.4769452449567724,347,Knick Knack (1989),Animation|Children,3.279854011780688
135518,3.336378737541528,1204,Self/less (2015),Action|Mystery|Sci-Fi|Thriller,3.2796235154656976
193960,3.5251798561151078,278,Wildlife (2018),Drama,3.2794932731450217
2187,3.4849397590361444,332,Stage Fright (1950),Mystery|Romance|Thriller,3.2793338020659526
41014,3.480769230769231,338,"Bird with the Crystal Plumage, The (Uccello dalle piume di cristallo, L') (1970)",Crime|Horror|Mystery|Thriller,3.2790339165447473
95567,3.5402298850574714,261,People Like Us (2012),Drama,3.279005698411673
259665,3.470505617977528,356,Belfast (2021),Drama,3.2789965376427705
57528,3.2971736204576043,3715,Rambo (Rambo 4) (2008),Action|Drama|Thriller|War,3.2788327166730014
82461,3.2878117457763474,7458,Tron: Legacy (2010),Action|Adventure|Sci-Fi|IMAX,3.278680793265789
54910,3.4568062827225132,382,Behind the Mask: The Rise of Leslie Vernon (2006),Comedy|Horror|Thriller,3.2785940808687783
44193,3.302395209580838,2839,She's the Man (2006),Comedy|Romance,3.2784303266362618
250968,3.454663212435233,386,In The Heights (2021),Drama|Romance,3.278413932304476
1589,3.290644868301544,5505,Cop Land (1997),Action|Crime|Drama|Thriller,3.2782921158901113
145,3.282547014186737,15155,Bad Boys (1995),Action|Comedy|Crime|Drama|Thriller,3.2780636725517636
91126,3.3352990732940184,1187,War Horse (2011),Drama|War,3.278059060951398
139655,3.3914858096828047,599,Goodnight Mommy (Ich seh ich seh) (2014),Drama|Fantasy|Horror|Thriller,3.2780575605851068
2622,3.295923769190048,3778,William Shakespeare's A Midsummer Night's Dream (1999),Comedy|Fantasy,3.2779470574437193
1429,3.2966712898751735,3605,First Strike (Police Story 4: First Strike) (Ging chaat goo si 4: Ji gaan daan yam mo) (1996),Action|Adventure|Comedy|Thriller,3.2778393330444775
2059,3.291692182077975,4899,"Parent Trap, The (1998)",Children|Comedy|Romance,3.277834652114476
91978,3.3366551126516466,1154,Man on a Ledge (2012),Crime|Thriller,3.277828074431615
124,3.4833333333333334,330,"Star Maker, The (Uomo delle stelle, L') (1995)",Drama,3.277707731249114
5541,3.2937352245862885,4230,Hot Shots! (1991),Action|Comedy|Romance|War,3.277694301194515
167546,3.4619565217391304,368,Gold (2016),Drama,3.27762198998235
25755,3.4876160990712073,323,"Phantom of the Opera, The (1925)",Drama|Horror,3.277609731806456
103249,3.2844728899989595,9609,World War Z (2013),Action|Drama|Horror|IMAX,3.2774186191399908
5352,3.5431372549019606,255,The Big Sleep (1978),Thriller,3.277366552133582
8928,3.400728597449909,549,"Fearless Vampire Killers, The (1967)",Comedy|Horror,3.2773091936584935
1415,3.5216606498194944,277,"Thieves (Voleurs, Les) (1996)",Crime|Drama|Romance,3.2771724769349913
103372,3.306451612903226,2294,"Heat, The (2013)",Action|Comedy|Crime,3.2769534805222826
58376,3.348936170212766,940,Zeitgeist: The Movie (2007),Documentary|War,3.276949285574995
118985,3.3515452538631347,906,Big Eyes (2014),Drama,3.276876790735226
47382,3.3099902056807053,2042,Step Up (2006),Drama|Romance,3.2768628074643646
27391,3.541015625,256,"Laramie Project, The (2002)",Crime|Drama,3.276817202654213
2711,3.4935897435897436,312,My Life So Far (1999),Drama,3.2768140588698733
5625,3.3856682769726247,621,Moonlight Mile (2002),Drama|Romance,3.276773198781598
34323,3.3218812541694462,1499,"Devil's Rejects, The (2005)",Action|Crime|Horror,3.2767692691916652
42728,3.3776119402985074,670,Tristan & Isolde (2006),Drama|Romance,3.276705850059976
7570,3.3060288335517694,2289,Octopussy (1983),Action|Adventure|Thriller,3.2765140492612446
2457,3.32453637660485,1402,Running Scared (1986),Action|Comedy,3.2763734966503795
225,3.2814350264880026,12836,Disclosure (1994),Drama|Thriller,3.276178266981032
2734,3.2993805918788714,2906,"Mosquito Coast, The (1986)",Adventure|Drama|Thriller,3.2761624791974744
1378,3.285455810716771,7185,Young Guns (1988),Action|Comedy|Western,3.276068417065082
269638,3.355294117647059,850,Turning Red (2022),Animation|Children|Comedy|Fantasy,3.2759714310857335
140,3.289265201029907,5049,Up Close and Personal (1996),Drama|Romance,3.2759140424734543
99007,3.296875,3200,Warm Bodies (2013),Comedy|Horror|Romance,3.2758169287657255
74370,3.378625954198473,655,"House of the Devil, The (2009)",Horror|Thriller,3.275766130788928
257281,3.5160714285714287,280,The Tragedy of Macbeth (2021),Drama|Fantasy|Thriller|War,3.2756003131406923
81751,3.506872852233677,291,Uncle Boonmee Who Can Recall His Past Lives (Loong Boonmee raleuk chat) (2010),Drama|Fantasy,3.2755417774034306
7616,3.392361111111111,576,Body Double (1984),Mystery|Thriller,3.275506128767259
73860,3.4830246913580245,324,Nowhere Boy (2009),Drama,3.27537965721786
3118,3.449481865284974,386,Tumbleweeds (1999),Drama,3.275263829926149
86628,3.422319474835886,457,Kill the Irishman (2011),Action|Crime,3.2752018779148777
467,3.3649732620320854,748,Live Nude Girls (1995),Comedy,3.275117871020275
37736,3.4034416826003824,523,Oliver Twist (2005),Drama,3.274990290996388
101739,3.320663441603317,1447,Evil Dead (2013),Horror,3.274346957733423
3738,3.4156118143459917,474,"Sugarland Express, The (1974)",Drama,3.274263391368256
94799,3.430913348946136,427,Sound of My Voice (2011),Drama|Mystery|Sci-Fi,3.274101206717136
58964,3.4342105263157894,418,Inside (À l'intérieur) (2007),Horror|Thriller,3.274051590373537
7293,3.278563692974144,14774,50 First Dates (2004),Comedy|Romance,3.274032643871697
49,3.5285171102661597,263,When Night Is Falling (1995),Drama|Romance,3.2740086064077203
7030,3.4376528117359415,409,Radio Flyer (1992),Drama,3.2740006165376383
3112,3.459722222222222,360,'night Mother (1986),Drama,3.273879135523259
6889,3.2993521341463414,2624,Brother Bear (2003),Adventure|Animation|Children,3.2738574282502393
2706,3.2760086723805006,29519,American Pie (1999),Comedy|Romance,3.27374336132613
90249,3.290431943746861,3982,Real Steel (2011),Action|Drama|Sci-Fi|IMAX,3.2736450886620134
144606,3.4365853658536585,410,Confessions of a Dangerous Mind (2002),Comedy|Crime|Drama|Romance|Thriller,3.2735847710124633
2996,3.359536082474227,776,Music of the Heart (1999),Drama,3.2734559524052225
2,3.2757576805978412,28904,Jumanji (1995),Adventure|Children|Fantasy,3.2734467241893643
202155,3.4100204498977504,489,The Art of Self-Defense (2019),Comedy,3.273431366879133
169864,3.3022904062229905,2314,Life (2017),Horror|Sci-Fi|Thriller,3.273426589262208
27706,3.2829918326407794,6979,Lemony Snicket's A Series of Unfortunate Events (2004),Adventure|Children|Comedy|Fantasy,3.2734217415321343
2057,3.3566084788029924,802,"Incredible Journey, The (1963)",Adventure|Children,3.2733514184224113
139857,3.4730538922155687,334,Colonia (2016),Thriller,3.2732286938070203
30846,3.37814465408805,636,"Assassination of Richard Nixon, The (2004)",Crime|Drama|Thriller,3.273211668685854
1650,3.4272517321016167,433,Washington Square (1997),Drama,3.2731558962019536
6536,3.3322981366459627,1127,Sinbad: Legend of the Seven Seas (2003),Adventure|Animation|Children|Fantasy,3.273104880892588
7199,3.533203125,256,Melvin Goes to Dinner (2003),Comedy|Drama,3.2728560222224443
6803,3.3861301369863015,584,Phenomena (a.k.a. Creepers) (1985),Horror|Mystery|Thriller,3.2722595817266322
7247,3.310826542491269,1718,Chitty Chitty Bang Bang (1968),Adventure|Children|Comedy|Fantasy|Musical,3.272136359560787
61986,3.3769716088328074,634,Appaloosa (2008),Western,3.2721316180995723
105869,3.4403553299492384,394,Kill Your Darlings (2013),Crime|Drama|Romance|Thriller,3.271838552838874
179137,3.538152610441767,249,Professor Marston & the Wonder Women (2017),(no genres listed),3.271671029564395
27563,3.450134770889488,371,"Happiness of the Katakuris, The (Katakuri-ke no kôfuku) (2001)",Comedy|Horror|Musical,3.2714389508309605
7236,3.3689248895434463,679,"Boy and His Dog, A (1975)",Sci-Fi,3.27132773533798
4005,3.296060037523452,2665,"Living Daylights, The (1987)",Action|Adventure|Thriller,3.2712052594873233
205327,3.4854368932038833,309,Motherless Brooklyn (2019),Crime|Drama,3.2711328295753934
74,3.2896213183730714,3565,Bed of Roses (1996),Drama|Romance,3.271051943055694
67620,3.4686567164179105,335,Nothing But the Truth (2008),Drama|Thriller,3.271048134304011
47465,3.3613387978142075,732,Tideland (2005),Drama|Fantasy|Thriller,3.2709399588338384
5833,3.319250551065393,1361,Dog Soldiers (2002),Action|Horror,3.270678306491156
850,3.5128205128205128,273,Cyclo (Xich lo) (1995),Crime|Drama,3.270674469477126
2432,3.2954289996253276,2669,Stepmom (1998),Drama,3.270662121943902
71327,3.4370277078085643,397,Bright Star (2009),Drama|Romance,3.2705759492492836
376,3.27622226074896,11536,"River Wild, The (1994)",Action|Thriller,3.270495719575059
30898,3.3553984575835476,778,"Upside of Anger, The (2005)",Comedy|Drama|Romance,3.270488855409594
4939,3.3688524590163933,671,"Final Countdown, The (1980)",Action|Sci-Fi,3.2704261393848375
25773,3.5,287,Little Caesar (1931),Crime|Drama,3.270134363911387
65037,3.5209125475285172,263,Ben X (2007),Drama,3.2701015933192266
6215,3.3672566371681416,678,Laurel Canyon (2002),Drama,3.2700021637934102
34536,3.4280575539568345,417,The Great Raid (2005),Action|Drama|War,3.269957960084265
271,3.3217938630999213,1271,Losing Isaiah (1995),Drama,3.2699289463912837
59985,3.41044776119403,469,Chaos Theory (2007),Comedy|Drama|Romance,3.2699052871153538
2889,3.3032454361054766,1972,"Mystery, Alaska (1999)",Comedy|Drama,3.2698298012608005
54999,3.2943368107302535,2684,Shoot 'Em Up (2007),Action|Comedy|Crime,3.2697892889699998
1015,3.285273159144893,4210,Homeward Bound: The Incredible Journey (1993),Adventure|Children|Drama,3.2696326460831395
2143,3.287482993197279,3675,Legend (1985),Adventure|Fantasy|Romance,3.2695698171768166
197207,3.4867986798679866,303,Arctic (2018),Drama|Thriller,3.269550653415677
185319,3.445187165775401,374,Prospect (2018),Sci-Fi|Western,3.2693289542785555
71619,3.410064239828694,467,Coco Before Chanel (Coco avant Chanel) (2009),Drama,3.269262474675391
63222,3.3974609375,512,JCVD (2008),Action|Drama|Thriller,3.269108957313855
26462,3.4354430379746836,395,Bad Boys (1983),Crime|Drama|Thriller,3.269086823451021
7009,3.359806629834254,724,Lorenzo's Oil (1992),Drama,3.269056435008852
8521,3.4502762430939224,362,Dr. Jekyll and Mr. Hyde (1931),Drama|Horror,3.268890171255708
269820,3.485148514851485,303,The Tinder Swindler (2022),Documentary,3.2686446921908177
4488,3.3240270727580374,1182,Colors (1988),Action|Crime|Drama,3.2685477710672393
218,3.283888367729831,4264,Boys on the Side (1995),Comedy|Drama,3.2685113797381087
7891,3.437017994858612,389,"Last Man on Earth, The (Ultimo uomo della Terra, L') (1964)",Drama|Horror|Sci-Fi,3.2684825295816147
93475,3.3764415156507415,607,"Awakening, The (2011)",Horror|Thriller,3.268448423437448
25999,3.4965156794425085,287,The Wild One (1953),Drama,3.2682683441315774
6581,3.462797619047619,336,"Private Life of Sherlock Holmes, The (1970)",Comedy|Drama|Mystery,3.2680201839974563
27604,3.3945841392649903,517,Suicide Club (Jisatsu saakuru) (2001),Horror|Mystery|Thriller,3.2680049688211414
1569,3.273512963904423,11802,My Best Friend's Wedding (1997),Comedy|Romance,3.2679687828809563
999,3.288125,3200,2 Days in the Valley (1996),Crime|Film-Noir,3.2676983982197543
4389,3.3997975708502026,494,Lost and Delirious (2001),Drama,3.2675528410554753
52458,3.287128712871287,3333,Disturbia (2007),Drama|Thriller,3.267529804187753
43917,3.349685534591195,795,Eight Below (2006),Action|Adventure|Drama|Romance,3.2675208407128196
93443,3.346432889963724,827,Goon (2011),Comedy|Drama,3.2674644535924458
46970,3.2787182587666264,5789,Talladega Nights: The Ballad of Ricky Bobby (2006),Action|Comedy,3.2674381830802286
2346,3.2951935346660997,2351,"Stepford Wives, The (1975)",Mystery|Sci-Fi|Thriller,3.2674199029270787
4701,3.2738756947953513,9895,Rush Hour 2 (2001),Action|Comedy,3.267280336519496
170745,3.447513812154696,362,13 reasons why,(no genres listed),3.2672532421347396
7054,3.528,250,Little Women (1949),Drama,3.2671176701144766
2434,3.5054945054945055,273,Down in the Delta (1998),Drama,3.266842317723917
1836,3.3057381948595337,1673,"Last Days of Disco, The (1998)",Comedy|Drama,3.266801085186592
6193,3.4381578947368423,380,Poolhall Junkies (2002),Comedy|Drama|Thriller,3.2667594301480563
96567,3.423076923076923,416,"Words, The (2012)",Drama|Romance,3.266604009054162
96751,3.3899430740037952,527,Arbitrage (2012),Drama|Thriller,3.2664840902437327
84273,3.4527220630372493,349,Zeitgeist: Moving Forward (2011),Documentary,3.266373984980954
48231,3.5113207547169814,265,Taxidermia (2006),Comedy|Drama|Horror,3.266131554037969
3372,3.445983379501385,361,"Bridge at Remagen, The (1969)",Action|War,3.266051820987231
80939,3.4913194444444446,288,Conviction (2010),Drama,3.2659061382382424
43936,3.2897936624907884,2714,16 Blocks (2006),Crime|Thriller,3.2658763392689973
1088,3.2701955782312924,14112,Dirty Dancing (1987),Drama|Musical|Romance,3.265600693941195
461,3.3370044052863435,908,Go Fish (1994),Drama|Romance,3.2655934010027763
1442,3.3495460440985734,771,Prefontaine (1997),Drama,3.2654819155016295
1020,3.2736098852603708,7931,Cool Runnings (1993),Comedy,3.2654390647343017
77240,3.5036764705882355,272,I Am Love (Io sono l'amore) (2009),Drama|Romance,3.2654348351317184
33669,3.301282051282051,1794,"Sisterhood of the Traveling Pants, The (2005)",Adventure|Comedy|Drama,3.265194089588385
167018,3.321304347826087,1150,Why Him? (2016),Comedy,3.2650403928944978
2261,3.3186356073211316,1202,One Crazy Summer (1986),Comedy,3.264845961554974
5540,3.2977585328578707,1963,Clash of the Titans (1981),Action|Adventure|Fantasy|Romance,3.2648243616890964
65142,3.4846938775510203,294,Loft (2008),Crime|Drama|Mystery,3.264809367508035
4062,3.2934782608695654,2254,Mystic Pizza (1988),Comedy|Drama|Romance,3.2647988355987505
136485,3.4929328621908127,283,Robot Chicken: Star Wars (2007),Animation|Comedy|Sci-Fi,3.264645620643189
142509,3.3264621284755513,1043,Hardcore Henry (2015),Action|Adventure|Sci-Fi,3.2645444737364446
193477,3.416470588235294,425,Outlaw King (2018),Action|Drama|War,3.2645273862889335
49396,3.2930500221336874,2259,Tenacious D in The Pick of Destiny (2006),Adventure|Comedy|Musical,3.264470276175331
114847,3.325449385052034,1057,Autómata (Automata) (2014),Sci-Fi|Thriller,3.2643885486025823
7883,3.4604863221884496,329,I Walked with a Zombie (1943),Drama|Horror,3.264345052119938
7011,3.5135658914728682,258,"Bullfighter, The (Matador) (1986)",Comedy|Crime|Drama,3.263888351982861
1753,3.2846969195097713,3019,Half Baked (1998),Comedy,3.263400044560761
605,3.2807327001356854,3685,One Fine Day (1996),Drama|Romance,3.263292154254077
563,3.4427374301675977,358,Germinal (1993),Drama|Romance,3.2632476612623367
4815,3.30801393728223,1435,Hearts in Atlantis (2001),Drama,3.2632371314330495
783,3.268224373849724,12497,"Hunchback of Notre Dame, The (1996)",Animation|Children|Drama|Musical|Romance,3.2630857770436075
114552,3.3348264277715565,893,"Boxtrolls, The (2014)",Adventure|Animation|Children|Comedy|Fantasy,3.262952102303277
4121,3.2810994616038536,3529,Innerspace (1987),Action|Adventure|Comedy|Sci-Fi,3.262914583662911
1312,3.4514705882352943,340,Female Perversions (1996),Drama,3.2628035415522367
88405,3.2762274443978177,4766,Friends with Benefits (2011),Comedy|Romance,3.262769946682907
3513,3.285237258347979,2845,Rules of Engagement (2000),Drama|Thriller,3.262699184078384
168344,3.3120184899845917,1298,King Arthur: Legend of the Sword (2017),Action|Adventure|Drama|Fantasy,3.2626317186761344
6732,3.38003663003663,546,"Hello, Dolly! (1969)",Comedy|Musical|Romance,3.262630526632422
103253,3.2711875753112865,7469,Elysium (2013),Action|Drama|Sci-Fi|IMAX,3.262605761362561
140523,3.312009419152276,1274,"Visit, The (2015)",Comedy|Horror,3.2618458241644968
488,3.370940170940171,585,M. Butterfly (1993),Drama|Romance,3.261740023528135
2476,3.2892347600518805,2313,Heartbreak Ridge (1986),Action|War,3.2616280907217736
5250,3.3439119170984455,772,Stir Crazy (1980),Comedy,3.261303757096789
3745,3.2708837772397095,6608,Titan A.E. (2000),Action|Adventure|Animation|Children|Sci-Fi,3.261235398739972
3015,3.316857899382171,1133,Coma (1978),Thriller,3.260702659830749
126548,3.3116465863453817,1245,The DUFF (2015),Comedy,3.260569653671673
117529,3.2677437641723355,8820,Jurassic World (2015),Action|Adventure|Drama|Sci-Fi|Thriller,3.2605349056247297
2345,3.5098039215686274,255,Desert Bloom (1986),Drama,3.260498125858528
78729,3.4505988023952097,334,24: Redemption (2008),Action|Adventure|Crime|Drama|Thriller,3.260361992829151
3145,3.315086206896552,1160,Cradle Will Rock (1999),Drama,3.2603201118745915
45880,3.2891678289167827,2151,Marie Antoinette (2006),Drama|Romance,3.2597045733656036
65982,3.332373271889401,868,Outlander (2008),Action|Adventure|Sci-Fi,3.2594368391262534
288,3.261559383499547,26472,Natural Born Killers (1994),Action|Crime|Thriller,3.2591703500114186
2280,3.327027027027027,925,Clay Pigeons (1998),Crime,3.2587656577392554
574,3.303319209039548,1416,Spanking the Monkey (1994),Comedy|Drama,3.2587332606283335
81641,3.362809917355372,605,Fair Game (2010),Drama|Thriller,3.2585373060312826
64501,3.424802110817942,379,Che: Part Two (2008),Drama|War,3.258424917375557
5686,3.354420731707317,656,Russian Ark (Russkiy Kovcheg) (2002),Drama|Fantasy|War,3.258332418632017
1529,3.4486404833836857,331,Nowhere (1997),Comedy|Drama,3.2582600545268363
61075,3.438395415472779,349,Elegy (2008),Drama|Romance,3.258011382539074
79897,3.4183673469387754,392,Get Low (2009),Comedy|Drama|Mystery,3.257863950101595
74750,3.350591715976331,676,[REC]² (2009),Horror|Thriller,3.2576116397665826
1669,3.4571428571428573,315,"Tango Lesson, The (1997)",Romance,3.2576077418338576
2361,3.30027266530334,1467,Pink Flamingos (1972),Comedy,3.257453817600159
5940,3.3824701195219125,502,Eating Raoul (1982),Comedy,3.2573778207752193
369,3.313392857142857,1120,Mrs. Parker and the Vicious Circle (1994),Drama,3.257334360157873
1375,3.26227291930714,11835,Star Trek III: The Search for Spock (1984),Action|Adventure|Sci-Fi,3.256975397480955
4624,3.3225130890052355,955,Meet the Feebles (1989),Animation|Comedy|Musical,3.256885958651144
102123,3.270383951682485,4636,This Is the End (2013),Action|Comedy,3.2568660577739794
4734,3.263887317569861,8839,Jay and Silent Bob Strike Back (2001),Adventure|Comedy,3.2567991511372387
109243,3.4367816091954024,348,Joe (2013),Drama,3.2567683123138087
1008,3.332121212121212,825,"Davy Crockett, King of the Wild Frontier (1955)",Adventure|Western,3.2563227540926643
4392,3.3870292887029287,478,Alice (1990),Comedy|Drama|Fantasy|Romance,3.2562457086533394
1482,3.376937984496124,516,"Van, The (1996)",Comedy|Drama,3.2559354237418123
85401,3.310299295774648,1136,Super (2010),Action|Comedy|Drama,3.255444440479538
69640,3.2738165680473372,3380,Public Enemies (2009),Crime|Drama|Thriller,3.2553845533412633
178,3.378968253968254,504,Love & Human Remains (1993),Comedy|Drama,3.2553659259132846
58105,3.2931873479318736,1644,"Spiderwick Chronicles, The (2008)",Adventure|Children|Drama|Fantasy|IMAX,3.2553040338211803
5693,3.274920634920635,3150,Saturday Night Fever (1977),Comedy|Drama|Romance,3.2551604947542185
26285,3.3465491923641704,681,Dark Star (1974),Comedy|Sci-Fi|Thriller,3.255151097558998
1587,3.2625407953583947,8273,Conan the Barbarian (1982),Action|Adventure|Fantasy,3.2550211813820993
82041,3.397025171624714,437,"Loved Ones, The (2009)",Horror,3.254796625776516
82169,3.2760831889081454,2885,"Chronicles of Narnia: The Voyage of the Dawn Treader, The (2010)",Adventure|Children|Fantasy,3.254559815444051
298,3.4961089494163424,257,Pushing Hands (Tui shou) (1992),Drama,3.2545265973910107
8008,3.3915929203539825,452,Brigadoon (1954),Fantasy|Musical|Romance,3.2543372886576005
4794,3.437869822485207,338,Opera (1987),Crime|Horror|Mystery,3.254327833736774
3624,3.259931072011609,11026,Shanghai Noon (2000),Action|Adventure|Comedy|Western,3.254305138459775
43708,3.404358353510896,413,Block Party (a.k.a. Dave Chappelle's Block Party) (2005),Comedy|Documentary,3.2542151467292824
3036,3.302099533437014,1286,"Quest for Fire (Guerre du feu, La) (1981)",Adventure|Drama,3.253935113440688
5502,3.257417551066986,17526,Signs (2002),Horror|Sci-Fi|Thriller,3.253884129059523
158842,3.488593155893536,263,My Scientology Movie (2016),Documentary,3.253496787693128
964,3.4240331491712706,362,Angel and the Badman (1947),Romance|Western,3.2533393446065024
31433,3.303761242845462,1223,"Wedding Date, The (2005)",Comedy|Romance,3.2532543009851977
209497,3.382045929018789,479,The Vast of Night (2019),Fantasy|Mystery|Sci-Fi,3.2531460442644766
180587,3.492248062015504,258,The Wife (2017),Drama,3.2530380856581425
62344,3.319956616052061,922,Rachel Getting Married (2008),Drama|Romance,3.2530233201982344
2519,3.3120805369127515,1043,House on Haunted Hill (1959),Drama|Horror|Thriller,3.2529336679465226
110771,3.303703703703704,1215,"Other Woman, The (2014)",Comedy|Romance,3.25293053188067
49280,3.364376130198915,553,Bobby (2006),Drama,3.2528557246790273
2124,3.2586846213895395,10248,"Addams Family, The (1991)",Children|Comedy|Fantasy,3.2526712653850294
183,3.3508771929824563,627,Mute Witness (1994),Comedy|Horror|Thriller,3.252614460121147
5199,3.49800796812749,251,"Long Riders, The (1980)",Western,3.252580527345694
63859,3.265,4900,Bolt (2008),Action|Adventure|Animation|Children|Comedy,3.252435472745657
764,3.353960396039604,606,Heavy (1995),Drama|Romance,3.2523862505791463
179819,3.2615106831176646,6646,Star Wars: The Last Jedi (2017),Action|Adventure|Fantasy|Sci-Fi,3.2522538406097423
8667,3.4304347826086956,345,A Home at the End of the World (2004),Drama|Romance,3.2521720923052913
7171,3.4304347826086956,345,Aileen: Life and Death of a Serial Killer (2003),Documentary,3.2521720923052913
279412,3.4233983286908076,359,Enola Holmes 2 (2022),Adventure|Crime|Mystery,3.252122068794394
4977,3.4940944881889764,254,Kandahar (Safar e Ghandehar) (2001),Drama,3.252068016743115
127130,3.411688311688312,385,Mistress America (2015),Comedy,3.2520350301626637
3519,3.3078324225865208,1098,Force 10 from Navarone (1978),Action|Drama|War,3.2518858160369084
32029,3.2857142857142856,1785,Hostage (2005),Action|Crime|Drama|Thriller,3.2513717516200957
4700,3.2604088941948963,6701,"Princess Diaries, The (2001)",Children|Comedy|Romance,3.2512647672081774
50442,3.3018166804293974,1211,Alpha Dog (2007),Crime|Drama,3.2512261152271473
26750,3.401719901719902,407,Quigley Down Under (1990),Adventure|Drama|Western,3.2512044604667056
210859,3.3966745843230406,421,Run (2020),Thriller,3.251179288879105
6341,3.3819742489270386,466,"Shape of Things, The (2003)",Drama,3.2507553582600535
113250,3.492094861660079,253,In Order of Disappearance (Kraftidioten) (2014),Action|Comedy|Crime|Thriller,3.2505778155411686
2738,3.3636363636363638,539,Crimes of the Heart (1986),Comedy|Drama,3.250368074146608
62799,3.48828125,256,"Express, The (2008)",Drama,3.2500792347397747
6684,3.4359756097560976,328,Death in Venice (Morte a Venezia) (1971),Drama|Romance,3.2500693458486953
1485,3.2527474972191324,22475,Liar Liar (1997),Comedy,3.2500347654064714
371,3.2638792102206735,4305,"Paper, The (1994)",Comedy|Drama,3.24973429491647
81804,3.409448818897638,381,Wild Target (2010),Comedy|Drama|Romance|Thriller,3.249666622670443
3566,3.2893533638145005,1531,"Big Kahuna, The (2000)",Comedy|Drama,3.249601104343004
33683,3.3112919633774163,983,High Tension (Haute tension) (Switchblade Romance) (2003),Horror|Thriller,3.2494236590795618
59336,3.3913551401869158,428,Redbelt (2008),Action|Drama,3.2493204396810644
92920,3.410904255319149,376,"Hunter, The (2011)",Drama,3.2492638912147744
177237,3.336705202312139,692,Battle of the Sexes (2017),Comedy,3.2489797062600836
100244,3.387243735763098,439,"East, The (2013)",Drama,3.2489678814073444
2759,3.2694125590817014,2962,Dick (1999),Comedy,3.248922422255477
3896,3.2827181208053693,1788,"Way of the Gun, The (2000)",Crime|Thriller,3.248792285149056
46,3.267851525636993,3179,How to Make an American Quilt (1995),Drama|Romance,3.2487718444587395
91974,3.275715563506261,2236,Underworld: Awakening (2012),Action|Fantasy|Horror|IMAX,3.248607592104355
101741,3.310769230769231,975,Trance (2013),Crime|Thriller,3.2486028316203224
1910,3.443548387096774,310,I Went Down (1997),Comedy|Crime|Drama,3.248282350366993
85367,3.2740281930798805,2341,Just Go with It (2011),Comedy|Romance,3.248181399135145
443,3.349246231155779,597,"Endless Summer 2, The (1994)",Adventure|Documentary,3.2479784910983716
183011,3.3134490238611716,922,The Commuter (2018),Crime|Drama|Mystery|Thriller,3.247899056811096
71530,3.2639479277364507,3764,Surrogates (2009),Action|Sci-Fi|Thriller,3.2478918003489032
5359,3.4446254071661238,307,Rambling Rose (1991),Drama,3.2478233596332298
65225,3.3930288461538463,416,Zeitgeist: Addendum (2008),Documentary,3.24780418953243
4509,3.298004987531172,1203,"Great Outdoors, The (1988)",Comedy,3.247789107803645
5666,3.2854465958775765,1601,"Rules of Attraction, The (2002)",Comedy|Drama|Romance|Thriller,3.2477242043462415
276047,3.46415770609319,279,Where the Crawdads Sing (2022),Drama|Mystery,3.247707909869506
4238,3.263171487603306,3872,Along Came a Spider (2001),Action|Crime|Mystery|Thriller,3.247583053609676
74275,3.28843537414966,1470,I Love You Phillip Morris (2009),Comedy|Drama|Romance,3.24740532062372
3698,3.254091506391112,8371,"Running Man, The (1987)",Action|Sci-Fi,3.2469013568162173
3259,3.264944427756083,3329,Far and Away (1992),Adventure|Drama|Romance,3.2468668787892656
8836,3.322418136020151,794,Wicker Park (2004),Drama|Romance|Thriller,3.246682333512429
5875,3.434375,320,Personal Velocity (2002),Drama,3.2465547646688564
225625,3.288732394366197,1420,Borat Subsequent Moviefilm (2020),Comedy,3.246428788795082
2110,3.2687011537030144,2687,Dead Men Don't Wear Plaid (1982),Comedy|Crime|Thriller,3.246352057501997
57353,3.394088669950739,406,Flawless (2007),Crime|Drama,3.2462437099100816
1112,3.3982188295165394,393,Palookaville (1996),Action|Comedy|Drama,3.2457781673471136
89837,3.351590106007067,566,Kill List (2011),Horror|Mystery|Thriller,3.2457540871519357
71745,3.2682605421686746,2656,Where the Wild Things Are (2009),Adventure|Children|Drama|Fantasy|IMAX,3.2457106976557237
104881,3.335843373493976,664,"Out of the Furnace (Dust to Dust) (Low Dweller, The) (2013)",Drama|Thriller,3.245662181641048
3914,3.4053333333333335,375,"Broken Hearts Club, The (2000)",Drama,3.2456563641931604
33817,3.3680981595092025,489,My Summer of Love (2004),Drama|Romance,3.245649824664741
5168,3.476833976833977,259,Royal Wedding (1951),Comedy|Musical|Romance,3.24564876081928
4401,3.446308724832215,298,Donovan's Reef (1963),Action|Comedy|Romance,3.2455019301885395
216,3.2509787472035794,10728,Billy Madison (1995),Comedy,3.245403074239549
56389,3.3289106145251397,716,My Blueberry Nights (2007),Drama|Romance,3.245377765177855
31270,3.3846153846153846,429,Shivers (They Came from Within) (1975),Drama|Horror|Sci-Fi,3.2452647966073354
421,3.2778384279475983,1832,Black Beauty (1994),Adventure|Children|Drama,3.2452136121966997
3591,3.2637708530059806,3177,Mr. Mom (1983),Comedy|Drama,3.2449765041653613
269426,3.4226190476190474,336,Emily the Criminal (2022),Crime|Drama|Thriller,3.244939315472922
2899,3.3286318758815234,709,Gulliver's Travels (1939),Adventure|Animation|Children,3.244561024762619
117466,3.325,740,In the Heart of the Sea (2015),Action|Adventure|Drama,3.2444787194055142
2205,3.331625183016105,683,Mr. & Mrs. Smith (1941),Comedy|Romance,3.24440927741186
6664,3.2631083202511775,3185,Commando (1985),Action|Adventure,3.244405779323834
128520,3.3570075757575757,528,The Wedding Ringer (2015),Comedy,3.2442592426568573
7163,3.258248423095585,4122,Paycheck (2003),Action|Sci-Fi|Thriller,3.243831935212454
129428,3.4140401146131807,349,The Second Best Exotic Marigold Hotel (2015),Comedy|Drama,3.2437949583878787
372,3.2507469821919446,8367,Reality Bites (1994),Comedy|Drama|Romance,3.243650112654524
407,3.2670906200317966,2516,In the Mouth of Madness (1995),Horror|Thriller,3.243504287901954
57464,3.3936708860759492,395,He Was a Quiet Man (2007),Drama,3.2434617263862595
3832,3.4613970588235294,272,"Black Sabbath (Tre volti della paura, I) (1963)",Horror,3.2433576610100063
2539,3.2486331201927534,10791,Analyze This (1999),Comedy,3.243142148535776
92439,3.355916030534351,524,"Art of Getting By, The (2011)",Drama|Romance,3.242935703998075
266788,3.4479166666666665,288,The Lost Daughter (2021),Drama,3.2426243352954227
69644,3.2567535261773846,4183,Ice Age: Dawn of the Dinosaurs (2009),Action|Adventure|Animation|Children|Comedy|Romance,3.2426194195762794
78703,3.395348837209302,387,TiMER (2009),Comedy|Drama|Fantasy|Romance,3.2425931838655644
90528,3.4105113636363638,352,This Must Be the Place (2011),Crime|Drama|Thriller,3.242577809319541
59103,3.2842031029619183,1418,"Forbidden Kingdom, The (2008)",Action|Adventure|Comedy|Fantasy,3.242525049865086
3565,3.270225776105362,2126,Where the Heart Is (2000),Comedy|Drama,3.2424375786854656
5745,3.458029197080292,274,"Four Seasons, The (1981)",Comedy|Drama,3.2424268610061437
5039,3.2996127783155855,1033,Dragonslayer (1981),Action|Adventure|Fantasy,3.2424253105703347
182825,3.347246891651865,563,All the Money in the World (2017),Crime|Drama|Mystery|Thriller,3.2423512817097087
103315,3.38056206088993,427,Odd Thomas (2013),Drama|Fantasy|Mystery|Thriller,3.242291767450973
6232,3.4058171745152355,361,Born Free (1966),Adventure|Children|Drama,3.2422774317430934
97328,3.387654320987654,405,Liberal Arts (2012),Comedy|Drama,3.242032429454217
197201,3.3650627615062763,478,Fighting with My Family (2019),Comedy|Drama,3.241800805640546
1428,3.4241486068111455,323,Angel Baby (1995),Drama,3.241764304284162
3594,3.281718963165075,1466,Center Stage (2000),Drama|Musical,3.241568024736202
8126,3.4608208955223883,268,Shock Corridor (1963),Drama,3.2413716494875455
3355,3.253342933552767,4861,"Ninth Gate, The (1999)",Fantasy|Horror|Mystery|Thriller,3.241250319109985
7708,3.3574257425742573,505,Bedazzled (1967),Comedy|Fantasy,3.241099622788317
1711,3.2529961405646963,4923,Midnight in the Garden of Good and Evil (1997),Crime|Drama|Mystery,3.241065180227791
221244,3.45910780669145,269,Kajillionaire (2020),Crime|Drama,3.240905591079576
2774,3.3212328767123287,730,Better Than Chocolate (1999),Comedy|Romance,3.2408468746757713
194052,3.463878326996198,263,At Eternity's Gate (2018),Drama,3.240798995155523
1835,3.2502038154247512,6133,City of Angels (1998),Drama|Fantasy|Romance,3.240643853024979
56775,3.249959787678945,6217,National Treasure: Book of Secrets (2007),Action|Adventure,3.240533414624432
6279,3.3681917211328978,459,"Good Thief, The (2002)",Crime|Drama,3.240521268004114
95375,3.425632911392405,316,Boundin' (2003),Animation|Children,3.2403345824395684
68554,3.2503019844693704,5795,Angels & Demons (2009),Crime|Drama|Mystery|Thriller,3.240203346451813
194396,3.3139974779319044,793,Overlord (2018),Action|Horror|Sci-Fi|Thriller|War,3.2402006004608053
196891,3.3030139935414424,929,The Lego Movie 2: The Second Part (2019),Action|Adventure|Animation|Children|Comedy,3.240058583598024
111387,3.426517571884984,313,Palo Alto (2013),Drama,3.239838059476975
192389,3.257585044437634,3263,Venom (2018),Action|Horror|Sci-Fi|Thriller,3.2396893435519556
2045,3.3773584905660377,424,"Far Off Place, A (1993)",Adventure|Children|Drama|Romance,3.2396567181157865
7250,3.4398625429553267,291,"Out of Towners, The (1970)",Comedy,3.2394239778109144
127140,3.3782816229116945,419,Sleeping with Other People (2015),Comedy|Drama|Romance,3.239204979218614
5266,3.2445012320890756,10957,Panic Room (2002),Thriller,3.2391833771156366
5527,3.3261194029850745,670,Possession (2002),Drama|Romance,3.239160959429875
2133,3.250394944707741,5064,Adventures in Babysitting (1987),Adventure|Comedy,3.2389024836944253
268,3.316421895861148,749,Little Odessa (1994),Crime|Drama,3.238766415091805
33679,3.241905749510312,17358,Mr. & Mrs. Smith (2005),Action|Adventure|Comedy|Romance,3.2385578952353966
81784,3.295298726738492,1021,Morning Glory (2010),Comedy|Drama|Romance,3.238416415166637
130576,3.2932011331444757,1059,Midnight Special (2015),Drama|Sci-Fi,3.2383706748376118
83086,3.307142857142857,840,Burlesque (2010),Drama|Musical|Romance,3.238098085793105
6394,3.47,250,Big Jake (1971),Western,3.2380537294450042
47518,3.260140405616225,2564,Accepted (2006),Comedy,3.2375715473781908
187611,3.426470588235294,306,Adrift (2018),Drama,3.2374572096235585
4091,3.2736085053158224,1599,Can't Buy Me Love (1987),Comedy|Romance,3.2374397995671367
140928,3.287510841283608,1153,Joy (2015),Comedy|Drama,3.237367148598411
171439,3.43,300,A Dark Song (2017),Drama|Horror,3.2373201049737883
122910,3.2508389261744965,4172,Captain Marvel (2018),Action|Adventure|Sci-Fi,3.237002647791199
3795,3.453183520599251,267,"Five Senses, The (1999)",Drama,3.236993614305316
6002,3.382575757575758,396,Love Liza (2002),Drama,3.2368816957979725
27193,3.3038416763678695,859,Taxi 2 (2000),Action|Comedy,3.236722633468826
98361,3.3790123456790124,405,Byzantium (2012),Drama|Fantasy|Thriller,3.236679929071896
114074,3.337719298245614,570,The Skeleton Twins (2014),Drama,3.236616199316293
75985,3.270017533606078,1711,Repo Men (2010),Action|Sci-Fi|Thriller,3.236371756528451
7617,3.4307432432432434,296,Rooster Cogburn (1975),Comedy|Western,3.2363094248855067
112946,3.433219178082192,292,Wish I Was Here (2014),Comedy|Drama,3.236208181956207
93240,3.451310861423221,267,Children Who Chase Lost Voices from Deep Below (Hoshi o ou kodomo) (Journey to Agartha) (2011),Animation|Drama|Fantasy,3.236024434231658
1507,3.381679389312977,393,Paradise Road (1997),Drama|War,3.2356519794673817
63033,3.2950310559006213,966,Blindness (2008),Drama|Mystery|Romance|Thriller,3.2356284514117313
2221,3.4641434262948207,251,Blackmail (1929),Drama|Thriller,3.235577126665558
31,3.2411718673579184,10223,Dangerous Minds (1995),Drama,3.2355604050478055
3869,3.2450931470392548,6012,"Naked Gun 2 1/2: The Smell of Fear, The (1991)",Comedy,3.2355515989107175
7395,3.3523421588594706,491,Cheaper by the Dozen (1950),Comedy|Drama,3.2355250785513077
142536,3.3102998696219035,767,Burnt (2015),Drama,3.2355202339010853
5692,3.407185628742515,334,"Mechanic, The (1972)",Action|Thriller,3.235486370938604
2180,3.318577648766328,689,Torn Curtain (1966),Thriller,3.235382242904481
81,3.2526427061310783,3311,Things to Do in Denver When You're Dead (1995),Crime|Drama|Romance,3.2353338592713596
2560,3.2663755458515285,1832,Ravenous (1999),Horror|Thriller,3.2351218249892413
4816,3.2388019427954666,14824,Zoolander (2001),Comedy,3.2349425130943685
5099,3.3699763593380614,423,Heidi (1937),Children|Drama,3.234804294716643
3729,3.2774024024024024,1332,Shaft (1971),Action|Crime|Drama|Thriller,3.234527804174908
58299,3.253935660506502,2922,Horton Hears a Who! (2008),Adventure|Animation|Children|Comedy,3.2344019065943774
2363,3.255279733234531,2699,Godzilla (Gojira) (1954),Drama|Horror|Sci-Fi,3.2341548239832125
104339,3.3375680580762253,551,In a World... (2013),Comedy,3.234110520840246
5293,3.2522407170294496,3124,Changing Lanes (2002),Drama|Thriller,3.234001899143204
3489,3.2389233592589357,11443,Hook (1991),Adventure|Comedy|Fantasy,3.233945295941645
6934,3.2361703025444113,23699,"Matrix Revolutions, The (2003)",Action|Adventure|Sci-Fi|Thriller|IMAX,3.2337685143841473
58103,3.262595419847328,1965,Vantage Point (2008),Action|Drama|Thriller,3.233644250246223
169166,3.4386281588447654,277,To the Bone (2017),Drama,3.233437926640259
59016,3.2996495327102804,856,Street Kings (2008),Crime|Drama|Thriller,3.2332926107522058
194400,3.3092369477911645,747,Widows (2018),Crime|Drama|Thriller,3.2332212125917383
3016,3.2506184291898577,3234,Creepshow (1982),Horror,3.233071579896096
1735,3.2507832080200503,3192,Great Expectations (1998),Drama|Romance,3.2330102605772075
74740,3.418300653594771,306,Fermat's Room (La habitación de Fermat) (2007),Mystery|Thriller,3.2329518933503563
4332,3.3722358722358723,407,Suspect (1987),Crime|Drama|Thriller,3.2329089885959936
139415,3.327731092436975,595,Irrational Man (2015),Crime|Drama,3.232569031425658
2043,3.28021978021978,1183,Darby O'Gill and the Little People (1959),Adventure|Children|Fantasy,3.232394025853839
143859,3.25947242206235,2085,"Hail, Caesar! (2016)",Comedy,3.2323428619992773
7380,3.256980802792321,2292,Ella Enchanted (2004),Comedy|Fantasy|Romance,3.232305484521277
62081,3.2530431575064553,2711,Eagle Eye (2008),Action|Crime|Thriller|IMAX,3.2321919678435465
3731,3.4452830188679244,265,Cutter's Way (1981),Drama|Thriller,3.232078236271867
54276,3.281523642732049,1142,No Reservations (2007),Comedy|Drama|Romance,3.2320547887124254
38798,3.263143331488655,1807,In Her Shoes (2005),Comedy|Drama,3.2319008733985664
4148,3.236761621810556,11444,Hannibal (2001),Horror|Thriller,3.2318299998819895
200838,3.2658227848101267,1659,Pokémon: Detective Pikachu (2019),Action|Children|Crime|Fantasy|Mystery,3.231807225546471
988,3.3357933579335795,542,Grace of My Heart (1996),Comedy|Drama,3.2317170383362157
4981,3.350951374207188,473,Clockwise (1986),Comedy,3.231701074414895
4079,3.292841648590022,922,Amazon Women on the Moon (1987),Comedy|Sci-Fi,3.2316722227518255
49815,3.456175298804781,251,"Place Promised in Our Early Days, The (Kumo no mukô, yakusoku no basho) (2004)",Animation|Drama|Romance|Sci-Fi|War,3.231576326505526
97172,3.2753115264797508,1284,Frankenweenie (2012),Animation|Comedy|Horror|IMAX,3.2314338871551387
60647,3.309128630705394,723,Transsiberian (2008),Crime|Drama|Thriller,3.2312635102583727
192579,3.3205741626794256,627,Johnny English Strikes Again (2018),Action|Adventure|Children|Comedy,3.2309224861515156
3478,3.2571764705882353,2125,"Bamba, La (1987)",Drama,3.2307447683643424
88118,3.3895184135977336,353,"Perfect Host, The (2010)",Crime|Drama|Thriller,3.2305449503573893
4545,3.243170015804922,4429,Short Circuit (1986),Comedy|Sci-Fi,3.230501935830204
82534,3.3763020833333335,384,"Company Men, The (2010)",Drama,3.2303128545111592
26965,3.430357142857143,280,"Boxer, The (1997)",Drama|Thriller,3.230223115182667
8783,3.2363646482635797,8984,"Village, The (2004)",Drama|Mystery|Thriller,3.230129753990633
79185,3.2473470661672907,3204,Knight and Day (2010),Action|Comedy|Romance,3.2298835777520667
159755,3.2964285714285713,840,Popstar: Never Stop Never Stopping (2016),Comedy,3.229832864009654
91134,3.3171875,640,My Week with Marilyn (2011),Drama,3.229795258881891
80917,3.2761194029850746,1206,Monsters (2010),Drama|Sci-Fi,3.229751189511384
66203,3.248961937716263,2890,He's Just Not That Into You (2009),Comedy|Drama|Romance,3.229623436751764
2681,3.349892008639309,463,Free Enterprise (1998),Comedy|Romance|Sci-Fi,3.229336993426201
8169,3.256972111553785,2008,*batteries not included (1987),Children|Comedy|Fantasy|Sci-Fi,3.2291927004387047
3930,3.2716143840856926,1307,"Creature from the Black Lagoon, The (1954)",Adventure|Horror|Sci-Fi,3.2289768016068594
204686,3.338582677165354,508,Boss Level (2019),Action|Sci-Fi|Thriller,3.2289139987053934
95510,3.2349423787779954,9198,"Amazing Spider-Man, The (2012)",Action|Adventure|Sci-Fi|IMAX,3.2288861960664463
45431,3.240930944055944,4576,Over the Hedge (2006),Adventure|Animation|Children|Comedy,3.228764327886612
202393,3.3187702265372168,618,Always Be My Maybe (2019),Comedy|Romance,3.228705739554865
205072,3.2637397346809855,1583,Zombieland: Double Tap (2019),Action|Comedy|Horror,3.2285959962989863
8520,3.423076923076923,286,Deep Cover (1992),Action|Crime|Thriller,3.2285754451675315
281190,3.370843989769821,391,Babylon (2022),Comedy|Drama,3.2285747860917526
80219,3.2446064139941693,3430,Machete (2010),Action|Adventure|Comedy|Crime|Thriller,3.228401154046077
3686,3.241108545034642,4330,Flatliners (1990),Horror|Sci-Fi|Thriller,3.228278627098236
469,3.26945885841364,1349,"House of the Spirits, The (1993)",Drama|Romance,3.228277743050324
1792,3.2384771386430677,5424,U.S. Marshals (1998),Action|Crime|Thriller,3.2282368815984968
6884,3.355022831050228,438,Veronica Guerin (2003),Crime|Drama|Thriller,3.228221001048351
2617,3.2302307323243338,22927,"Mummy, The (1999)",Action|Adventure|Comedy|Fantasy|Horror|Thriller,3.227812728119301
94405,3.2904328018223237,878,Safe (2012),Action|Crime|Thriller,3.2274070508653057
45081,3.241845664280032,3771,Silent Hill (2006),Fantasy|Horror|Thriller,3.2271860010498052
214776,3.285189075630252,952,Extraction (2020),Action|Thriller,3.227133820984356
4387,3.255844155844156,1925,Kiss of the Dragon (2001),Action,3.227133265384844
543,3.231079598871827,12764,So I Married an Axe Murderer (1993),Comedy|Romance|Thriller,3.226756910882287
7573,3.2625570776255706,1533,Never Say Never Again (1983),Action|Adventure|Thriller,3.2265924045233243
5818,3.391891891891892,333,"Crime of Father Amaro, The (Crimen del padre Amaro, El) (2002)",Drama|Romance,3.2264392603885765
4042,3.3069016152716593,681,"Alamo, The (1960)",Action|Drama|War|Western,3.226115717410595
276249,3.3953846153846152,325,Three Thousand Years of Longing (2022),Drama|Fantasy|Romance,3.2261108304933135
44022,3.2344036697247707,6540,Ice Age 2: The Meltdown (2006),Adventure|Animation|Children|Comedy,3.2259961121271656
5606,3.3862973760932946,343,Society (1989),Horror|Mystery,3.2259925758069143
52950,3.2914183551847436,839,Day Watch (Dnevnoy dozor) (2006),Action|Fantasy|Horror|Thriller,3.2259077172719115
352,3.2657952069716774,1377,Crooklyn (1994),Comedy|Drama,3.2258841291716047
1722,3.2296332586786116,14288,Tomorrow Never Dies (1997),Action|Adventure|Thriller,3.225788511004417
2874,3.3399168399168397,481,"Pajama Game, The (1957)",Comedy|Musical|Romance,3.225736409946722
1480,3.2536933265410086,1963,Smilla's Sense of Snow (1997),Drama|Thriller,3.2257177112980298
46948,3.245659401551533,2707,Monster House (2006),Animation|Children|Fantasy|Mystery,3.2254017407964115
4279,3.4239130434782608,276,True Believer (1989),Crime,3.225309593484688
4951,3.264265335235378,1402,Lord of the Flies (1990),Adventure|Drama|Thriller,3.2251892940941986
92048,3.426470588235294,272,"Whistleblower, The (2010)",Drama|Thriller,3.225119995431201
49284,3.3339960238568587,503,10 Items or Less (2006),Comedy|Drama|Romance,3.2251163793325075
65230,3.2435032062099225,2963,Marley & Me (2008),Comedy|Drama,3.2250272441919465
27491,3.3556085918854417,419,Pulse (Kairo) (2001),Horror|Mystery|Thriller,3.2249812930380486
102819,3.370026525198939,377,Behind the Candelabra (2013),Drama,3.2249001527721886
208737,3.3671875,384,Midway (2019),Action|Drama|War,3.2247827549693673
26555,3.2721354166666665,1152,Spies Like Us (1985),Comedy,3.224687704775582
194762,3.440711462450593,253,The Clovehitch Killer (2018),Horror|Thriller,3.22467624152244
7990,3.3953125,320,Rock 'N' Roll High School (1979),Comedy|Musical,3.2245825375639177
6373,3.2271734273372723,20141,Bruce Almighty (2003),Comedy|Drama|Fantasy|Romance,3.2244623566383415
128838,3.260596026490066,1510,Crimson Peak (2015),Horror,3.224438572755764
74946,3.253767491926803,1858,She's Out of My League (2010),Comedy,3.2243889152879173
162602,3.260549229738781,1493,The Girl on the Train (2016),Thriller,3.2240455856364387
3404,3.255331412103746,1735,Titanic (1953),Action|Drama,3.2239351810172447
79293,3.233380232149138,5686,Salt (2010),Action|Thriller,3.2238057937994093
114265,3.3580246913580245,405,Laggies (2014),Comedy|Romance,3.223680999571972
3302,3.431297709923664,262,Beautiful People (1999),Comedy,3.2236543464868124
1689,3.2469931271477663,2328,"Man Who Knew Too Little, The (1997)",Comedy|Crime|Thriller,3.223627228693435
55451,3.3174740484429064,578,The Jane Austen Book Club (2007),Comedy|Drama|Romance,3.223442986600692
83302,3.4081632653061225,294,Last Night (2010),Drama|Romance,3.2233652709893397
4628,3.2970027247956404,734,New York Stories (1989),Comedy|Drama,3.22307966794192
159193,3.292525773195876,776,Café Society (2016),Comedy|Drama|Romance,3.2227192951703705
7208,3.4111498257839723,287,Dr. Jekyll and Mr. Hyde (1941),Drama|Horror,3.2225508595262413
2928,3.3219557195571956,542,"Razor's Edge, The (1984)",Drama,3.2222341707170474
66200,3.365079365079365,378,Two Lovers (2008),Drama|Romance,3.222148677014057
5241,3.388888888888889,324,Seems Like Old Times (1980),Comedy|Romance,3.2221417448422285
26386,3.3250478011472278,523,High Anxiety (1977),Comedy|Thriller,3.221874602435695
5957,3.2349084611578425,4042,Two Weeks Notice (2002),Comedy|Romance,3.221577059735746
3214,3.348235294117647,425,American Flyers (1985),Drama,3.2214942953258827
662,3.2392163319064866,3037,Fear (1996),Thriller,3.221481178861229
4006,3.2395482130815916,2966,Transformers: The Movie (1986),Adventure|Animation|Children|Sci-Fi,3.2213956905720593
100159,3.3753581661891117,349,Sightseers (2012),Comedy,3.221215931794803
90345,3.2517045454545452,1760,"Thing, The (2011)",Horror|Mystery|Sci-Fi|Thriller,3.221148392463593
4403,3.3622047244094486,381,"Fall of the House of Usher, The (House of Usher) (1960)",Horror,3.2210906582316436
213604,3.410211267605634,284,The Night House (2020),Horror|Thriller,3.22098893905069
3865,3.2730806608357628,1029,"Original Kings of Comedy, The (2000)",Comedy|Documentary,3.2208819200407794
52606,3.34367816091954,435,Big Nothing (2006),Comedy|Crime|Thriller,3.2204489042551727
4936,3.2604477611940297,1340,Fame (1980),Drama|Musical,3.2204449654604526
2880,3.3024502297090352,653,Armour of God (Long xiong hu di) (1987),Action|Adventure|Comedy,3.220384749551073
6909,3.3081967213114756,610,"Eye, The (Gin gwai) (Jian gui) (2002)",Thriller,3.2203574404705
4958,3.2329405989199804,4074,Behind Enemy Lines (2001),Action|Drama|War,3.21982118615284
26303,3.3826219512195124,328,Sisters (1973),Horror|Thriller,3.219734799133494
109895,3.3156474820143886,556,Bad Words (2013),Comedy,3.219611138799991
48982,3.2411978955888303,2471,Flushed Away (2006),Animation|Comedy,3.219590795845477
136564,3.3564102564102565,390,Macbeth (2015),Drama,3.2195414080765574
76763,3.3181818181818183,539,"Runaways, The (2010)",Drama|Musical,3.219272757482057
2409,3.2270408163265305,6860,Rocky II (1979),Action|Drama,3.2192695080279803
4595,3.3714285714285714,350,Fat Man and Little Boy (1989),Drama,3.2191768335617175
95201,3.2823250296559907,843,To Rome with Love (2012),Comedy,3.21912721459851
96314,3.357329842931937,382,Celeste and Jesse Forever (Celeste & Jesse Forever) (2012),Comedy|Drama|Romance,3.218362665430516
1390,3.249559082892416,1701,My Fellow Americans (1996),Comedy,3.21835222607319
26603,3.30205047318612,634,Prince of Darkness (1987),Fantasy|Horror|Sci-Fi|Thriller,3.218331640752195
86880,3.224849473156046,7972,Pirates of the Caribbean: On Stranger Tides (2011),Action|Adventure|Fantasy|IMAX,3.218195697018588
2002,3.223100217658749,10567,Lethal Weapon 3 (1992),Action|Comedy|Crime|Drama,3.2180831004003467
196889,3.2462486602357985,1866,Glass (2019),Drama|Horror|Mystery|Sci-Fi|Thriller,3.217866095616867
152083,3.304241435562806,613,Whiskey Tango Foxtrot (2016),Comedy|War,3.217850105139938
1044,3.3197674418604652,516,Surviving Picasso (1996),Drama,3.217368290783256
2037,3.3304721030042916,466,Candleshoe (1977),Adventure|Children|Comedy,3.2171842294308473
265460,3.3096491228070177,570,The Black Phone (2022),Horror,3.217077794138616
3117,3.3059322033898306,590,Ride with the Devil (1999),Drama|Romance|War,3.216670646823355
51694,3.350253807106599,394,Starter for 10 (2006),Drama|Romance,3.216620011852718
7039,3.3532467532467534,385,Thunderheart (1992),Crime|Mystery|Thriller,3.216540472661481
69306,3.2419590643274856,2052,"Taking of Pelham 1 2 3, The (2009)",Crime|Drama|Thriller,3.216334914868144
358,3.2387580299785865,2335,Higher Learning (1995),Drama,3.216248696009951
4842,3.4,285,"Dogs of War, The (1980)",Drama|War,3.2158924997567198
4259,3.3833865814696487,313,"Luzhin Defence, The (2000)",Drama|Romance,3.215812432141151
195305,3.4010600706713783,283,Stan & Ollie (2018),Comedy|Drama,3.215764251964867
5859,3.396551724137931,290,Southern Comfort (1981),Drama|Thriller|War,3.215745046613681
175809,3.402135231316726,281,Jungle (2017),Action|Adventure|Drama,3.2156350360824923
54962,3.297045101088647,643,"Nines, The (2007)",Drama|Mystery,3.21556789507805
88950,3.419921875,256,"Conspirator, The (2010)",Drama,3.2154189059617995
5836,3.375,328,Houseboat (1958),Comedy|Romance,3.2154012924598936
170,3.2208460581382194,8841,Hackers (1995),Action|Adventure|Crime|Thriller,3.2149380087371817
2024,3.2765330188679247,848,"Rapture, The (1991)",Drama|Mystery,3.2149375564045153
6022,3.4209486166007905,253,American Me (1992),Drama,3.2147140976690833
114601,3.3113382899628254,538,This Is Where I Leave You (2014),Comedy|Drama,3.214468173363976
70183,3.233677609738104,2711,"Ugly Truth, The (2009)",Comedy|Drama|Romance,3.214454882131191
270696,3.2786683107274968,811,The Adam Project (2022),Adventure|Comedy|Sci-Fi,3.2144211771111544
34338,3.248213125406108,1539,"Aristocrats, The (2005)",Comedy|Documentary,3.214366019139836
3963,3.316046966731898,511,"Unsinkable Molly Brown, The (1964)",Musical,3.2141926643244014
5247,3.2439862542955327,1746,Smokey and the Bandit (1977),Action|Comedy,3.214178658388948
107,3.221542317900324,6782,Muppet Treasure Island (1996),Adventure|Children|Comedy|Musical,3.213879447242901
263481,3.3618233618233617,351,Finch (2021),Adventure|Drama|Sci-Fi,3.2138106444742665
206714,3.389830508474576,295,Abominable (2019),Adventure|Animation|Children|Comedy,3.2137617312375673
5357,3.3424317617866004,403,Iron Will (1994),Adventure,3.213629399632018
106785,3.289473684210526,684,Homefront (2013),Action|Crime|Thriller,3.2135973905242925
552,3.2174282128884624,13547,"Three Musketeers, The (1993)",Action|Adventure|Comedy|Romance,3.213597156084062
155659,3.3244111349036403,467,Florence Foster Jenkins (2016),Comedy|Drama,3.2133887492947517
536,3.2809647979139505,767,"Simple Twist of Fate, A (1994)",Drama,3.2133723847033293
178667,3.2716535433070866,889,Gerald's Game (2017),Horror|Thriller,3.213344762826358
653,3.216566479219184,15471,Dragonheart (1996),Action|Adventure|Fantasy,3.213217959759293
163985,3.296,625,ARQ (2016),Sci-Fi|Thriller,3.213142242384841
185109,3.3904109589041096,292,Disobedience (2018),Drama|Romance,3.2130985498615505
2100,3.2168338907469343,12558,Splash (1984),Comedy|Fantasy|Romance,3.2127185349788094
58627,3.290909090909091,660,Never Back Down (2008),Action,3.2126361597756765
5479,3.238699847638395,1969,K-19: The Widowmaker (2002),Action|Adventure|Drama|Thriller,3.2124825310519465
2846,3.243373493975904,1660,"Adventures of Milo and Otis, The (Koneko monogatari) (1986)",Adventure|Children|Comedy|Drama,3.2123028999005254
130686,3.331408775981524,433,The Final Girls (2015),Comedy|Horror,3.212296532658913
55284,3.3035398230088497,565,Rendition (2007),Drama|Thriller,3.2122680988083463
60072,3.2193841350929473,7047,Wanted (2008),Action|Thriller,3.212073219975618
102716,3.2280262746324677,3197,"Fast & Furious 6 (Fast and the Furious 6, The) (2013)",Action|Crime|Thriller|IMAX,3.2119228664848407
44613,3.3498659517426272,373,Take the Lead (2006),Drama,3.2118749085385314
55278,3.3535911602209945,362,Sleuth (2007),Drama|Mystery|Thriller,3.211597652021792
6100,3.3051001821493626,549,"Midsummer Night's Sex Comedy, A (1982)",Comedy|Romance,3.2115114746460867
151777,3.35149863760218,367,The Finest Hours (2016),Drama|Thriller,3.2115034999514736
3970,3.3474801061007957,377,"Beyond, The (E tu vivrai nel terrore - L'aldilà) (1981)",Horror,3.2113197086117795
191869,3.333732057416268,418,The Old Man and the Gun (2018),(no genres listed),3.2110736326587386
3718,3.3383084577114426,402,American Pimp (1999),Documentary,3.2108849371948267
3219,3.2315381476948186,2451,Pacific Heights (1990),Mystery|Thriller,3.2106615080633034
200110,3.41015625,256,The Dirt (2019),Comedy|Drama,3.2104674304220886
6868,3.2982758620689654,580,Wonderland (2003),Crime|Drama|Mystery|Thriller,3.2102364647365333
125970,3.393884892086331,278,Halloweentown (1998),Adventure|Children|Comedy|Fantasy,3.2102201662936283
4564,3.252267106347898,1213,Always (1989),Drama|Fantasy|Romance,3.210181958834471
7347,3.220484359233098,4955,Secret Window (2004),Mystery|Thriller,3.2101817878168517
89305,3.303473491773309,547,"Inbetweeners Movie, The (2011)",Adventure|Comedy,3.2101583184069766
961,3.404580152671756,262,Little Lord Fauntleroy (1936),Drama,3.2099530350755776
6478,3.388111888111888,286,"Life and Times of Judge Roy Bean, The (1972)",Comedy|Western,3.2098803619744114
219726,3.2617107942973522,982,The Old Guard (2020),Action|Fantasy,3.209818023901302
168328,3.3094302554027504,509,Ingrid Goes West (2017),Comedy|Drama,3.209480149914385
2294,3.2133857042856033,12857,Antz (1998),Adventure|Animation|Children|Comedy|Fantasy,3.20942972292022
74685,3.242384964355152,1543,"Crazies, The (2010)",Action|Drama|Horror|Sci-Fi|Thriller,3.209422962006871
7048,3.2831149927219796,687,Nothing to Lose (1997),Action|Adventure|Comedy|Crime,3.20917299457219
127116,3.3813559322033897,295,Experimenter (2015),Drama,3.2091652980697054
2496,3.220544835414302,4405,Blast from the Past (1999),Comedy|Romance,3.2090214670749506
78034,3.412,250,Cemetery Junction (2010),Comedy|Drama|Romance,3.208989788775532
103027,3.3863636363636362,286,Much Ado About Nothing (2012),Comedy|Drama|Romance,3.2089456078147554
700,3.2486252945797327,1273,Angus (1995),Comedy,3.2087949310862163
48061,3.3671875,320,Snoopy Come Home (1972),Animation|Children|Comedy|Musical,3.208762534048361
8643,3.236323851203501,1828,"Cinderella Story, A (2004)",Comedy|Romance,3.2086113946844397
50794,3.2304856895056373,2306,Smokin' Aces (2006),Action|Crime|Drama|Thriller,3.208526754714514
100302,3.267052023121387,865,Upside Down (2012),Drama|Romance|Sci-Fi,3.208515132076589
127096,3.2696493349455866,827,Project Almanac (2015),Sci-Fi|Thriller,3.2084440985408618
103,3.252166377816291,1154,Unforgettable (1996),Mystery|Sci-Fi|Thriller,3.2083291792858457
567,3.32039911308204,451,Kika (1993),Comedy|Drama,3.2082654745250934
65126,3.276280323450135,742,Choke (2008),Comedy|Drama,3.208159254839149
97860,3.250631844987363,1187,Killing Them Softly (2012),Crime|Drama|Thriller,3.20806811450666
237,3.2158491151816206,6442,Forget Paris (1995),Comedy|Romance,3.2080086394386575
194951,3.2283624542868754,2461,Bird Box (2018),Drama|Sci-Fi|Thriller,3.2078545354515344
60948,3.369774919614148,311,Bottle Shock (2008),Drama,3.2076531623863414
252,3.212357267273079,10334,I.Q. (1994),Comedy|Romance,3.207482354139235
2111,3.228229467602146,2423,"Man with Two Brains, The (1983)",Comedy,3.2074422716494304
103339,3.229562527618206,2263,White House Down (2013),Action|Drama|Thriller|IMAX,3.207319163032013
99750,3.3215909090909093,440,"Iceman, The (2012)",Crime|Drama|Thriller,3.2072361817682
5372,3.3721311475409834,305,Calamity Jane (1953),Musical|Western,3.2071944495759395
110730,3.2224075197089146,3298,Transcendence (2014),Drama|Sci-Fi|IMAX,3.20715695554431
1552,3.209950977630022,17747,Con Air (1997),Action|Adventure|Thriller,3.2071174548436097
2747,3.223428759460349,3039,"Little Shop of Horrors, The (1960)",Comedy|Horror,3.2068995424496225
183421,3.2471774193548386,1240,Red Sparrow (2018),Thriller,3.206706297011292
5400,3.2169117647058822,4896,"Sum of All Fears, The (2002)",Drama|Thriller,3.2066638818286286
5497,3.307,500,Our Man Flint (1965),Adventure|Comedy|Sci-Fi,3.2066564369343205
55080,3.270806658130602,781,"Brave One, The (2007)",Crime|Drama|Thriller,3.2065880237111495
66335,3.3754208754208754,297,Afro Samurai: Resurrection (2009),Animation,3.206567147133381
108188,3.242176386913229,1406,Jack Ryan: Shadow Recruit (2014),Action|Drama|Thriller|IMAX,3.206517013487288
55272,3.2694723618090453,796,We Own the Night (2007),Crime|Drama,3.2064934497273545
2990,3.2167774086378738,4816,Licence to Kill (1989),Action|Adventure|Thriller,3.2063742631878447
100,3.2182233991333655,4154,City Hall (1996),Drama|Thriller,3.20617434091624
3712,3.2385113268608414,1545,Soapdish (1991),Comedy,3.2061235328725752
111113,3.221872045382918,3173,Neighbors (2014),Comedy,3.206103336047258
54734,3.302504816955684,519,Sydney White (2007),Comedy,3.206101062143655
2116,3.2148194271481945,5621,"Lord of the Rings, The (1978)",Adventure|Animation|Children|Fantasy,3.2059259962895643
109187,3.264705882352941,850,"Zero Theorem, The (2013)",Drama|Fantasy|Sci-Fi,3.2059013610156635
633,3.3582317073170733,328,Denise Calls Up (1995),Comedy,3.2058675777779735
178521,3.2703751617076326,773,The Babysitter (2017),Horror,3.205758886016355
103772,3.2160866847259846,4799,"Wolverine, The (2013)",Action|Adventure|Fantasy|Sci-Fi,3.2056825621783536
4871,3.400390625,256,Focus (2001),Drama,3.2055159548823777
86815,3.3287841191067,403,Soul Surfer (2011),Action|Drama,3.2051925228104197
89072,3.3324808184143224,391,Stake Land (2010),Horror,3.205133623410084
3798,3.2117117117117115,7437,What Lies Beneath (2000),Drama|Horror|Mystery,3.2050202325843578
45499,3.2085626474161963,13991,X-Men: The Last Stand (2006),Action|Sci-Fi|Thriller,3.2050060046503215
75813,3.3295739348370925,399,Leaves of Grass (2009),Comedy|Crime|Drama|Thriller,3.20491589075492
31694,3.2621247113163974,866,Bride & Prejudice (2004),Comedy|Musical|Romance,3.2047403404970067
81383,3.3984375,256,Heartbreaker (L'Arnacoeur) (2010),Comedy|Romance,3.204525659774436
206959,3.2389042995839112,1442,Frozen II (2019),Adventure|Animation|Children|Comedy|Fantasy,3.2044857801289917
140481,3.376736111111111,288,"Family Guy Presents: Something, Something, Something, Dark Side (2009)",Animation|Comedy|Sci-Fi,3.2044421784691988
98585,3.289383561643836,584,Hitchcock (2012),Drama,3.204424307383975
106022,3.3426183844011144,359,Toy Story of Terror (2013),Animation|Children|Comedy,3.204416854120929
4517,3.3494152046783627,342,Lady in White (a.k.a. The Mystery of the Lady in White) (1988),Horror|Mystery|Thriller,3.2043746921985328
76210,3.304655870445344,494,Defendor (2009),Comedy|Crime|Drama,3.2042872602236008
170945,3.2516875602700095,1037,It Comes at Night (2017),Horror|Mystery|Thriller,3.2039544331752956
3444,3.2244601328903655,2408,Bloodsport (1988),Action,3.2039086926945357
3199,3.3648208469055376,307,Pal Joey (1957),Comedy|Drama|Musical|Romance,3.2037506846916943
4282,3.309421841541756,467,Fellini Satyricon (1969),Drama|Fantasy,3.2036108473531395
1805,3.2092681780805825,8513,Wild Things (1998),Crime|Drama|Mystery|Thriller,3.2034678557869993
2836,3.242822966507177,1254,Outside Providence (1999),Comedy,3.2034500004126105
73268,3.227228207639569,2042,Daybreakers (2010),Action|Drama|Horror|Thriller,3.203092673455896
3099,3.2370600414078674,1449,Shampoo (1975),Comedy|Drama|Romance,3.203053775617005
2424,3.206304681760502,14973,You've Got Mail (1998),Comedy|Romance,3.2030144072435185
109864,3.2960151802656545,527,Veronica Mars (2014),Comedy|Crime|Drama,3.2026872092023617
68932,3.2776073619631902,652,"Soloist, The (2009)",Drama|Musical,3.202314358552684
162322,3.264186633039092,793,Mechanic: Resurrection (2016),Action|Crime|Thriller,3.2022890926385577
45221,3.2912885662431943,551,Stick It (2006),Comedy,3.202231535967137
39414,3.2533889468196038,959,Shopgirl (2005),Comedy|Drama|Romance,3.2022228707840985
94833,3.290909090909091,550,"Pirates! Band of Misfits, The (2012)",Adventure|Animation|Children|Comedy,3.201858812892869
1447,3.2774343122102008,647,Gridlock'd (1997),Crime,3.2017691769395165
1087,3.3843283582089554,268,Madame Butterfly (1995),Musical,3.201712140878531
753,3.296692607003891,514,"Month by the Lake, A (1995)",Comedy|Drama|Romance,3.2015532908901725
195163,3.2419221209610605,1207,Bumblebee (2018),Action|Adventure|Sci-Fi,3.201432107713519
331,3.289855072463768,552,Tom & Viv (1994),Drama,3.2013547329505716
133419,3.223750573131591,2181,Pitch Perfect 2 (2015),Comedy,3.2013519097988037
140162,3.311512415349887,443,Love (2015),Drama|Romance,3.201279094695928
5298,3.2549559471365637,908,Human Nature (2001),Comedy|Romance,3.2011971696949715
4733,3.2341216216216218,1480,"Curse of the Jade Scorpion, The (2001)",Comedy,3.2011481321187536
465,3.2655217965653898,757,Heaven & Earth (1993),Action|Drama|War,3.2010786416344694
3628,3.3478915662650603,332,Flying Tigers (1942),Action|Drama|Romance|War,3.2010070676882645
64114,3.3884615384615384,260,Fireproof (2008),Drama|Romance,3.200953047003562
118354,3.375,280,Kill the Messenger (2014),Crime|Drama|Mystery|Thriller,3.200917008168109
2727,3.3008213552361396,487,Killer's Kiss (1955),Crime|Film-Noir,3.2007949526024086
3794,3.2579505300353357,849,Chuck & Buck (2000),Comedy|Drama,3.200623923508619
73015,3.2343096234309625,1434,It's Complicated (2009),Comedy|Romance,3.2004070388140198
2211,3.3714788732394365,284,Secret Agent (1936),Thriller,3.2003471676113957
31502,3.3356545961002784,359,Salem's Lot (1979),Drama|Horror|Mystery|Thriller,3.2003043356145957
89087,3.2471098265895955,1038,Colombiana (2011),Action|Adventure|Drama|Thriller,3.2002991729117363
38388,3.3135198135198136,429,Goal! The Dream Begins (Goal!) (2005),Drama,3.2002729098983815
48161,3.304956896551724,464,Gridiron Gang (2006),Drama,3.2002595113201187
50954,3.3,485,It's a Boy Girl Thing (2006),Comedy|Romance,3.199979568905999
117871,3.3515625,320,"Water Diviner, The (2014)",Action|Drama|War,3.199973643206386
422,3.233402489626556,1446,Blink (1994),Thriller,3.199873152174236
638,3.282423208191126,586,Jack and Sarah (1995),Romance,3.1997424908613157
117549,3.309090909090909,440,The Taking of Deborah Logan (2014),Horror|Thriller,3.1992524395704933
3082,3.2036490091463414,10496,"World Is Not Enough, The (1999)",Action|Adventure|Thriller,3.199049316942932
85007,3.3831417624521074,261,Happythankyoumoreplease (2010),Comedy|Drama,3.198597775289494
286131,3.2881040892193307,538,The Super Mario Bros. Movie (2023),Adventure|Animation|Children|Comedy|Fantasy,3.1985830545432874
43560,3.22327852004111,1946,Nanny McPhee (2005),Children|Comedy|Fantasy,3.1985352433459893
249122,3.3622448979591835,294,Oxygen (2021),Drama|Fantasy|Sci-Fi|Thriller,3.1984988130781224
108190,3.206323504346344,5867,Divergent (2014),Adventure|Romance|Sci-Fi|IMAX,3.1981335544433547
8916,3.235686274509804,1275,Shall We Dance? (2004),Comedy|Romance,3.1980215274100092
2683,3.1995427824951013,29089,Austin Powers: The Spy Who Shagged Me (1999),Action|Adventure|Comedy,3.197892998667939
7375,3.2400881057268722,1135,"Prince & Me, The (2004)",Comedy|Romance,3.1978213784378298
37720,3.2213477619281847,2033,"Exorcism of Emily Rose, The (2005)",Crime|Drama|Horror|Thriller,3.1977584493711873
261275,3.277038269550749,601,Ghostbusters: Afterlife (2021),Comedy|Fantasy,3.197393817649268
8295,3.3807692307692307,260,"Most Dangerous Game, The (1932)",Adventure|Mystery|Thriller,3.1970230018080423
496,3.3094117647058825,425,What Happened Was... (1994),Comedy|Drama|Romance|Thriller,3.1970099504675957
49824,3.235317779565567,1243,Dreamgirls (2006),Drama|Musical,3.196906632897723
1130,3.2177708146821846,2234,"Howling, The (1980)",Horror|Mystery,3.1964497183213636
4672,3.3265027322404372,366,"Tall Guy, The (1989)",Comedy|Romance,3.1963977973981343
8661,3.361111111111111,288,How the West Was Won (1962),Adventure|Drama|Western,3.1960607294097834
2393,3.201230228471002,9104,Star Trek: Insurrection (1998),Action|Drama|Romance|Sci-Fi,3.196010328948253
27441,3.3230563002680964,373,Blood: The Last Vampire (2000),Action|Animation|Horror,3.1957951529508164
7791,3.3117359413202934,409,Internal Affairs (1990),Crime|Thriller,3.1957212427726294
229037,3.3642857142857143,280,Ma Rainey's Black Bottom (2020),Drama,3.1952448584233557
44197,3.306338028169014,426,Find Me Guilty (2006),Comedy|Crime|Drama,3.195236339635669
79590,3.3426791277258565,321,"Rebound, The (2009)",Comedy|Romance,3.195236016178475
144482,3.2454739084132056,939,Circle (2015),Drama|Horror|Sci-Fi,3.1951048115330525
4662,3.238138686131387,1096,"See No Evil, Hear No Evil (1989)",Comedy|Crime,3.1950070679010434
5389,3.222920406941951,1671,Spirit: Stallion of the Cimarron (2002),Adventure|Animation|Children|Western,3.1946794133132523
6851,3.375478927203065,261,"Gas, Food, Lodging (1992)",Drama|Romance,3.1946754375762167
100810,3.277097902097902,572,Dark Skies (2013),Horror|Sci-Fi|Thriller,3.194621763454882
7046,3.214405711885762,2381,"Witches of Eastwick, The (1987)",Comedy|Fantasy|Horror|Thriller,3.194594853652273
163959,3.3824701195219125,251,Loving (2016),Drama,3.194568925025231
149011,3.3764478764478763,259,He Never Died (2015),Comedy|Drama|Horror,3.194457581453264
3045,3.247995418098511,873,Peter's Friends (1992),Comedy|Drama,3.194103757572077
26492,3.262848751835536,681,Twilight Zone: The Movie (1983),Fantasy|Horror|Sci-Fi|Thriller,3.1938541839123697
2962,3.289046653144016,493,Fever Pitch (1997),Comedy|Romance,3.1937794926811063
3430,3.2280058651026393,1364,Death Wish (1974),Action|Crime|Drama,3.193604690693851
2881,3.19916129816458,8227,Double Jeopardy (1999),Action|Crime|Drama|Thriller,3.1934620518906676
74668,3.2639939485627836,661,District 13: Ultimatum (Banlieue 13 - Ultimatum) (2009),Action|Sci-Fi,3.1931695852512503
4486,3.3446601941747574,309,Clean and Sober (1988),Drama,3.193161867037306
108780,3.376470588235294,255,Labor Day (2013),Drama|Romance,3.193024420758311
91681,3.374031007751938,258,"Julia's Eyes (Ojos de Julia, Los) (2010)",Horror|Thriller,3.1928684269483387
55116,3.374031007751938,258,"Hunting Party, The (2007)",Action|Adventure|Comedy|Drama|Thriller,3.1928684269483387
267654,3.377470355731225,253,Harry Potter 20th Anniversary: Return to Hogwarts (2022),Documentary,3.1927973811916974
41573,3.2229152987524623,1523,"Family Stone, The (2005)",Comedy|Drama|Romance,3.192316160968516
7154,3.207217504898759,3062,Mona Lisa Smile (2003),Drama|Romance,3.192021808456949
31162,3.320441988950276,362,"Life and Death of Peter Sellers, The (2004)",Comedy|Drama,3.191954502570163
4447,3.1944205481135555,16274,Legally Blonde (2001),Comedy|Romance,3.1915683690889685
168612,3.2075993091537134,2895,Ghost in the Shell (2017),Action|Drama|Sci-Fi,3.1915662093642014
80844,3.3199445983379503,361,Lake Mungo (2008),Drama|Mystery|Thriller,3.191449427152177
71520,3.2098839535814325,2499,"Invention of Lying, The (2009)",Comedy,3.191333383900474
189363,3.214428857715431,1996,Ocean's 8 (2018),Action|Comedy|Crime|Thriller,3.1912178741236192
1870,3.310567010309278,388,"Dancer, Texas Pop. 81 (1998)",Comedy|Drama,3.1911838681427427
1006,3.220550576184379,1562,"Chamber, The (1996)",Drama,3.1909354495665765
92391,3.2798076923076924,520,Grave Encounters (2011),Horror,3.190876584237369
3506,3.254470426409904,727,North Dallas Forty (1979),Comedy|Drama,3.1908648484681965
80126,3.2254681647940076,1335,"American, The (2010)",Drama|Thriller,3.1908359149063155
5493,3.3111979166666665,384,In Like Flint (1967),Action|Adventure|Comedy,3.1908121434983614
736,3.192043041200623,35315,Twister (1996),Action|Adventure|Romance|Thriller,3.19073456526478
185031,3.3157181571815717,369,Alpha (2018),Adventure|Thriller,3.190589101181603
3441,3.203939393939394,3300,Red Dawn (1984),Action|Drama|War,3.1899926753698646
7951,3.2924107142857144,448,Nightbreed (1990),Fantasy|Horror,3.189790508853656
7487,3.315934065934066,364,Henry & June (1990),Drama,3.1896965338882572
66171,3.213946117274168,1893,Push (2009),Sci-Fi|Thriller,3.189675057481728
5165,3.2880085653104927,467,Zombie (a.k.a. Zombie 2: The Dead Are Among Us) (Zombi 2) (1979),Horror,3.18964241600798
91266,3.3445945945945947,296,Another Cinderella Story (2008),Children|Comedy|Musical|Romance,3.189511847348345
122890,3.2088446889547186,2363,Warcraft (2016),Action|Adventure|Fantasy,3.1894272390291025
6213,3.2091770788453253,2321,Tears of the Sun (2003),Action|Drama|Thriller,3.1894100959648677
93512,3.252407152682256,727,"Jeff, Who Lives at Home (2012)",Comedy|Drama,3.1893278057384085
383,3.1979365685899883,5234,Wyatt Earp (1994),Western,3.1891818208648908
90645,3.3434343434343434,297,Anonymous (2011),Drama,3.1891646924713557
5392,3.339344262295082,305,Bus Stop (1956),Comedy|Drama|Romance,3.1891406492509713
6873,3.2024155995343424,3436,Intolerable Cruelty (2003),Comedy|Romance,3.189086543900815
101362,3.20843935538592,2358,Olympus Has Fallen (2013),Action|Thriller,3.1890233632360703
197875,3.2953488372093025,430,"Extremely Wicked, Shockingly Evil and Vile (2019)",Crime|Thriller,3.1889306313449888
32291,3.247442455242967,782,Melinda and Melinda (2004),Comedy|Drama,3.188927156484735
5485,3.2784313725490195,510,Tadpole (2002),Comedy|Drama|Romance,3.188779820292677
7394,3.3617424242424243,264,Those Magnificent Men in Their Flying Machines (1965),Action|Adventure|Comedy,3.188662518268888
118082,3.2543103448275863,696,The Voices (2014),Comedy|Crime|Thriller,3.188660181627805
3926,3.266156462585034,588,Voyage to the Bottom of the Sea (1961),Adventure|Sci-Fi,3.18851117889845
5765,3.3101604278074865,374,"Looney, Looney, Looney Bugs Bunny Movie, The (1981)",Animation|Children|Comedy,3.188256551003553
135436,3.205513307984791,2630,The Secret Life of Pets (2016),Animation|Comedy,3.188184725284002
6629,3.2843551797040167,473,House of Wax (1953),Crime|Horror|Mystery|Thriller,3.1880662219422535
565,3.232775590551181,1016,Cronos (1993),Drama|Horror,3.1879713855799765
2573,3.329192546583851,322,Tango (1998),Drama|Musical,3.187887555824335
48319,3.2784431137724552,501,Flyboys (2006),Action|Adventure|Drama|War,3.1877117023871357
69140,3.3371710526315788,304,Sweeney Todd (2006),Crime|Drama|Horror|Thriller,3.1876740922772884
155625,3.357677902621723,267,Under the Shadow (2016),Horror|Thriller,3.1875654305487746
44849,3.318840579710145,345,Renaissance (2006),Action|Animation|Film-Noir|Sci-Fi|Thriller,3.1873463640682154
105769,3.317528735632184,348,"Congress, The (2013)",Animation|Sci-Fi,3.187242428581191
408,3.2536764705882355,680,8 Seconds (1994),Drama,3.1870653521585885
4919,3.3149717514124295,354,Subway (1985),Crime|Drama|Romance|Thriller,3.187037660673599
225776,3.3097826086956523,368,Titane,(no genres listed),3.186845527022391
2482,3.3086253369272236,371,Still Crazy (1998),Comedy|Romance,3.186747871624638
53460,3.212146892655367,1770,Surf's Up (2007),Animation|Children|Comedy,3.186618953697614
200540,3.212673611111111,1728,Aladdin (2019),Adventure|Fantasy|Romance,3.1865370052203517
271865,3.268670309653916,549,X (2022),Horror|Mystery|Thriller,3.1864456769270744
26398,3.2878103837471784,443,Capricorn One (1978),Drama|Sci-Fi|Thriller,3.186103491285031
45028,3.2381228273464657,863,"Prairie Home Companion, A (2006)",Comedy|Drama|Musical,3.18595647596017
367,3.1869047916614592,40007,"Mask, The (1994)",Action|Comedy|Crime|Fantasy,3.1857805937917205
6155,3.191457741018351,7738,How to Lose a Guy in 10 Days (2003),Comedy|Romance,3.1856496269666716
54331,3.314655172413793,348,You Kill Me (2007),Comedy|Crime|Thriller,3.18556710608161
96417,3.226605504587156,1090,Premium Rush (2012),Action|Thriller,3.185424606483018
1425,3.205083260297984,2282,Fierce Creatures (1997),Comedy,3.185414281725913
69516,3.308219178082192,365,"Limits of Control, The (2009)",Crime|Drama|Film-Noir,3.1853152070697393
31689,3.328025477707006,314,Inside Deep Throat (2005),Documentary,3.1852282920947106
87079,3.335570469798658,298,Trust (2010),Drama|Thriller,3.1851618314501975
169900,3.2595993322203674,599,The Lost City of Z (2017),Action|Adventure|Drama,3.1848861960374015
168254,3.2039333048311245,2339,Kong: Skull Island (2017),Action|Adventure|Fantasy,3.184808147772369
175199,3.2478813559322033,708,Annabelle: Creation (2017),Horror,3.1847267275787576
110611,3.3434163701067616,281,Cold in July (2014),Drama|Thriller,3.184497085525784
114007,3.2761806981519506,487,Before I Go to Sleep (2014),Mystery|Thriller,3.1844883892106433
272525,3.2164393395549173,1393,Doctor Strange in the Multiverse of Madness (2022),Action|Adventure|Fantasy,3.1843991751142657
161580,3.2238010657193605,1126,Bad Moms (2016),Comedy,3.1842061281694036
6387,3.3588235294117648,255,Once a Thief (Zong heng si hai) (1991),Action|Comedy|Crime|Thriller,3.1840940774362236
58162,3.21937550040032,1249,Run Fatboy Run (2007),Comedy|Romance,3.1837672779358517
4067,3.2316017316017316,924,Untamed Heart (1993),Drama|Romance,3.183532275232426
59501,3.193176783340718,4514,"Chronicles of Narnia: Prince Caspian, The (2008)",Adventure|Children|Fantasy,3.1833473315879224
41569,3.187259923175416,10934,King Kong (2005),Action|Adventure|Drama|Fantasy|Thriller,3.1832051619544224
68963,3.3475836431226766,269,Easy Virtue (2008),Comedy|Romance,3.182979350492591
130452,3.2620751341681573,559,While We're Young (2014),Comedy|Drama,3.182900118356372
4541,3.2294736842105265,950,"Serpent and the Rainbow, The (1988)",Horror,3.1828884857954067
7991,3.239158163265306,784,Death Race 2000 (1975),Action|Sci-Fi,3.182752450014631
71129,3.2900485436893203,412,Green Lantern: First Flight (2009),Action|Adventure|Animation|Fantasy|Sci-Fi,3.182728106551843
5219,3.1874244256348248,9097,Resident Evil (2002),Action|Horror|Sci-Fi|Thriller,3.182568292579646
122896,3.1969647519582245,3064,Pirates of the Caribbean: Dead Men Tell No Tales (2017),(no genres listed),3.182548524139006
140711,3.21900826446281,1210,American Ultra (2015),Action|Comedy|Sci-Fi|Thriller,3.1825107996573534
42015,3.2327586206896552,870,Casanova (2005),Action|Adventure|Comedy|Drama|Romance,3.182111900634653
202934,3.2850467289719627,428,Anna (2019),Action|Thriller,3.1821022390605895
4205,3.2150336574420346,1337,Mermaids (1990),Comedy|Drama|Romance,3.1820827325935515
1502,3.345724907063197,269,Kissed (1996),Drama|Romance,3.1820139131494747
1687,3.1899800688530533,5519,"Jackal, The (1997)",Action|Thriller,3.182001249262316
7562,3.3197492163009406,319,Dobermann (1997),Action|Crime,3.181836600845418
162828,3.28992628992629,407,Imperium (2016),Crime|Drama|Thriller,3.1818341296235904
6005,3.245985401459854,685,Blue Collar Comedy Tour: The Movie (2003),Comedy|Documentary,3.18178071059012
58078,3.309593023255814,344,"Air I Breathe, The (2007)",Crime|Drama|Romance|Thriller,3.1817591594199914
55,3.2282838983050848,944,Georgia (1995),Drama,3.181712637790354
100487,3.248480243161094,658,Beautiful Creatures (2013),Drama|Fantasy|Romance,3.181679353423876
6480,3.3321917808219177,292,Thoroughly Modern Millie (1967),Comedy|Musical,3.1816694502128176
5297,3.270242914979757,494,"Cat's Meow, The (2002)",Drama|Thriller,3.1814039650290926
2033,3.2048387096774196,1860,"Black Cauldron, The (1985)",Adventure|Animation|Children|Fantasy,3.181262746275363
4965,3.3013698630136985,365,"Business of Strangers, The (2001)",Action|Drama|Thriller,3.1812428825869246
160271,3.204460966542751,1883,Central Intelligence (2016),Action|Comedy,3.1811834540175963
130520,3.2087842138765117,1571,Home (2015),Adventure|Animation|Children|Comedy|Fantasy|Sci-Fi,3.180924779174742
24,3.186060532979621,8293,Powder (1995),Drama|Sci-Fi,3.180787062084561
183701,3.3008241758241756,364,12 Strong (2018),Drama|War,3.1807228024475656
71156,3.193840579710145,3312,"Men Who Stare at Goats, The (2009)",Action|Comedy|Drama,3.180646748187288
4318,3.2313953488372094,860,Postcards From the Edge (1990),Comedy|Drama,3.1805978948688907
106072,3.185643264217291,8247,Thor: The Dark World (2013),Action|Adventure|Fantasy|IMAX,3.1803534652738508
117851,3.2124352331606216,1351,Penguins of Madagascar (2014),Adventure|Animation|Children|Comedy,3.1801768895681684
1477,3.2991803278688523,366,Love Jones (1997),Romance,3.180134990437653
6882,3.294973544973545,378,Returner (Ritaanaa) (2002),Action|Adventure|Sci-Fi,3.179877182357813
142422,3.2634615384615384,520,The Night Before (2015),Comedy,3.179821830693345
53447,3.268993839835729,487,Paranoid Park (2007),Crime|Drama,3.1797323082213786
1733,3.2601851851851853,540,Afterglow (1997),Drama|Romance,3.179699588820019
6862,3.220546654099906,1061,Out of Time (2003),Crime|Drama|Thriller,3.1796053176731913
4039,3.195948504354411,2641,Annie (1982),Children|Musical,3.1795096735596777
70206,3.2516666666666665,600,"Collector, The (2009)",Crime|Horror|Thriller,3.179367423277315
183635,3.2156040268456376,1192,Maze Runner: The Death Cure (2018),Action|Mystery|Sci-Fi|Thriller,3.1792386741759406
85790,3.3339285714285714,280,Meek's Cutoff (2010),Western,3.179173767479888
34164,3.324915824915825,297,Happy Endings (2005),Comedy|Drama,3.1790895871407088
114392,3.3468992248062017,258,"Homesman, The (2014)",Drama|Western,3.1790589970805154
105468,3.2070871261378415,1538,Cloudy with a Chance of Meatballs 2 (2013),Animation|Children|Comedy|Fantasy,3.1789495806257277
194004,3.2277339346110483,887,Halloween (2018),Horror,3.1789462150014196
253498,3.3309859154929575,284,Fear Street Part Two: 1978 (2021),Horror,3.1787671338339516
127390,3.3058823529411763,340,Family Guy Presents: Blue Harvest (2007),Animation|Comedy,3.1787485237223856
81156,3.216740088105727,1135,Jackass 3D (2010),Action|Comedy|Documentary,3.1786725960113538
53140,3.307462686567164,335,"Librarian: Quest for the Spear, The (2004)",Action|Adventure|Comedy|Fantasy|Romance,3.178566544990774
199219,3.33955223880597,268,I See You (2019),Thriller,3.178496818765937
51412,3.1928595261928594,2997,Next (2007),Action|Sci-Fi|Thriller,3.1784605211559547
2976,3.1890609390609392,4004,Bringing Out the Dead (1999),Drama,3.1782936362529366
77843,3.3053097345132745,339,"Disappearance of Alice Creed, The (2009)",Thriller,3.1782020847424954
8918,3.323232323232323,297,Eulogy (2004),Comedy|Crime|Drama,3.1781736684742867
62434,3.187783318223028,4412,Zack and Miri Make a Porno (2008),Comedy|Drama|Romance,3.17802677715036
27408,3.2927807486631018,374,Ripley's Game (2002),Drama|Thriller,3.177821489195879
3792,3.3351648351648353,273,Duel in the Sun (1946),Drama|Romance|Western,3.177744789461799
76293,3.192764767563789,2861,Date Night (2010),Action|Comedy|Romance,3.177743659159495
3173,3.1871031311583096,4567,Any Given Sunday (1999),Drama,3.177695758969271
1932,3.308868501529052,327,"Great Ziegfeld, The (1936)",Drama|Musical,3.177574241396272
110453,3.2698924731182797,465,Draft Day (2014),Drama,3.177566893990914
91976,3.195152528207271,2393,"Grey, The (2012)",Action|Drama,3.17724554510773
4957,3.2304347826086954,805,Sudden Impact (1983),Crime|Thriller,3.1772132134169393
586,3.178307550219349,34648,Home Alone (1990),Children|Comedy,3.177072032347289
2718,3.1901649548708373,3213,Drop Dead Gorgeous (1999),Comedy,3.1768580853346755
3425,3.2619521912350598,502,Mo' Better Blues (1990),Drama|Musical,3.1768078380877784
221396,3.323024054982818,291,Host (2020),Horror,3.176449352880373
91890,3.2192540322580645,992,"Iron Lady, The (2011)",Drama,3.1762954352648185
3903,3.340466926070039,257,Urbania (2000),Drama,3.1754595881006384
167640,3.21923474663909,967,A Cure for Wellness (2017),Drama|Horror|Mystery|Thriller,3.1753968300190087
1895,3.1870842572062084,3608,Can't Hardly Wait (1998),Comedy|Drama|Romance,3.175339004283262
6797,3.235169491525424,708,Bugsy (1991),Crime|Drama,3.1753213560665827
1629,3.2195121951219514,943,"MatchMaker, The (1997)",Comedy|Romance,3.1747336233074197
26152,3.214971209213052,1042,Batman (1966),Action|Adventure|Comedy,3.1745022895810004
166526,3.2637711864406778,472,The Space Between Us (2016),Adventure|Sci-Fi,3.1744555494799735
5968,3.2886178861788617,369,Miami Blues (1990),Comedy|Crime|Drama,3.1744052526624253
5680,3.232541899441341,716,Auto Focus (2002),Crime|Drama,3.173867764141479
67923,3.1847911741528763,3807,"Fast & Furious (Fast and the Furious 4, The) (2009)",Action|Crime|Drama|Thriller,3.1737629146724804
392,3.3210526315789473,285,"Secret Adventures of Tom Thumb, The (1993)",Adventure|Animation,3.1737497764002867
197343,3.229194187582563,757,Escape Room (2019),Action|Horror|Thriller,3.173739939974265
852,3.177562402852702,10937,Tin Cup (1996),Comedy|Drama|Romance,3.1737245108234577
157200,3.227330779054917,783,Money Monster (2016),Drama|Thriller,3.1737232344414315
68952,3.1874794069192753,3035,Drag Me to Hell (2009),Comedy|Horror,3.1736548024057107
70984,3.279040404040404,396,Taking Woodstock (2009),Comedy,3.173305947619961
6584,3.2444633730834753,587,"What's Up, Tiger Lily? (1966)",Adventure|Comedy|Crime|Thriller,3.173184598181736
7307,3.2979041916167664,334,Flesh & Blood (1985),Action|Adventure|Drama|War,3.172868426179641
3370,3.2967359050445104,337,Betrayed (1988),Drama|Thriller,3.1728366711386125
155874,3.2933526011560694,346,Love & Friendship (2016),Drama|Romance,3.1727433276518964
5125,3.2617521367521367,468,Used Cars (1980),Comedy,3.1726391485843397
54648,3.1873004611564384,2819,Rush Hour 3 (2007),Action|Comedy|Crime|Thriller,3.172517033025885
63479,3.206048387096774,1240,Sex Drive (2008),Comedy,3.1724528212909617
96612,3.275308641975309,405,Compliance (2012),Drama|Thriller,3.1724499244840394
5620,3.1798333031346258,5519,Sweet Home Alabama (2002),Comedy|Romance,3.1722923430746217
3427,3.2789203084832903,389,Coogan's Bluff (1968),Crime,3.1720724339553428
62999,3.184406678592725,3354,Madagascar: Escape 2 Africa (2008),Action|Adventure|Animation|Children|Comedy|IMAX,3.172018375647427
169984,3.1868191721132897,2754,Alien: Covenant (2017),Action|Horror|Sci-Fi|Thriller,3.171755638089884
4994,3.18957345971564,2321,"Majestic, The (2001)",Comedy|Drama|Romance,3.1717051268999237
2885,3.249529190207156,531,Guinevere (1999),Drama|Romance,3.171515586126571
1621,3.2314410480349345,687,Soul Food (1997),Drama,3.1712415916445273
210849,3.3313953488372094,258,The Call of the Wild (2020),Adventure|Children|Drama,3.1711678942989017
40614,3.2138429752066116,968,Derailed (2005),Drama|Thriller,3.1711438948312214
4452,3.207488986784141,1135,Made (2001),Comedy,3.17108534259709
170629,3.260259179265659,463,The Discovery (2017),Drama|Romance|Sci-Fi,3.1710422891137977
224943,3.2272108843537417,735,I Care a Lot (2020),Drama|Thriller,3.171018401890551
6263,3.2016369047619047,1344,Basic (2003),Drama|Thriller|War,3.1709241042250693
8512,3.266899766899767,429,Silent Movie (1976),Comedy,3.17077003336792
44828,3.1979374584165003,1503,Slither (2006),Comedy|Horror|Sci-Fi,3.170537705131636
79946,3.2857142857142856,357,"Joneses, The (2009)",Comedy|Drama,3.1704324238655106
1654,3.2322775263951735,663,FairyTale: A True Story (1997),Children|Drama|Fantasy,3.170265386138955
3156,3.177908298597954,5278,Bicentennial Man (1999),Drama|Romance|Sci-Fi,3.1701252068284416
213892,3.2319277108433737,664,The Hunt (2020),Action|Horror|Thriller,3.170078875692971
55830,3.1856276071293137,2637,Be Kind Rewind (2008),Comedy,3.1700561369486513
2177,3.226832641770401,723,Family Plot (1976),Comedy|Thriller,3.1700432201050655
93270,3.1939197166469895,1694,Project X (2012),Comedy,3.169728244181437
45447,3.1727983008419933,13183,"Da Vinci Code, The (2006)",Drama|Mystery|Thriller,3.169690438852293
79860,3.2835195530726256,358,"Experiment, The (2010)",Drama|Thriller,3.1693277403527977
103299,3.3275193798449614,258,American Mary (2012),Horror|Thriller,3.169195118603498
222011,3.2582056892778994,457,Greenland (2020),Action|Sci-Fi|Thriller,3.168954534098474
1353,3.1873589164785554,2215,"Mirror Has Two Faces, The (1996)",Comedy|Drama|Romance,3.1689455763708403
77795,3.258241758241758,455,Cargo (2009),Sci-Fi,3.1687242585880275
170875,3.1947469570787956,1561,The Fate of the Furious (2017),Action|Crime|Drama|Thriller,3.168664017691648
113573,3.1886374815543532,2033,Sin City: A Dame to Kill For (2014),Action|Crime|Thriller,3.168616068022312
4847,3.274869109947644,382,Fat Girl (À ma soeur!) (2001),Drama,3.168433992106694
6705,3.272378516624041,391,Party Monster (2003),Comedy|Crime|Drama|Thriller,3.168409135208803
72694,3.327450980392157,255,Shrink (2009),Drama,3.1682179115302898
72131,3.275,380,Michael Jackson's This Is It (2009),Documentary|Musical|IMAX,3.168174599491355
136598,3.212555066079295,908,Vacation (2015),Adventure|Comedy,3.167918580361408
132046,3.181976947258121,2863,Tomorrowland (2015),Action|Adventure|Children|Mystery|Sci-Fi,3.1678283381921375
27808,3.178982860354032,3559,Spanglish (2004),Comedy|Drama|Romance,3.16761601029967
808,3.2162650602409637,830,Alaska (1996),Adventure|Children,3.1675456535546513
3978,3.1791173925584078,3467,"Legend of Bagger Vance, The (2000)",Drama|Romance,3.16746010539038
6638,3.2421441774491684,541,Valley Girl (1983),Comedy|Romance,3.1674452533486686
204352,3.1870451237263464,2061,Ad Astra (2019),Adventure|Drama|Mystery|Sci-Fi|Thriller,3.1674379867613807
66198,3.203291814946619,1124,"International, The (2009)",Drama|Thriller,3.1673574226965644
91842,3.2161016949152543,826,Contraband (2012),Action|Crime|Drama|Thriller,3.167238818141328
94677,3.175903614457831,4565,"Dictator, The (2012)",Comedy,3.167071398579138
3790,3.302013422818792,298,Groove (2000),Drama,3.166876953044639
2901,3.1851683348498634,2198,Phantasm (1979),Horror|Sci-Fi,3.1668498939965315
2376,3.1763657957244655,4210,"View to a Kill, A (1985)",Action|Adventure|Thriller,3.1668045943214946
74688,3.19935170178282,1234,Dear John (2010),Drama|Romance|War,3.1667442212017756
193952,3.303754266211604,293,Hunter Killer (2018),Action,3.166571333493473
8908,3.2045454545454546,1056,Ladder 49 (2004),Action|Drama|Thriller,3.166499352916019
1404,3.225854383358098,673,Night Falls on Manhattan (1996),Crime|Drama,3.1662490569694253
4214,3.176769025367156,3745,Revenge of the Nerds (1984),Comedy,3.166069507403819
78469,3.1755102040816325,4165,"A-Team, The (2010)",Action|Comedy|Thriller,3.1658997724506928
4992,3.1744929453262785,4536,Kate & Leopold (2001),Comedy|Romance,3.1656805796610406
149352,3.200261780104712,1146,Daddy's Home (2015),Comedy,3.165434802222463
65193,3.245,500,Wild Child (2008),Drama|Romance,3.1652623923355763
4821,3.1910807291666665,1536,Joy Ride (2001),Adventure|Thriller,3.1651437086784204
4774,3.2218259629101285,701,Big Trouble (2002),Comedy|Crime,3.16503316730194
4473,3.2777777777777777,351,Bat*21 (1988),Drama|War,3.1646357819971875
3643,3.2993197278911564,294,"Fighting Seabees, The (1944)",Action|Drama|War,3.164422555940529
2661,3.2324185248713553,583,It Came from Outer Space (1953),Sci-Fi,3.164400776078992
4681,3.180722891566265,2407,"War of the Roses, The (1989)",Comedy|Drama,3.1642625873037815
5397,3.2884012539184955,319,Monkey Business (1952),Comedy|Sci-Fi,3.164227866913388
157268,3.3083941605839415,274,Don't Think Twice (2016),Comedy|Drama,3.1640179874165484
4441,3.272727272727273,363,Game of Death (1978),Action,3.1638584827914906
7646,3.237781954887218,532,Rose Red (2002),Horror|Mystery|Thriller,3.163612505596252
7024,3.2080045095828638,887,"Salo, or The 120 Days of Sodom (Salò o le 120 giornate di Sodoma) (1976)",Drama,3.163539929236828
8862,3.2989690721649483,291,Criminal (2004),Comedy|Drama,3.1634839889240842
6709,3.1715747702589807,4788,Once Upon a Time in Mexico (2003),Action|Adventure|Crime|Thriller,3.163347496599121
8866,3.1842528119978577,1867,Wimbledon (2004),Comedy|Romance,3.1631764287632276
80615,3.1921091445427727,1356,Legend of the Guardians: The Owls of Ga'Hoole (2010),Adventure|Animation|Fantasy|IMAX,3.163103623665096
5640,3.258495145631068,412,"Godzilla, King of the Monsters! (Kaijû-ô Gojira) (1956)",Horror|Sci-Fi,3.1630579597822863
122924,3.171350095077118,4733,X-Men: Apocalypse (2016),Action|Adventure|Fantasy|Sci-Fi,3.163043217571632
109483,3.2145669291338583,762,That Awkward Moment (2014),Comedy|Romance,3.162988431714426
6392,3.293046357615894,302,"Man Called Horse, A (1970)",Adventure|Drama|Western,3.162942467998027
1498,3.1941553242594076,1249,Inventing the Abbotts (1997),Drama|Romance,3.162737836718147
59143,3.2523041474654377,434,Super High Me (2007),Comedy|Documentary,3.162197987436101
8800,3.21875,688,Code 46 (2003),Romance|Sci-Fi,3.161986343921564
748,3.168896022828607,5607,"Arrival, The (1996)",Action|Sci-Fi|Thriller,3.161933264847438
4570,3.2857142857142856,315,"Big Picture, The (1989)",Comedy|Drama,3.1618460819650878
168288,3.2553956834532376,417,The Belko Experiment (2017),Action|Horror|Thriller,3.161833617089823
84374,3.174750830564784,3010,No Strings Attached (2011),Comedy|Romance,3.161792324287371
69746,3.2892156862745097,306,Watchmen: Tales of the Black Freighter (2009),Action|Adventure|Animation|Horror,3.1617678962337594
272135,3.2737752161383287,347,Bodies Bodies Bodies (2022),Comedy|Horror|Thriller,3.161545570767097
205048,3.290969899665552,299,21 Bridges (2019),Action|Crime|Thriller,3.1610969257530814
135426,3.1781277728482697,2254,Fantastic Beasts and Where to Find Them 2 (2018),(no genres listed),3.160919335818496
90522,3.182968929804373,1738,Johnny English Reborn (2011),Adventure|Comedy|Thriller,3.160684989491224
2165,3.199009900990099,1010,Your Friends and Neighbors (1998),Comedy|Drama,3.1606680479943705
5283,3.172858942065491,3176,National Lampoon's Van Wilder (2002),Comedy,3.1606660064878134
39444,3.181121099947118,1891,"Weather Man, The (2005)",Comedy|Drama,3.1606453598860287
4360,3.314741035856574,251,There's No Business Like Show Business (1954),Musical,3.1605621236649597
51037,3.2542372881355934,413,Unknown (2006),Drama|Mystery|Thriller,3.160545408098071
72731,3.183876811594203,1656,"Lovely Bones, The (2009)",Crime|Drama|Fantasy|Horror|Thriller,3.16051499061374
2469,3.17027027027027,3885,Peggy Sue Got Married (1986),Comedy|Drama,3.160324392370428
3040,3.1776878092667564,2223,Meatballs (1979),Comedy,3.160307862623938
281208,3.3117647058823527,255,Violent Night (2022),Action|Comedy,3.1602798285773233
998,3.204209328782708,879,Set It Off (1996),Action|Crime,3.1602668726129206
2649,3.248853211009174,436,Son of Frankenstein (1939),Horror,3.1602642803622616
81537,3.1718891232298887,3319,Due Date (2010),Comedy,3.1602525310743332
3893,3.1678214795190542,4907,Nurse Betty (2000),Comedy|Crime|Drama|Romance|Thriller,3.1599652835819376
117895,3.173458540042523,2822,Maze Runner: Scorch Trials (2015),Action|Thriller,3.1598114577550924
1479,3.164192738068052,8758,"Saint, The (1997)",Action|Romance|Sci-Fi|Thriller,3.15979582382619
4474,3.1851485148514853,1515,Beaches (1988),Comedy|Drama|Musical,3.1597397843529187
115824,3.2974910394265233,279,Mr. Turner (2014),Drama,3.159623045311826
5568,3.2109479305740987,749,Johnny Dangerously (1984),Comedy,3.159600165968647
6782,3.2701149425287355,348,Leningrad Cowboys Go America (1989),Comedy|Musical,3.1595996073381016
42002,3.191225165562914,1208,"Producers, The (2005)",Comedy|Musical,3.1594241235638085
96693,3.246590909090909,440,Trouble with the Curve (2012),Drama,3.1593337285819616
155064,3.1923076923076925,1157,The Neon Demon (2016),Drama|Horror|Mystery,3.1591613952771276
8939,3.2,935,"Final Cut, The (2004)",Sci-Fi|Thriller,3.1590210369288902
180987,3.245995423340961,437,Ferdinand (2017),Animation|Children|Comedy,3.158572686426758
36519,3.1689693285437968,3619,Transporter 2 (2005),Action|Crime|Thriller,3.1584231768194924
90576,3.2082785808147176,761,What's Your Number? (2011),Comedy|Romance,3.1581988371325016
3115,3.210860366713681,709,Flawless (1999),Drama,3.1573911740475133
2104,3.2788461538461537,312,Tex (1982),Drama,3.157363176359624
207309,3.2788461538461537,312,Fractured (2019),Thriller,3.157363176359624
8045,3.2318271119842827,509,Hamburger Hill (1987),Action|Drama|War,3.157362456287258
113188,3.2572944297082227,377,"Rover, The (2014)",Crime|Drama,3.156997931970144
117590,3.1751807228915663,2075,Horrible Bosses 2 (2014),Comedy|Crime,3.156962436258063
55282,3.17051605918441,2771,30 Days of Night (2007),Horror|Thriller,3.1568810244114416
4872,3.3051181102362204,254,Intimacy (2000),Drama,3.1566216059258565
5033,3.2376344086021507,465,"Russia House, The (1990)",Drama|Thriller,3.156555547864005
166558,3.207482993197279,735,Underworld: Blood Wars (2016),Action|Horror,3.156281131842782
165699,3.2348008385744236,477,Angel Has Fallen,Action|Thriller,3.1560338967076915
86298,3.1683022571148185,3057,Rio (2011),Adventure|Animation|Children|Comedy,3.156013492731212
5881,3.165222772277228,4040,Solaris (2002),Drama|Romance|Sci-Fi,3.1559292605610096
174395,3.2747603833865813,313,Better Watch Out (2016),Thriller,3.1553034447768518
2431,3.160026041666667,7680,Patch Adams (1998),Comedy|Drama,3.155162129125114
164200,3.2077464788732395,710,Storks (2016),Animation|Children|Comedy,3.155141313609462
40946,3.2279843444227008,511,Sarah Silverman: Jesus Is Magic (2005),Comedy|Musical,3.1549743461246393
4296,3.1875551632833186,1133,Love Story (1970),Drama|Romance,3.1546892001013918
2605,3.158256399496433,9532,Entrapment (1999),Crime|Thriller,3.1543584951916603
5009,3.1694741166803615,2434,Ali (2001),Drama,3.154223044325213
5282,3.18890977443609,1064,High Crimes (2002),Thriller,3.1540597194151214
1114,3.2271825396825395,504,"Funeral, The (1996)",Crime|Drama,3.1537588067739577
34048,3.1564199231494237,13793,War of the Worlds (2005),Action|Adventure|Sci-Fi|Thriller,3.1537373863665255
57147,3.2186948853615522,567,Cassandra's Dream (2007),Crime|Drama|Thriller,3.153529851231907
320,3.2678018575851393,323,Suture (1993),Film-Noir|Thriller,3.1534621535585123
1024,3.18232044198895,1267,"Three Caballeros, The (1945)",Animation|Children|Musical,3.153219213417846
4947,3.2232824427480917,524,"Gauntlet, The (1977)",Action,3.1530146275328157
225970,3.229253112033195,482,Mank (2020),Drama,3.1529142230402423
1658,3.1715736040609137,1970,"Life Less Ordinary, A (1997)",Romance|Thriller,3.152897834792065
103801,3.21107544141252,623,Drinking Buddies (2013),Comedy|Drama|Romance,3.152270909072271
88672,3.191005291005291,945,Our Idiot Brother (2011),Comedy,3.1522447488232794
1454,3.1964933494558645,827,SubUrbia (1997),Comedy|Drama,3.152212106720061
72167,3.1848214285714285,1120,"Boondock Saints II: All Saints Day, The (2009)",Action|Crime|Drama|Thriller,3.152140408810076
1113,3.1854395604395602,1092,"Associate, The (1996)",Comedy,3.151961373420921
2283,3.220149253731343,536,"Sheltering Sky, The (1990)",Drama,3.1519493000638468
4591,3.209448818897638,635,Erik the Viking (1989),Adventure|Comedy|Fantasy,3.1519006738546365
52668,3.2392344497607657,418,In the Land of Women (2007),Comedy|Drama|Romance,3.1518443629031534
54787,3.216696269982238,563,Death Sentence (2007),Drama|Thriller,3.1518228915138726
47254,3.2245508982035926,501,Chaos (2005),Action|Crime|Drama|Thriller,3.1517069017470503
145935,3.2119205298013247,604,"Peanuts Movie, The (2015)",Adventure|Animation|Children|Comedy,3.1515593922149296
4496,3.210912052117264,614,D.O.A. (1988),Film-Noir|Mystery|Thriller,3.15154132068619
165103,3.213197969543147,591,Keeping Up with the Joneses (2016),Comedy,3.1515239976427116
272407,3.2926356589147288,258,The Bad Guys (2022),Action|Animation|Children|Comedy|Crime,3.1514401373448675
109846,3.1979565772669223,783,Mr. Peabody & Sherman (2014),Adventure|Animation|Comedy,3.1514342529509767
141924,3.2971887550200805,249,The Lady in the Van (2015),Drama,3.151164903836339
65465,3.2460526315789475,380,Last Chance Harvey (2008),Drama|Romance,3.1506837424393597
74156,3.192218350754936,861,Edge of Darkness (2010),Drama|Thriller,3.150252280043349
4578,3.2235772357723578,492,Chances Are (1989),Comedy|Romance,3.1501754698611326
8974,3.1707736389684813,1745,"SpongeBob SquarePants Movie, The (2004)",Adventure|Animation|Children|Comedy,3.15009027815844
242774,3.1721566190180237,1609,Black Widow (2021),Action|Adventure|Drama|Thriller,3.149773941342437
6798,3.245967741935484,372,Bugsy Malone (1976),Children|Comedy|Crime|Musical,3.149404099887443
335,3.237163814180929,409,Underneath (1995),Mystery|Thriller,3.149361613649663
68659,3.1945843828715366,794,Fanboys (2009),Adventure|Comedy|Drama,3.149357566037121
89761,3.183980582524272,1030,"Dangerous Method, A (2011)",Drama|Thriller,3.149163347892809
47937,3.222792607802875,487,Severance (2006),Comedy|Horror|Thriller,3.1491575018618194
173291,3.1658139534883722,2150,Valerian and the City of a Thousand Planets (2017),Action|Adventure|Sci-Fi,3.14913710684902
89840,3.190614136732329,863,Killer Elite (2011),Action|Thriller,3.149082656372078
179247,3.2544117647058823,340,Revenge (2017),Action|Thriller,3.149032103277489
95543,3.1645458534444932,2279,Ice Age 4: Continental Drift (2012),Adventure|Animation|Comedy,3.1488448932394926
60126,3.156491831470335,4652,Get Smart (2008),Action|Comedy,3.14880226195599
38600,3.2636655948553055,311,Factotum (2005),Drama,3.148714066119152
2084,3.1793991416309013,1165,Newsies (1992),Children|Musical,3.148712784228102
2250,3.237562189054726,402,Men Don't Leave (1990),Drama,3.1486633977878524
52375,3.2459016393442623,366,"Hoax, The (2007)",Crime|Drama,3.1484225168647146
188383,3.264705882352941,306,Time Trap (2017),Action|Adventure|Sci-Fi,3.1482519474141526
65868,3.2167630057803467,519,Repo! The Genetic Opera (2008),Fantasy|Horror|Musical,3.1481508082043406
81791,3.2102966841186737,573,Somewhere (2010),Drama,3.148150633434862
87298,3.1923076923076925,806,Everything Must Go (2010),Comedy|Drama,3.1481325297375236
6592,3.256880733944954,327,"Secret Lives of Dentists, The (2002)",Drama,3.148055227678613
106330,3.193138500635324,787,Last Vegas (2013),Comedy|Drama|Romance,3.1479534758375456
270,3.1750764525993884,1308,Love Affair (1994),Drama|Romance,3.147899676035785
328,3.161526599845798,2594,Tales from the Crypt Presents: Demon Knight (1995),Horror|Thriller,3.1478296829364782
2714,3.205357142857143,616,"Wood, The (1999)",Drama,3.1477222865303656
3998,3.160674981658107,2726,Proof of Life (2000),Drama,3.1476570659921723
1902,3.2708333333333335,288,Dream for an Insomniac (1996),Drama|Romance,3.1476345792887193
4285,3.1842105263157894,969,Frankie and Johnny (1991),Comedy|Romance,3.1476024350275993
4585,3.2136194029850746,536,"Dream Team, The (1989)",Comedy,3.1474901332910097
3514,3.2862745098039214,255,Joe Gould's Secret (2000),Drama,3.1473804437787525
203,3.153504880212955,5635,"To Wong Foo, Thanks for Everything! Julie Newmar (1995)",Comedy,3.147226330430516
4543,3.252994011976048,334,Shoot to Kill (1988),Action|Adventure,3.1471350242239033
106195,3.2813688212927756,263,How I Live Now (2013),Action|Drama|Thriller,3.147030681031673
254460,3.196629213483146,712,Jungle Cruise (2021),Adventure|Children|Comedy|Fantasy,3.1470132226247407
1496,3.243801652892562,363,Anna Karenina (1997),Drama|Romance,3.1466988161792995
2146,3.156614509246088,3515,St. Elmo's Fire (1985),Drama|Romance,3.146593959887381
90914,3.2769516728624537,269,"Devil's Double, The (2011)",Action|Drama,3.1462927314541673
5265,3.16080298013245,2416,Death to Smoochy (2002),Comedy|Crime|Drama,3.146258773545016
184023,3.2219827586206895,464,Unsane (2018),Drama|Horror,3.14625474206777
80398,3.2450704225352114,355,22 Bullets (L'immortel) (2010),Action|Crime|Thriller,3.14615831366139
93363,3.1557671081677703,3624,John Carter (2012),Action|Adventure|Sci-Fi|IMAX,3.1460830400010615
1416,3.1526206636500755,5304,Evita (1996),Drama|Musical,3.1460074925930797
8119,3.2634228187919465,298,Crossroads (1986),Drama,3.145849342878247
78,3.1736883942766294,1258,"Crossing Guard, The (1995)",Action|Crime|Drama|Thriller,3.1458391436857878
129937,3.190967741935484,775,Run All Night (2015),Action|Crime|Drama|Thriller,3.1457808434613863
1858,3.1696245733788397,1465,Mr. Nice Guy (Yat goh ho yan) (1997),Action|Comedy,3.14572904231292
2271,3.2078152753108347,563,Permanent Midnight (1998),Drama,3.1456644976229993
537,3.155668604651163,3440,Sirens (1994),Drama,3.1455081475833215
6367,3.1615952051636698,2169,Down with Love (2003),Comedy|Romance,3.1454836865131366
365,3.1638566912539514,1898,Little Buddha (1993),Drama,3.145449255028233
4054,3.1540473225404733,4015,Save the Last Dance (2001),Drama|Romance,3.145351674668757
166486,3.196064139941691,686,Jackie (2016),Drama,3.145218745983649
216937,3.2356770833333335,384,Da 5 Bloods (2020),Drama|War,3.144991318723516
5684,3.2686832740213525,281,Naqoyqatsi (2002),Documentary,3.144866966635428
4277,3.234536082474227,388,"Lost World, The (1925)",Adventure|Sci-Fi,3.1448657648298215
114246,3.1896774193548385,775,"Walk Among the Tombstones, A (2014)",Action|Crime|Mystery|Thriller,3.14480418558464
375,3.281496062992126,254,Safe Passage (1994),Drama,3.144690804573699
104925,3.1898569570871262,769,"Family, The (2013)",Action|Comedy|Crime,3.1446753174379736
6548,3.150354370570368,5926,Bad Boys II (2003),Action|Comedy|Crime|Thriller,3.144498697245318
225165,3.280392156862745,255,His House (2020),Horror|Thriller,3.1444036626713894
185473,3.1976923076923076,650,Blockers (2018),Comedy,3.144359779308169
1727,3.1586638830897704,2395,"Horse Whisperer, The (1998)",Drama|Romance,3.144205531835589
165105,3.214430894308943,492,Ouija: Origin of Evil (2016),Horror|Thriller,3.144101775705376
294,3.184988179669031,846,"Perez Family, The (1995)",Comedy|Romance,3.1440907896795265
2470,3.14658502806327,13719,Crocodile Dundee (1986),Adventure|Comedy,3.1440635317850294
161348,3.2628865979381443,291,The Love Witch (2016),Drama|Horror|Thriller,3.1440359429896523
3426,3.1738567730802414,1159,Jungle Fever (1991),Drama|Romance,3.1440194656013305
47970,3.1938040345821324,694,"Last Kiss, The (2006)",Comedy|Drama,3.1439866429315018
6345,3.20817843866171,538,"Chorus Line, A (1985)",Comedy|Drama|Musical,3.1439382458001184
3638,3.1500626006081203,5591,Moonraker (1979),Action|Adventure|Sci-Fi|Thriller,3.1438834578708734
78209,3.154505076142132,3152,Get Him to the Greek (2010),Comedy,3.143569350942431
1614,3.1506149676881385,4797,In & Out (1997),Comedy,3.1434362562912685
5667,3.1820224719101122,890,Tuck Everlasting (2002),Drama|Fantasy,3.1433532405128752
2440,3.231958762886598,388,Another Day in Paradise (1998),Drama,3.1432956596327735
23,3.1504133983464064,4717,Assassins (1995),Action|Crime|Thriller,3.1431291418715865
96467,3.275,260,Sleepwalk with Me (2012),Comedy|Drama,3.1429848803696467
72294,3.166782487838777,1439,"Christmas Carol, A (2009)",Animation|Children|Drama|Fantasy|IMAX,3.14293797358855
1377,3.145099153719843,15834,Batman Returns (1992),Action|Crime,3.142932245156042
55729,3.2363387978142075,366,King of California (2007),Comedy,3.142730534428546
304,3.1892265193370166,724,Roommates (1995),Comedy|Drama,3.142116358947593
2405,3.1471153846153848,6760,"Jewel of the Nile, The (1985)",Action|Adventure|Comedy|Romance,3.1420715098831646
835,3.1764408493427703,989,Foxfire (1996),Drama,3.141986433169168
5951,3.246177370030581,327,Morvern Callar (2002),Drama,3.141977783677919
53138,3.26140350877193,285,"Librarian: Return to King Solomon's Mines, The (2006)",Action|Adventure|Fantasy,3.141908607642093
51174,3.2567567567567566,296,Factory Girl (2006),Drama,3.1417966702516305
359,3.2654545454545456,275,I Like It Like That (1994),Comedy|Drama|Romance,3.141754162283095
77866,3.1522748375116065,3231,Robin Hood (2010),Action|Adventure|Drama|Romance|War,3.141746890893449
59604,3.243283582089552,335,"Girl Next Door, The (2007)",Crime|Drama|Horror|Thriller,3.1417451714679108
2780,3.206273764258555,526,"Raven, The (1963)",Comedy|Horror,3.1416505428056696
95875,3.150218452839887,3891,Total Recall (2012),Action|Sci-Fi|Thriller,3.14149254948673
32031,3.1490384615384617,4368,Robots (2005),Adventure|Animation|Children|Comedy|Fantasy|Sci-Fi|IMAX,3.141277698373392
282147,3.2158590308370045,454,M3GAN (2023),Horror|Sci-Fi|Thriller,3.1412220879500827
72176,3.272373540856031,257,Big Fan (2009),Comedy|Crime|Drama,3.140867771536101
98373,3.235294117647059,357,Step Up Revolution (2012),Musical,3.140724551279276
52321,3.2597173144876326,283,Seraphim Falls (2006),Action|Adventure|Drama|War|Western,3.1405621463059097
65882,3.196969696969697,594,"Uninvited, The (2009)",Drama|Horror|Mystery|Thriller,3.140307279179159
4786,3.230458221024259,371,"Legend of Hell House, The (1973)",Horror|Thriller,3.1399661326344788
2639,3.164615384615385,1300,Mommie Dearest (1981),Drama,3.1389792792434075
276897,3.2269129287598943,379,Don't Worry Darling (2022),Drama|Horror|Mystery|Thriller,3.138979145755874
160567,3.1829590488771466,757,Mike & Dave Need Wedding Dates (2016),Comedy,3.138945228770368
7444,3.143575174825175,6864,13 Going on 30 (2004),Comedy|Fantasy|Romance,3.1387289299188956
2151,3.1584569732937684,1685,"Gods Must Be Crazy II, The (1989)",Comedy,3.138717103066401
64030,3.1525565800502933,2386,Transporter 3 (2008),Action|Adventure|Crime|Thriller,3.138625756431027
3701,3.152128978916908,2419,Alien Nation (1988),Crime|Drama|Sci-Fi|Thriller,3.1384103623149713
108156,3.1799746514575413,789,Ride Along (2014),Action|Comedy,3.138033534656627
27584,3.228142076502732,366,Dead End (2003),Comedy|Horror|Mystery|Thriller,3.1378516923404023
32598,3.161028893587033,1419,Fever Pitch (2005),Comedy|Romance,3.13775706314534
62792,3.2051020408163264,490,Pride and Glory (2008),Crime|Drama,3.137725004222646
63853,3.1584065244667503,1594,Australia (2008),Adventure|Drama|War|Western,3.13769873873792
79139,3.148991655076495,2876,"Sorcerer's Apprentice, The (2010)",Action|Adventure|Children|Comedy|Fantasy,3.1375292027329236
4035,3.2332361516034984,343,"Claim, The (2000)",Romance|Western,3.1372951607030126
115216,3.2623574144486693,263,"Salvation, The (2014)",Drama|Western,3.137263148310438
99574,3.2526315789473683,285,Promised Land (2012),Drama,3.137226082824711
786,3.1391211579493685,17341,Eraser (1996),Action|Drama|Thriller,3.137224487098853
3,3.1394472361809047,13134,Grumpier Old Men (1995),Comedy|Romance,3.1369482702269402
3861,3.146528803545052,3385,"Replacements, The (2000)",Comedy,3.136840586042575
7178,3.1821329639889195,722,"Great Gatsby, The (1974)",Drama,3.136744263693597
99728,3.1628184713375798,1256,Gangster Squad (2013),Action|Crime|Drama,3.136730019017951
188541,3.250871080139373,287,Cargo (2017),Drama|Horror,3.136713949654998
5437,3.2191435768261965,397,"Manhattan Project, The (1986)",Comedy|Sci-Fi|Thriller,3.136654289549641
68319,3.139561196379378,10164,X-Men Origins: Wolverine (2009),Action|Sci-Fi|Thriller,3.1363467435219885
4617,3.262645914396887,257,Let It Ride (1989),Comedy,3.1359260834554523
33834,3.15359477124183,1836,Land of the Dead (2005),Action|Horror|Thriller,3.135865032193445
279182,3.2072368421052633,456,Smile (2022),Horror,3.135856157781406
151315,3.2220744680851063,376,Ride Along 2 (2016),Action|Comedy,3.1356457123061503
3128,3.240322580645161,310,"Map of the World, A (1999)",Drama,3.1355609332977514
1385,3.14010989010989,7098,Under Siege (1992),Action|Drama|Thriller,3.1355353966462203
192381,3.199604743083004,506,Apostle (2018),Horror|Thriller,3.1354682813884134
53921,3.2308823529411765,340,"Mighty Heart, A (2007)",Drama|Thriller,3.13544745393125
1821,3.154113557358053,1726,"Object of My Affection, The (1998)",Comedy|Romance,3.135330905676294
287,3.2346625766871164,326,Nina Takes a Lover (1994),Comedy|Romance,3.135267012732846
96815,3.173325499412456,851,V/H/S (2012),Horror|Thriller,3.1352532099464616
2128,3.2607003891050583,257,Safe Men (1998),Comedy,3.1349377458393226
2554,3.175984752223634,787,Children of the Damned (1963),Horror|Sci-Fi|Thriller,3.134921329877511
2590,3.1863057324840764,628,Hideous Kinky (1998),Drama,3.134867152035709
94558,3.234567901234568,324,Beyond the Black Rainbow (2010),Mystery|Sci-Fi,3.134866478652668
3906,3.1927927927927926,555,Under Suspicion (2000),Crime|Thriller,3.1346747177759835
130490,3.1444860980943456,3201,Insurgent (2015),Action|Sci-Fi|Thriller,3.134428535789476
4709,3.185990338164251,621,Paint Your Wagon (1969),Comedy|Musical|Western,3.134228078652849
49314,3.198207171314741,502,Harsh Times (2006),Action|Crime|Drama,3.134192310054752
2766,3.2518382352941178,272,"Adventures of Sebastian Cole, The (1998)",Comedy|Drama,3.1339316675371727
63826,3.2043956043956046,455,Splinter (2008),Action|Horror|Thriller,3.133918178178879
93326,3.1522740356937247,1737,This Means War (2012),Action|Comedy|Romance,3.1338259759404363
55288,3.2547169811320753,265,Reservation Road (2007),Drama|Thriller,3.133810090718259
122884,3.1776406035665294,729,Insidious: Chapter 3 (2015),Fantasy|Horror|Thriller,3.1337202225382077
55999,3.1643700787401574,1016,Mr. Magorium's Wonder Emporium (2007),Children|Comedy|Fantasy,3.133026330634922
280100,3.2320872274143304,321,The Guardians of the Galaxy Holiday Special (2022),Adventure|Comedy|Sci-Fi,3.1329443860679302
39419,3.2251461988304095,342,Where the Truth Lies (2005),Drama|Thriller,3.1324505087495575
204694,3.226865671641791,335,Spies in Disguise (2019),Action|Adventure|Animation,3.1323257503341555
139417,3.2490774907749076,271,Tale of Tales (2015),Fantasy,3.1322658311600566
4534,3.2413793103448274,290,Return to Snowy River (a.k.a. The Man From Snowy River II) (1988),Adventure|Drama|Western,3.1322416136947733
1009,3.143853211009174,2725,Escape to Witch Mountain (1975),Adventure|Children|Fantasy,3.1322388128787497
56949,3.1392865257895934,4401,27 Dresses (2008),Comedy|Romance,3.132102842129963
190741,3.2490706319702602,269,Summer of 84 (2018),Drama|Horror|Mystery|Thriller,3.131811171307421
5944,3.1377305533279873,4988,Star Trek: Nemesis (2002),Action|Drama|Sci-Fi|Thriller,3.131426035559227
52462,3.2024886877828056,442,Aqua Teen Hunger Force Colon Movie Film for Theaters (2007),Action|Adventure|Animation|Comedy|Fantasy|Mystery|Sci-Fi,3.1313721314518936
5499,3.2133507853403143,382,Robin and Marian (1976),Adventure|Drama|Romance,3.1311856167698737
7029,3.2160326086956523,368,Rabid (1977),Horror|Thriller,3.130920741805987
5134,3.196842105263158,475,Mean Machine (2001),Comedy|Drama,3.1309089730903628
5011,3.2164383561643834,365,Charlotte Gray (2001),Drama|Romance,3.130746059000022
69805,3.251937984496124,258,"Librarian, The: The Curse of the Judas Chalice (2008)",Action|Adventure|Fantasy,3.130725992543132
5522,3.160323501427212,1051,Rollerball (1975),Action|Drama|Sci-Fi,3.130598511901003
7305,3.2204610951008648,347,Black Widow (1987),Crime|Drama|Mystery|Thriller,3.1305000933379983
4135,3.175108538350217,691,"Monster Squad, The (1987)",Adventure|Comedy|Horror,3.1300829935313477
102720,3.1602941176470587,1020,Epic (2013),Adventure|Animation|Fantasy,3.1298486922689834
205054,3.1755162241887906,678,Hustlers (2019),Comedy|Crime|Drama,3.1297497093754596
170957,3.1653272101033294,871,Cars 3 (2017),Adventure|Animation|Comedy,3.1297124793464715
5390,3.2462406015037595,266,CQ (2001),Drama,3.1296659654692434
4189,3.2462406015037595,266,"Greatest Story Ever Told, The (1965)",Drama,3.1296659654692434
5214,3.161795407098121,958,"Oh, God! (1977)",Comedy|Fantasy,3.1294763490099538
95105,3.14548755186722,1928,Madagascar 3: Europe's Most Wanted (2012),Adventure|Animation|Children|Comedy|IMAX,3.129434060186556
99117,3.1553480475382005,1178,This Is 40 (2012),Drama,3.1291365937487656
96857,3.1981981981981984,444,Red Lights (2012),Drama|Mystery|Thriller,3.1288281218359266
1918,3.131701056372791,10129,Lethal Weapon 4 (1998),Action|Comedy|Crime|Thriller,3.1286642775147295
5981,3.1984126984126986,441,"Day of the Triffids, The (1962)",Horror|Sci-Fi,3.1286635825773494
1627,3.139355992844365,2795,U Turn (1997),Crime|Drama|Mystery,3.128376426827463
99470,3.2236024844720497,322,"Collection, The (2012)",Action|Horror|Thriller,3.128332467367513
89030,3.158333333333333,1020,Fright Night (2011),Comedy|Horror,3.1282725239342053
4670,3.1939655172413794,464,"Stepfather, The (1987)",Horror|Thriller,3.1280193654371065
5254,3.1314754856614244,8648,Blade II (2002),Action|Horror|Thriller,3.127939507650992
1943,3.181184668989547,574,"Greatest Show on Earth, The (1952)",Drama,3.1279195596307123
80222,3.1941431670281997,461,Step Up 3D (2010),Drama|Romance,3.127856043978185
4498,3.153452685421995,1173,"Dead Pool, The (1988)",Action|Crime|Thriller,3.127480839454331
2506,3.148705388383485,1429,"Other Sister, The (1999)",Comedy|Drama|Romance,3.1274003251803526
4414,3.2334494773519165,287,X: The Man with the X-Ray Eyes (1963),Sci-Fi|Thriller,3.1273838507559497
458,3.1554116558741905,1081,Geronimo: An American Legend (1993),Drama|Western,3.127276491179873
74916,3.172932330827068,665,Greenberg (2010),Comedy|Drama,3.1272185202102127
95441,3.1307619386183196,8439,Ted (2012),Comedy|Fantasy,3.1271613399809057
238,3.1625730994152046,855,Far From Home: The Adventures of Yellow Dog (1995),Adventure|Children,3.127063144868297
4169,3.2183734939759034,332,Blow Dry (a.k.a. Never Better) (2001),Comedy,3.1269840000346245
2826,3.1304399952044117,8341,"13th Warrior, The (1999)",Action|Adventure|Fantasy,3.1268076468433987
120474,3.2166172106824926,337,Toy Story That Time Forgot (2014),Animation|Children,3.1267537218298576
2772,3.1406537753222836,2172,Detroit Rock City (1999),Comedy,3.1267152735016372
3308,3.1523404255319147,1175,"Flamingo Kid, The (1984)",Comedy|Drama,3.126599484247569
113103,3.2450980392156863,255,Step Up All In (2014),Drama|Musical|Romance,3.1265429760272143
37727,3.1357798165137614,3270,Flightplan (2005),Action|Drama|Thriller,3.1265352825087707
110407,3.1908315565031984,469,"Machine, The (2013)",Sci-Fi|Thriller,3.1264312656639
5159,3.1451204055766793,1578,Ferngully: The Last Rainforest (1992),Animation|Children|Comedy|Musical,3.1260413846516575
53326,3.224590163934426,305,Them (Ils) (2006),Horror,3.1259523481135827
258929,3.1913043478260867,460,The Guilty (2021),Crime|Drama|Thriller,3.125920448046429
128512,3.154888673765731,1033,Paper Towns (2015),Drama|Mystery|Romance,3.1258015489664666
4782,3.1876288659793817,485,Sidewalks of New York (2001),Comedy|Romance,3.1257187704320937
7976,3.192222222222222,450,Ken Park (2002),Drama,3.1255759130349308
30793,3.1273129291283603,17186,Charlie and the Chocolate Factory (2005),Adventure|Children|Comedy|Fantasy|IMAX,3.1255679703135733
89343,3.1688500727802036,687,Red State (2011),Action|Crime|Horror|Thriller,3.1252965120420058
104241,3.13468809073724,3174,Kick-Ass 2 (2013),Action|Comedy|Crime,3.1252636669549547
8833,3.167372881355932,708,Vanity Fair (2004),Drama|Romance,3.1251593746683177
4065,3.2296819787985864,283,Foxy Brown (1974),Action|Crime|Drama,3.124581698853381
101577,3.153031761308951,1039,"Host, The (2013)",Action|Adventure|Romance,3.1244390136036286
695,3.1591981132075473,848,True Crime (1996),Mystery|Thriller,3.1242273731608297
101137,3.2142857142857144,329,Dead Man Down (2013),Action|Crime|Drama|Romance|Thriller,3.12418239422065
34332,3.1391569324530217,1969,Sky High (2005),Action|Adventure|Children|Comedy,3.124110647738903
5361,3.1811175337186897,519,White Fang (1991),Adventure,3.124059129600356
4690,3.171774193548387,620,"Cotton Club, The (1984)",Crime|Musical,3.1240246353091425
1003,3.141656662665066,1666,Extreme Measures (1996),Drama|Thriller,3.123904645475019
2201,3.228723404255319,282,"Paradine Case, The (1947)",Drama,3.1238745632324605
48322,3.137587006960557,2155,Jackass Number Two (2006),Comedy|Documentary,3.1238674677066904
4084,3.129331335456078,5339,Beverly Hills Cop II (1987),Action|Comedy|Crime|Thriller,3.1237969551388023
511,3.141291469194313,1688,"Program, The (1993)",Action|Drama,3.1237880146729897
2765,3.221122112211221,303,"Acid House, The (1998)",Comedy|Drama,3.1236908962132874
8196,3.226480836236934,287,Beyond the Valley of the Dolls (1970),Comedy|Horror,3.1236518111963303
5915,3.230909090909091,275,Victory (a.k.a. Escape to Victory) (1981),Action|Drama|War,3.12362093075036
6614,3.191075514874142,437,I Love You to Death (1990),Comedy|Crime,3.123582163026846
2478,3.1275857376156777,7348,¡Three Amigos! (1986),Comedy|Western,3.1235721156814114
90647,3.134557153671461,2642,Puss in Boots (2011),Adventure|Animation|Comedy|Fantasy|IMAX,3.1234096667543367
59333,3.1489547038327528,1148,Made of Honor (2008),Comedy|Romance,3.123319497186709
135532,3.1533742331288344,978,The Last Witch Hunter (2015),Action|Adventure|Fantasy,3.1232904112968565
6950,3.1598258706467663,804,"Missing, The (2003)",Adventure|Thriller|Western,3.123245327780524
169670,3.182459677419355,496,The Void (2016),Horror,3.123191039898125
3704,3.127417936694021,6824,Mad Max Beyond Thunderdome (1985),Action|Adventure|Sci-Fi,3.123112868218144
5422,3.2409638554216866,249,"Emperor's New Clothes, The (2001)",Comedy,3.123046807833126
1612,3.187777777777778,450,"Kiss Me, Guido (1997)",Comedy,3.1227142733153723
1320,3.1244514494097286,16179,Alien³ (a.k.a. Alien 3) (1992),Action|Horror|Sci-Fi|Thriller,3.1226428822685866
5046,3.1600512163892445,781,Impostor (2002),Action|Drama|Sci-Fi|Thriller,3.1225992869405896
5777,3.2163461538461537,312,Pennies from Heaven (1981),Musical|Romance,3.1225976210021633
84615,3.1754545454545453,550,Cedar Rapids (2011),Comedy,3.1223745219928816
86014,3.2389558232931726,249,Diary of a Wimpy Kid: Rodrick Rules (2011),Comedy,3.122042590118726
317,3.1236664246215717,17903,"Santa Clause, The (1994)",Comedy|Drama|Fantasy,3.122040392775418
102033,3.1416497633536173,1479,Pain & Gain (2013),Action|Comedy|Crime,3.1219775482493857
517,3.129748528624933,3738,Rising Sun (1993),Action|Drama|Mystery,3.1219656890366227
165347,3.144810941271118,1243,Jack Reacher: Never Go Back (2016),Action|Crime|Drama|Mystery|Thriller,3.121499434023804
2052,3.1292460646230325,3621,Hocus Pocus (1993),Children|Comedy|Fantasy|Horror,3.121260240734932
96861,3.1315414738341047,2809,Taken 2 (2012),Action|Crime|Drama|Thriller,3.1212482440956584
8591,3.171602787456446,574,"Philadelphia Experiment, The (1984)",Adventure|Drama|Sci-Fi,3.121235879961251
90624,3.2286245353159853,269,Machine Gun Preacher (2011),Action|Crime,3.1211913605331407
219015,3.167197452229299,628,Eurovision Song Contest: The Story of Fire Saga (2020),Comedy,3.121182581389113
59022,3.131475526973919,2799,Harold & Kumar Escape from Guantanamo Bay (2008),Adventure|Comedy,3.1211539110929207
35957,3.134438305709024,2172,Red Eye (2005),Horror|Thriller,3.1211388349870357
354,3.143987341772152,1264,Cobb (1994),Drama,3.121134910185811
7318,3.1264262053735736,5434,"Passion of the Christ, The (2004)",Drama,3.121111581344052
161956,3.204022988505747,348,Blood Father (2016),Action|Thriller,3.121067189847736
60074,3.123492875411034,10948,Hancock (2008),Action|Adventure|Comedy|Crime|Fantasy,3.120860685155723
273,3.1245082612116444,7626,Mary Shelley's Frankenstein (Frankenstein) (1994),Drama|Horror|Sci-Fi,3.120733597330774
3263,3.1252864157119475,6110,White Men Can't Jump (1992),Comedy|Drama,3.1205813907468447
6976,3.2244525547445257,274,Tales from the Crypt (1972),Horror,3.1200325217443368
85025,3.1698606271777003,574,"Eagle, The (2011)",Adventure|Drama,3.120020665475894
3138,3.1983471074380163,363,Stealing Home (1988),Drama,3.119733625788713
113453,3.1489252814738995,977,Let's Be Cops (2014),Comedy|Crime,3.1197202101477393
140725,3.219298245614035,285,Cop Car (2015),Crime|Thriller,3.1194324885186617
100108,3.156290531776913,771,Parker (2013),Crime|Thriller,3.1193891613100435
6811,3.161029411764706,680,PCU (1994),Comedy,3.1192431969212118
86817,3.1693121693121693,567,Something Borrowed (2011),Comedy|Drama|Romance,3.119211920112898
3571,3.1628086419753085,648,Time Code (2000),Comedy|Drama,3.1190378031219907
89,3.127209504491452,3451,Nick of Time (1995),Action|Thriller,3.118993758107006
59727,3.1396198830409356,1368,"Strangers, The (2008)",Horror|Thriller,3.118909645383211
77201,3.1556420233463034,771,Valhalla Rising (2009),Action|Drama|War,3.118898917168461
2341,3.214527027027027,296,Dancing at Lughnasa (1998),Drama,3.118856681262826
68941,3.158485273492286,713,"Last House on the Left, The (2009)",Drama|Horror|Thriller,3.118790940451308
2975,3.1625,640,"Best Man, The (1999)",Comedy|Drama,3.1184216510519898
3409,3.1214748161966424,9113,Final Destination (2000),Drama|Thriller,3.118380350742917
8535,3.1945945945945944,370,De-Lovely (2004),Drama|Musical,3.1183793918567027
2072,3.125574272588055,3918,"'burbs, The (1989)",Comedy,3.1183769722383814
3515,3.142857142857143,1141,Me Myself I (2000),Comedy|Romance,3.118184765537171
4728,3.123238756996719,5181,Rat Race (2001),Comedy,3.117822612869503
3617,3.12048858952448,9947,Road Trip (2000),Comedy,3.117671319414678
2676,3.13068981698733,2131,Instinct (1999),Drama|Thriller,3.117553260901767
79,3.122461702885643,5614,"Juror, The (1996)",Drama|Thriller,3.117478552528631
6997,3.174089068825911,494,Hoffa (1992),Crime|Drama,3.1174653461032626
76079,3.1604938271604937,648,Chloe (2009),Drama|Thriller,3.117365375872576
202575,3.198830409356725,342,Late Night (2019),Comedy|Drama,3.1172195051956564
1334,3.126333333333333,3000,"Blob, The (1958)",Horror|Sci-Fi,3.1170442320847407
77421,3.178888888888889,450,Cyrus (2010),Comedy|Drama|Romance,3.1169909938762537
224220,3.197947214076246,341,Freaky (2020),Comedy|Horror|Thriller,3.1165706147145507
27865,3.2270916334661353,251,Azumi (2003),Action|Adventure|Drama|Thriller,3.116553321904608
187601,3.1713426853707416,499,Anon (2018),Sci-Fi|Thriller,3.1160115063780096
205661,3.164612676056338,568,Maleficent: Mistress of Evil (2019),Fantasy,3.116005637923997
141408,3.196220930232558,344,Scouts Guide to the Zombie Apocalypse (2015),Action|Comedy|Horror,3.1159807819533034
2753,3.1919889502762433,362,"Bedroom Window, The (1987)",Thriller,3.1158372984451033
3445,3.157337367624811,661,Eyes of Laura Mars (1978),Mystery|Thriller,3.1156885433785186
105213,3.1258,2500,Don Jon (2013),Comedy|Drama|Romance,3.1148695862418108
146688,3.205298013245033,302,Solace (2015),Fantasy|Mystery|Thriller,3.1148393639864103
112868,3.145952109464082,877,"Signal, The (2014)",Sci-Fi|Thriller,3.114810378914747
208621,3.1569858712715857,637,Color Out of Space (2019),Horror|Sci-Fi,3.1143074902586223
152372,3.218390804597701,261,Southbound (2016),Horror,3.1142675144540375
239,3.120884520884521,4070,"Goofy Movie, A (1995)",Animation|Children|Comedy|Romance,3.1142107957165286
5423,3.2114695340501793,279,Gangster No. 1 (2000),Action|Crime|Thriller,3.1141598894110887
3807,3.1704781704781704,481,Sinbad and the Eye of the Tiger (1977),Adventure|Fantasy,3.114077278558862
88108,3.1881868131868134,364,Monte Carlo (2011),Adventure|Comedy|Romance,3.113827713526046
4589,3.162748643761302,553,Eddie and the Cruisers (1983),Drama|Musical|Mystery,3.1138109560046305
3791,3.120047449584816,4215,Footloose (1984),Drama,3.1136371795112154
91622,3.1398635477582846,1026,Young Adult (2011),Comedy|Drama,3.113550086767679
7809,3.199044585987261,314,Ambush (Rukajärven tie) (1999),Drama|Romance|War,3.1132794557116954
48560,3.1585160202360876,593,Running With Scissors (2006),Comedy|Drama,3.1131547756504494
79057,3.1234213547646386,2613,Predators (2010),Action|Sci-Fi|Thriller,3.1131293915301423
3943,3.1460122699386504,815,Bamboozled (2000),Comedy,3.1130416445343676
5107,3.1320204230488695,1371,Hart's War (2002),Drama|War,3.112516208173414
184015,3.1927710843373496,332,When We First Met (2018),Comedy,3.1123515331728586
2249,3.1259968102073366,1881,My Blue Heaven (1990),Comedy,3.1118667569463887
65685,3.1394380853277837,961,Inkheart (2008),Adventure|Fantasy,3.1117985003885558
2652,3.1884057971014492,345,"Curse of Frankenstein, The (1957)",Horror,3.111576032362542
229797,3.2068345323741005,278,Happiest Season (2020),Comedy|Romance,3.1115297126971218
27338,3.1666666666666665,480,The Hole (2001),Drama|Horror|Mystery|Thriller,3.1114899240226555
378,3.1226455479452055,2336,Speechless (1994),Comedy|Romance,3.1113253919378363
286905,3.2013651877133107,293,Indiana Jones and the Dial of Destiny (2023),Action|Adventure,3.1112105658241624
3197,3.1305309734513274,1356,"Presidio, The (1988)",Action|Crime|Romance|Thriller,3.1110754599165764
189331,3.1572438162544167,566,The Spy Who Dumped Me (2018),Action|Comedy,3.1107681993129384
7169,3.14962962962963,675,Chasing Liberty (2004),Comedy|Romance,3.110688392272014
2641,3.113379669852302,9208,Superman II (1980),Action|Sci-Fi,3.110529349535272
1547,3.2003424657534247,292,Shiloh (1997),Children|Drama,3.110491783361275
168286,3.1930379746835444,316,Before I Fall (2017),Drama,3.110223058276002
2842,3.1709302325581397,430,Best Laid Plans (1999),Crime|Drama,3.110126683782757
2800,3.186046511627907,344,Little Nemo: Adventures in Slumberland (1992),Adventure|Animation|Children|Drama|Fantasy,3.1100775942319334
1016,3.1273333333333335,1500,"Shaggy Dog, The (1959)",Children|Comedy,3.1099348193836778
2419,3.177545691906005,383,Extremities (1986),Drama|Thriller,3.109613871846991
2956,3.137037037037037,945,Someone to Watch Over Me (1987),Action|Crime|Thriller,3.1095276033337074
62718,3.197952218430034,293,"Angus, Thongs and Perfect Snogging (2008)",Comedy|Romance,3.1093652069018516
2781,3.170616113744076,422,"Tingler, The (1959)",Horror,3.109204062632454
74851,3.1287764350453173,1324,From Paris with Love (2010),Action|Crime,3.1092027500922583
2694,3.111357246315072,11737,Big Daddy (1999),Comedy,3.1091503354458245
4633,3.1931818181818183,308,Parents (1989),Comedy|Drama|Horror,3.1091129567608435
54075,3.2106299212598426,254,Arn: The Knight Templar (Arn - Tempelriddaren) (2007),Action|Adventure|Drama|Romance|War,3.1088984005172273
5809,3.1347695390781563,998,Femme Fatale (2002),Crime|Thriller,3.1088820319352903
2964,3.1934426229508195,305,Julien Donkey-Boy (1999),Drama,3.1088012378048626
111360,3.1121010638297872,7520,Lucy (2014),Action|Sci-Fi,3.1086723996473262
2334,3.1162312885236276,3407,"Siege, The (1998)",Action|Thriller,3.1086640787822732
204152,3.1478658536585367,656,Vivarium (2019),Sci-Fi|Thriller,3.1085921158361294
3457,3.151414309484193,601,Waking the Dead (2000),Drama|Thriller,3.1085598371809784
2659,3.20532319391635,263,It Came from Hollywood (1982),Comedy|Documentary,3.1079605501467347
86852,3.1655405405405403,444,"Beaver, The (2011)",Drama,3.1079015812095734
5553,3.1300350262697023,1142,Stakeout (1987),Comedy|Crime|Romance|Thriller,3.1076748908045966
806,3.1525573192239857,567,American Buffalo (1996),Crime|Drama,3.1075683363403765
8813,3.1901639344262294,305,We Don't Live Here Anymore (2004),Drama,3.1069958577723664
3614,3.1186950485886165,2161,Honeymoon in Vegas (1992),Comedy|Romance,3.106960872077727
1398,3.1361014994232987,867,In Love and War (1996),Romance|War,3.1068778614751444
164821,3.1403973509933776,755,Colossal (2016),Action|Sci-Fi|Thriller,3.1068482972607967
1317,3.183333333333333,330,I'm Not Rappaport (1996),Comedy,3.1066937391952214
8369,3.132056451612903,992,Mindhunters (2004),Action|Crime|Horror|Mystery|Thriller,3.10658796488042
269226,3.18976897689769,303,Jackass Forever (2022),Action|Comedy|Documentary,3.106477632940956
70208,3.150173611111111,576,"Perfect Getaway, A (2009)",Horror|Thriller,3.1063947213239347
4850,3.1964285714285716,280,Spriggan (Supurigan) (1998),Action|Animation|Sci-Fi,3.1063811790888893
3759,3.197463768115942,276,Fun and Fancy Free (1947),Animation|Children|Musical,3.1062392943800985
33036,3.1870967741935483,310,"Eiger Sanction, The (1975)",Action|Adventure|Drama|Thriller,3.1060386573986642
62113,3.13561320754717,848,How to Lose Friends & Alienate People (2008),Comedy,3.105994170498782
3587,3.1601307189542482,459,Inferno (1980),Horror,3.1056152078261245
160571,3.1355421686746987,830,Lights Out (2016),Horror,3.105445366224964
6185,3.153179190751445,519,Dark Blue (2003),Action|Crime|Drama|Thriller,3.105176462586422
99912,3.124048706240487,1314,Mama (2013),Horror,3.1051026973063625
80166,3.1241379310344826,1305,"Switch, The (2010)",Comedy|Romance,3.1050678973036323
6266,3.1193214491086834,1739,What a Girl Wants (2003),Comedy|Drama|Romance,3.10501786086831
8808,3.1149544324772163,2414,"Princess Diaries 2: Royal Engagement, The (2004)",Comedy|Romance,3.1046847443088788
263973,3.1561844863731654,477,House of Gucci (2021),Crime|Drama,3.104373888442091
88,3.1087839084701976,5419,Black Sheep (1996),Comedy,3.1042299627057846
61071,3.15234375,512,"Sisterhood of the Traveling Pants 2, The (2008)",Adventure|Comedy|Drama|Romance,3.1041726976213875
6809,3.1914893617021276,282,Tightrope (1984),Thriller,3.1040968273123255
1487,3.117729306487696,1788,Selena (1997),Drama|Musical,3.103964360361389
171759,3.1588366890380315,447,The Beguiled (2017),Drama|Thriller|Western,3.103843951171309
77364,3.1297468354430378,948,"Losers, The (2010)",Action|Adventure|Drama|Mystery|Thriller,3.1038223791629322
197203,3.142857142857143,623,Triple Frontier (2019),Crime|Thriller,3.1035267870399283
1801,3.1067221067221067,7215,"Man in the Iron Mask, The (1998)",Action|Adventure|Drama,3.1033327088546354
2517,3.11151704940849,2874,Christine (1983),Horror,3.1030340406737693
74868,3.137323943661972,710,Dorian Gray (2009),Drama|Horror|Sci-Fi,3.10299823299626
277856,3.1812297734627832,309,See How They Run (2022),Comedy|Crime|Mystery,3.102643853056307
4814,3.115183246073298,1910,Don't Say a Word (2001),Thriller,3.1024896964287896
143347,3.1117307692307694,2600,Aquaman (2018),Action|Fantasy|Sci-Fi,3.102413214089689
4353,3.1662269129287597,379,Uncommon Valor (1983),Action|War,3.1023491091258375
2665,3.162128712871287,404,Earth vs. the Flying Saucers (1956),Sci-Fi,3.1022591600859455
172547,3.12054586808188,1319,Despicable Me 3 (2017),Adventure|Animation|Children|Comedy,3.1022163439123114
426,3.109176748303334,3389,Body Snatchers (1993),Horror|Sci-Fi|Thriller,3.1020547584101026
112818,3.1222504230118444,1182,"Purge: Anarchy, The (2014)",Action|Horror|Thriller,3.1018694567196263
135141,3.118022864828514,1487,Allegiant: Part 1 (2016),Adventure|Sci-Fi,3.1018290256467043
40581,3.117177522349936,1566,Just Friends (2005),Comedy|Romance,3.101804510232031
73168,3.1470588235294117,527,Carriers (2009),Drama|Horror|Thriller,3.1015143776519056
31255,3.1964285714285716,252,Ice Station Zebra (1968),Action|Thriller,3.1013475855861725
51698,3.1392405063291138,632,"Last Mimzy, The (2007)",Adventure|Children|Sci-Fi,3.10133386947453
6977,3.1387147335423196,638,New Jack City (1991),Action|Crime|Drama,3.101212093381569
184999,3.1870503597122304,278,Overboard (2018),Comedy|Romance,3.101091299335953
1686,3.124507874015748,1016,Red Corner (1997),Crime|Thriller,3.101007989264063
2861,3.110596293311845,2482,For Love of the Game (1999),Comedy|Drama,3.100979532615663
200824,3.15203426124197,467,The Secret Life of Pets 2 (2019),Adventure|Animation|Children|Comedy,3.100942876966215
159447,3.191287878787879,264,Before I Wake (2016),Horror|Thriller,3.1009261174110225
6568,3.176751592356688,314,Camp (2003),Comedy|Musical,3.100843854361545
39449,3.1331967213114753,732,Prime (2005),Comedy|Drama|Romance,3.1006881492711935
160573,3.152993348115299,451,Pete's Dragon (2016),Adventure|Children|Fantasy,3.100392921303206
195209,3.175078864353312,317,Code 8,Sci-Fi,3.1003092518468165
6222,3.156398104265403,422,Prozac Nation (2001),Drama,3.1002608520198445
185,3.101133663173478,25669,"Net, The (1995)",Action|Crime|Thriller,3.100211244183368
259265,3.1837455830388692,283,Spencer (2021),Drama,3.10014101451422
8,3.1155629139072847,1510,Tom and Huck (1995),Adventure|Children,3.099928936051006
78105,3.105406043437205,4236,Prince of Persia: The Sands of Time (2010),Action|Adventure|Fantasy|Romance|IMAX,3.0998383477045452
4572,3.1161651504548638,1429,Black Rain (1989),Action|Crime|Drama,3.0996871122356007
3717,3.101277175862811,13937,Gone in 60 Seconds (2000),Action|Crime,3.0995893814012585
48678,3.15521327014218,422,Feast (2005),Action|Comedy|Horror|Thriller,3.0995155844687936
8968,3.122549019607843,1020,After the Sunset (2004),Action|Adventure|Comedy|Crime|Thriller,3.0995074518245045
3285,3.1023452848722988,8144,"Beach, The (2000)",Adventure|Drama,3.099460854486544
828,3.1143583227445997,1574,"Adventures of Pinocchio, The (1996)",Adventure|Children,3.0994377122278314
4372,3.1155433287482808,1454,Crazy/Beautiful (2001),Drama|Romance,3.09939808891897
180231,3.15296803652968,438,Daddy's Home 2 (2017),Comedy|Drama,3.0993812863882857
203519,3.1234375,960,Fast & Furious Presents: Hobbs & Shaw (2019),Action,3.0990694065845923
6395,3.1836363636363636,275,"Crazies, The (a.k.a. Code Name: Trixie) (1973)",Action|Drama|Horror|Sci-Fi|Thriller,3.0988070349687225
2475,3.1340909090909093,660,52 Pick-Up (1986),Action|Mystery|Thriller,3.0987622462538384
76030,3.1336336336336337,666,Case 39 (2009),Horror|Thriller,3.0986610619959714
79796,3.1315789473684212,703,Centurion (2010),Action|Adventure|Drama|Thriller|War,3.098502999916077
62439,3.1448692152917506,497,My Best Friend's Girl (2008),Comedy|Romance,3.0982236300041746
6678,3.147751605995717,467,"Handmaid's Tale, The (1990)",Drama|Sci-Fi,3.098149190697183
102481,3.1082774049217003,2235,"Internship, The (2013)",Comedy,3.097936714690653
1371,3.1000279668127155,10727,Star Trek: The Motion Picture (1979),Adventure|Sci-Fi,3.0978748900427404
158528,3.125296912114014,842,The Shallows (2016),Drama|Thriller,3.097868737391249
5065,3.104017611447441,3634,"Mothman Prophecies, The (2002)",Drama|Fantasy|Horror|Mystery|Thriller,3.097675707749392
60397,3.102899239543726,4208,Mamma Mia! (2008),Comedy|Musical|Romance,3.097436560304273
3249,3.1049685094471657,2858,"Hand That Rocks the Cradle, The (1992)",Drama|Thriller,3.096966431368925
7033,3.12751677852349,745,"Secret of My Succe$s, The (a.k.a. The Secret of My Success) (1987)",Comedy|Romance,3.096855826159688
188751,3.1292613636363638,704,Mamma Mia: Here We Go Again! (2018),Comedy|Romance,3.0968254860112436
724,3.0991657977059437,9590,"Craft, The (1996)",Drama|Fantasy|Horror|Thriller,3.0967857184868346
212074,3.140655105973025,519,Guns Akimbo (2020),Action|Comedy,3.0967118187525897
8731,3.172185430463576,302,Moulin Rouge (1952),Drama,3.0966872492650452
5311,3.1839080459770117,261,"Watcher in the Woods, The (1980)",Children|Horror|Mystery|Thriller,3.0966169947442905
251234,3.1561679790026247,381,The Conjuring: The Devil Made Me Do It (2021),Horror|Mystery|Thriller,3.09646770220688
144172,3.1753472222222223,288,February (2015),Horror,3.096414612814516
82744,3.129148629148629,693,Faster (2010),Action|Crime|Drama,3.096363738847132
4442,3.1592797783933517,361,"Last Dragon, The (1985)",Action|Comedy|Drama,3.096351870175625
4181,3.1818181818181817,264,Tapeheads (1988),Comedy,3.096051872918919
191489,3.1600566572237963,353,Peppermint (2018),Action|Crime|Thriller,3.095971100880734
63,3.104228486646884,2696,Don't Be a Menace to South Central While Drinking Your Juice in the Hood (1996),Comedy|Crime,3.0958487573839903
195823,3.1578947368421053,361,The Christmas Chronicles (2018),Adventure|Children|Comedy|Fantasy,3.0955320636499652
987,3.1723549488054608,293,Bliss (1997),Drama|Romance,3.095525014984524
2769,3.1241997439180538,781,"Yards, The (2000)",Crime|Drama,3.0954121813963624
1483,3.1021039603960396,3232,Crash (1996),Drama|Thriller,3.0951664815479085
1539,3.169435215946844,301,Twin Town (1997),Comedy|Crime,3.0950445637754385
6582,3.13255033557047,596,Remo Williams: The Adventure Begins (1985),Action|Comedy|Crime|Thriller,3.094999414865799
102684,3.11854583772392,949,Only God Forgives (2013),Drama|Thriller,3.094970369496714
127136,3.1607669616519174,339,True Story (2015),Drama|Mystery|Thriller,3.094854576662891
4680,3.143956043956044,455,Vampire's Kiss (1989),Comedy|Fantasy|Horror,3.094850128740039
222593,3.1273653566229984,687,Death on the Nile (2020),Crime|Drama|Mystery|Thriller,3.094844540677544
45635,3.1661341853035143,313,"Notorious Bettie Page, The (2005)",Drama,3.0947944574125534
2316,3.101427269966596,3293,Practical Magic (1998),Drama|Fantasy|Mystery|Romance,3.0946568241960852
391,3.146713615023474,426,Jason's Lyric (1994),Crime|Drama,3.094480672129373
82093,3.168896321070234,299,London Boulevard (2010),Crime|Romance,3.094478929768414
252590,3.119767441860465,860,The Tomorrow War (2021),Action|Sci-Fi,3.09402561603401
2749,3.1311336717428087,591,"Morning After, The (1986)",Drama|Mystery,3.0937790280034694
2263,3.108621860149355,1473,"Seventh Sign, The (1988)",Drama|Fantasy|Thriller,3.0936552677972666
1570,3.1570605187319885,347,Tetsuo II: Body Hammer (1992),Horror|Sci-Fi,3.0935811472060974
47122,3.1092498179169703,1373,John Tucker Must Die (2006),Comedy|Romance,3.0932640764659434
726,3.1335174953959486,543,Last Dance (1996),Drama,3.0931493946459323
9005,3.13600782778865,511,Fire in the Sky (1993),Drama|Mystery|Sci-Fi,3.093124102671554
442,3.0941247002398082,20850,Demolition Man (1993),Action|Adventure|Sci-Fi,3.093074283759822
4971,3.121550591327201,761,Moscow on the Hudson (1984),Comedy|Drama,3.092845831884458
5572,3.104354753053638,1883,Barbershop (2002),Comedy,3.092764672648865
2709,3.1029843444227008,2044,Muppets From Space (1999),Children|Comedy,3.0923568431332
5749,3.1589506172839505,324,Ghost Story (1981),Drama|Horror,3.0921015982197835
6735,3.1715867158671585,271,"Rose, The (1979)",Drama,3.0918734480094514
60040,3.0945585996955858,7884,"Incredible Hulk, The (2008)",Action|Sci-Fi,3.091820261606575
76077,3.0969545562693312,4203,Hot Tub Time Machine (2010),Comedy|Sci-Fi,3.0918181013994275
4961,3.1696750902527078,277,Pornstar: The Legend of Ron Jeremy (2001),Documentary,3.0917760137290617
39231,3.104264018691589,1712,Elizabethtown (2005),Comedy|Drama|Romance,3.091674744056359
7362,3.1065743944636677,1445,Taking Lives (2004),Crime|Drama|Thriller,3.091661258409654
6156,3.096207713854773,4641,Shanghai Knights (2003),Action|Adventure|Comedy,3.0915693583959007
1541,3.1011135857461025,2245,Addicted to Love (1997),Comedy|Romance,3.0915293338225727
152079,3.107514880952381,1344,London Has Fallen (2016),Action|Crime|Thriller,3.09150920059019
6999,3.13,550,Housesitter (1992),Comedy|Romance,3.0910814940795017
189241,3.137855579868709,457,Hotel Artemis (2018),Sci-Fi|Thriller,3.091039815299779
275467,3.1280276816608996,578,The Gray Man (2022),Action|Adventure|Thriller,3.09102068644348
93563,3.1150341685649203,878,Lockout (2012),Action|Sci-Fi|Thriller,3.090748962303766
830,3.0934836006357465,6921,"First Wives Club, The (1996)",Comedy,3.090414790390398
2062,3.1386363636363637,440,"Governess, The (1998)",Drama|Romance,3.090383227783588
201737,3.1558641975308643,324,The Lodge (2019),Drama|Horror,3.090356092895992
4010,3.100384245917387,2082,Brewster's Millions (1985),Comedy,3.090207647526755
103042,3.092919153553988,7372,Man of Steel (2013),Action|Adventure|Fantasy|Sci-Fi|IMAX,3.090050388486939
96430,3.1631205673758864,282,"Odd Life of Timothy Green, The (2012)",Comedy|Drama|Fantasy,3.0890280761350795
2035,3.1470588235294117,357,Blackbeard's Ghost (1968),Children|Comedy,3.0887357742533648
65810,3.16140350877193,285,Notorious (2009),Drama|Musical,3.0885278247239443
1128,3.0976475810031068,2253,"Fog, The (1980)",Horror,3.088438788768581
280990,3.1602787456445993,287,The Pale Blue Eye (2022),Crime|Horror|Mystery|Thriller,3.0881974353799473
32289,3.1219110378912687,607,Ice Princess (2005),Children|Comedy|Drama,3.087936681411513
233171,3.1654135338345863,266,Death to 2020 (2020),Comedy,3.087910284754542
61262,3.108695652173913,989,Mirrors (2008),Horror|Mystery|Thriller,3.0878625136280102
102088,3.1538461538461537,312,"Grandmaster, The (Yi dai zong shi) (2013)",Action|Drama|IMAX,3.0878320656447027
60,3.090638044126416,6708,"Indian in the Cupboard, The (1995)",Adventure|Children|Fantasy,3.087577082554027
55232,3.0931239848402816,3694,Resident Evil: Extinction (2007),Action|Horror|Sci-Fi|Thriller,3.0875662597631477
1135,3.0925072744907856,4124,Private Benjamin (1980),Comedy,3.087531159098107
119141,3.092030143868463,4379,The Interview (2014),Action|Comedy,3.0873538766222506
4018,3.088628644211718,14132,What Women Want (2000),Comedy|Romance,3.087182652380596
30818,3.150621118012422,322,Beyond the Sea (2004),Drama|Musical,3.087169391522357
56169,3.1203252032520323,615,Awake (2007),Drama|Thriller,3.0871223586296024
7354,3.1297071129707112,478,Mad Dog and Glory (1993),Comedy|Drama|Romance,3.0870339876463255
3235,3.1254716981132074,530,Where the Buffalo Roam (1980),Comedy,3.0870009059187495
272541,3.1686746987951806,249,Men (2022),Drama|Horror|Mystery,3.0868949701147095
61246,3.138817480719794,389,Hamlet 2 (2008),Comedy,3.0866358451483205
113,3.105095541401274,1099,Before and After (1996),Drama|Mystery,3.086627350411836
165101,3.1017964071856285,1336,Inferno (2016),Mystery|Thriller,3.086607991431708
1417,3.1121019108280255,785,"Portrait of a Lady, The (1996)",Drama,3.0863381425864334
66509,3.096927966101695,1888,Funny People (2009),Comedy|Drama,3.086230055510372
5611,3.110059171597633,845,"Four Feathers, The (2002)",Adventure|War,3.0861733299388554
82173,3.1634615384615383,260,Tiny Furniture (2010),Comedy,3.0859992250346115
93242,3.1634615384615383,260,Gone (2012),Drama|Thriller,3.0859992250346115
8268,3.1212653778558876,569,Point of No Return (1993),Action|Thriller,3.0859090422057878
152,3.113826815642458,716,"Addiction, The (1995)",Drama|Horror,3.085775733879276
71902,3.166,250,Spread (2009),Drama|Romance,3.085718592142942
183295,3.144542772861357,339,Insidious: The Last Key (2018),Horror|Mystery|Thriller,3.0854992441233438
2320,3.095701125895599,1954,Apt Pupil (1998),Drama|Thriller,3.085462347641797
6067,3.158181818181818,275,Ordinary Decent Criminal (2000),Comedy|Crime,3.0854457064709178
3725,3.132701421800948,422,American Pop (1981),Animation|Musical,3.085355500998828
31420,3.0975985221674875,1624,Assault on Precinct 13 (2005),Action|Crime|Drama|Thriller,3.0853035429655153
68205,3.0933660933660936,2442,Crank: High Voltage (2009),Action|Comedy|Crime,3.0852001210078837
31150,3.160377358490566,265,Wizards (1977),Animation|Fantasy|Sci-Fi|War,3.085162493909542
2430,3.105949895615866,958,Mighty Joe Young (1949),Adventure|Children|Drama,3.085147904234082
254720,3.1646586345381524,249,The Card Counter (2021),Action|Drama|Thriller,3.0848865346859085
134393,3.094972067039106,1969,Trainwreck (2015),Comedy|Romance,3.0848843525948477
91690,3.1459627329192545,322,Friends with Kids (2011),Comedy,3.084541961149262
6547,3.159695817490494,263,Northfork (2003),Drama|Fantasy,3.0845184716157723
88785,3.1000791139240507,1264,"Change-Up, The (2011)",Comedy,3.084450396999216
453,3.104251012145749,988,For Love or Money (1993),Comedy|Romance,3.0842954205029622
56915,3.1255230125523012,478,"Water Horse: Legend of the Deep, The (2007)",Adventure|Children|Fantasy,3.08428257754865
2634,3.111344537815126,714,"Mummy, The (1959)",Horror,3.0838768362447952
51418,3.1589147286821704,258,Breaking and Entering (2006),Drama,3.0833793758534505
2561,3.0983412322274884,1266,True Crime (1999),Crime|Thriller,3.0830186848109538
103366,3.1381766381766383,351,Redemption (Hummingbird) (2013),Action|Crime|Thriller,3.0829555019505146
51086,3.0880751429349305,3673,"Number 23, The (2007)",Drama|Mystery|Thriller,3.0828080791504404
89074,3.153284671532847,274,"Greatest Movie Ever Sold, The (POM Wonderful Presents: The Greatest Movie Ever Sold) (2011)",Documentary,3.082740496500505
1457,3.0888852778680533,3077,Fools Rush In (1997),Comedy|Drama|Romance,3.0826137303046135
1769,3.089310584958217,2872,"Replacement Killers, The (1998)",Action|Crime|Thriller,3.0825931640296433
32213,3.0995594713656387,1135,Cube Zero (2004),Horror|Mystery|Sci-Fi|Thriller,3.0825673860973435
131013,3.0957300275482096,1452,Get Hard (2015),Comedy|Crime,3.0824651688048177
47640,3.0944758317639676,1593,Beerfest (2006),Comedy,3.082395898593905
3827,3.085461219278647,6266,Space Cowboys (2000),Action|Adventure|Comedy|Sci-Fi,3.082390367560533
93272,3.0936395759717317,1698,Dr. Seuss' The Lorax (2012),Animation|Fantasy|Musical|IMAX,3.082318046956759
2247,3.0909913988229967,2209,Married to the Mob (1988),Comedy,3.082291796094273
184471,3.0947121820615795,1494,Tomb Raider (2018),Action|Adventure|Fantasy,3.0819123332492473
27608,3.1261574074074074,432,Immortel (ad vitam) (Immortal) (2004),Action|Adventure|Animation|Fantasy|Sci-Fi,3.0818989655163955
45440,3.1135225375626043,599,Art School Confidential (2006),Comedy|Drama,3.0816900644181078
3528,3.0919220055710306,1795,"Prince of Tides, The (1991)",Drama|Romance,3.0813469375312463
6162,3.12807881773399,406,Gerry (2002),Adventure|Drama,3.081333036524834
7442,3.1522556390977443,266,Young Adam (2003),Crime|Drama|Thriller,3.0811128483591257
1355,3.1024915062287657,883,Nightwatch (1997),Horror|Thriller,3.0810716544042
1919,3.101058201058201,945,Madeline (1998),Children|Comedy,3.0810495063406598
39435,3.088349514563107,2575,"Legend of Zorro, The (2005)",Action|Adventure|Drama|Western,3.081010306887678
204542,3.093143596377749,1546,It: Chapter Two (2019),Horror,3.0809320884841016
3755,3.082256675279931,12771,"Perfect Storm, The (2000)",Drama|Thriller,3.0807813428382795
5077,3.1463414634146343,287,Cousins (1989),Comedy|Romance,3.080733356260709
520,3.081800403349019,16363,Robin Hood: Men in Tights (1993),Comedy,3.080650919257888
4941,3.0899100899100898,2002,Flash Gordon (1980),Action|Adventure|Sci-Fi,3.0805300127149646
7165,3.1515151515151514,264,"Company, The (2003)",Drama|Musical,3.0804542905441874
127319,3.1453287197231834,289,The Loft (2014),Thriller,3.080433176464238
91571,3.1494464944649447,271,Coriolanus (2011),Drama|Thriller,3.0803327671092786
57401,3.1265508684863526,403,Cleaner (2007),Crime|Thriller,3.080173348090373
197663,3.108728943338438,653,Happy Death Day 2U (2019),Horror|Mystery|Thriller,3.080125297283639
516,3.085400627316795,3507,Renaissance Man (1994),Comedy|Drama,3.080078012093004
2875,3.0885539331135186,2123,Sommersby (1993),Drama|Mystery|Romance,3.0797946817404247
74944,3.125935162094763,401,Brooklyn's Finest (2010),Crime|Drama|Thriller,3.0796507241423505
3269,3.08473348783314,3452,Forever Young (1992),Drama|Romance|Sci-Fi,3.0793766396336335
8965,3.0829883698009066,5073,"Polar Express, The (2004)",Adventure|Animation|Children|Fantasy|IMAX,3.0793447839343306
4231,3.0937254901960785,1275,Someone Like You (2001),Comedy|Romance,3.079247329628003
83374,3.1509803921568627,255,"Warrior's Way, The (2010)",Action|Fantasy|Western,3.0789144783094144
1030,3.0840948029697315,3502,Pete's Dragon (1977),Adventure|Animation|Children|Musical,3.0788517437468643
61248,3.086186065243657,2483,Death Race (2008),Action|Adventure|Sci-Fi|Thriller,3.0787968101395053
2702,3.0842831433713256,3334,Summer of Sam (1999),Drama,3.078781156498957
195,3.0843076923076924,3250,Something to Talk About (1995),Comedy|Drama|Romance,3.0786718699077182
5226,3.1123388581952116,543,All the Right Moves (1983),Drama|Romance,3.0786273590353757
176355,3.1337386018237083,329,The Mountain Between Us (2017),Action|Adventure|Drama,3.0783267098461913
2860,3.08630559225011,2271,Blue Streak (1999),Comedy,3.078282870598085
84189,3.1092150170648463,586,I Spit on Your Grave (2010),Crime|Horror|Thriller,3.0781710451791993
5872,3.0802889207258835,8376,Die Another Day (2002),Action|Adventure|Thriller,3.078118587533782
4344,3.0800600739371533,8656,Swordfish (2001),Action|Crime|Drama,3.07796437979316
114795,3.0879272326350606,1814,Dracula Untold (2014),Action|Drama|Fantasy,3.0779315553929485
168,3.079358812381554,12664,First Knight (1995),Action|Drama|Romance,3.0779271120832745
3784,3.0876344086021503,1860,"Kid, The (2000)",Comedy|Fantasy,3.0778913204135394
279414,3.101615074024226,743,Black Panther: Wakanda Forever (2022),Action|Adventure|Sci-Fi,3.077391879846873
2792,3.080886881543831,4871,Airplane II: The Sequel (1982),Comedy,3.0772017042559647
8605,3.1046875,640,Taxi 3 (2003),Action|Comedy,3.076797171357986
4771,3.107142857142857,588,Hardball (2001),Drama,3.0767893483332704
6810,3.0888812628689086,1457,Sleeping with the Enemy (1991),Drama|Thriller,3.076654555143979
80241,3.1170454545454547,440,Going the Distance (2010),Comedy|Romance,3.0765931276239136
95,3.0771074451546037,23156,Broken Arrow (1996),Action|Adventure|Thriller,3.076341492833557
52712,3.121173469387755,392,"Invisible, The (2007)",Crime|Drama|Fantasy|Mystery|Thriller,3.0760883220785047
1010,3.0826231937754724,2699,"Love Bug, The (1969)",Children|Comedy,3.076076191736529
92422,3.087655942219304,1523,"Woman in Black, The (2012)",Drama|Horror|Thriller,3.076056778384849
4052,3.083930170098478,2234,Antitrust (2001),Crime|Drama|Thriller,3.076026020226394
4900,3.123324396782842,373,Out Cold (2001),Comedy,3.076000973822341
2453,3.0901374292643493,1237,"Boy Who Could Fly, The (1986)",Drama|Fantasy,3.0758900367589432
1018,3.0894117647058823,1275,That Darn Cat! (1965),Children|Comedy|Mystery,3.07563816892192
3862,3.1346801346801345,297,About Adam (2000),Comedy,3.075590777834977
114439,3.110337972166998,503,"November Man, The (2014)",Action|Crime|Thriller,3.0754954190984356
27402,3.1327868852459018,305,Dagon (2001),Fantasy|Horror|Mystery|Thriller,3.075401707203672
4080,3.0965018094089265,829,Baby Boom (1987),Comedy,3.075391971073489
92309,3.119047619047619,399,"Innkeepers, The (2011)",Horror|Thriller,3.075266253465217
2262,3.0823080186677982,2357,About Last Night... (1986),Comedy|Drama|Romance,3.074931887493808
4808,3.099023709902371,717,"Vanishing, The (1993)",Mystery|Thriller,3.0748162393830767
103483,3.1117021276595747,470,V/H/S/2 (2013),Horror|Thriller,3.074787878175148
257637,3.140684410646388,263,Kate (2021),Action|Thriller,3.0747509388945375
6094,3.1383763837638377,271,Liquid Sky (1982),Comedy|Sci-Fi,3.074562426659192
1661,3.099706744868035,682,Switchback (1997),Crime|Mystery|Thriller,3.074406494381903
5651,3.111111111111111,468,"Incredible Mr. Limpet, The (1964)",Animation|Comedy|War,3.074299073260028
207311,3.1228813559322033,354,Last Christmas (2019),Comedy|Romance,3.0742494702605967
81516,3.1132723112128144,437,Black Death (2010),Adventure|Drama|Horror|Mystery,3.0740122548769704
42734,3.083288263926447,1849,Hoodwinked! (2005),Animation|Children|Comedy,3.074009726688648
136016,3.0852047556142668,1514,The Good Dinosaur (2015),Adventure|Animation|Children|Comedy|Fantasy,3.073892453128433
1475,3.094362745098039,816,Kama Sutra: A Tale of Love (1996),Romance,3.073495169142749
2582,3.1018363939899833,599,Twin Dragons (Shuang long hui) (1992),Action|Comedy,3.0734343738885643
5589,3.12316715542522,341,Indian Summer (1993),Comedy|Drama,3.0733429490084996
2770,3.0746526066817776,10147,Bowfinger (1999),Comedy,3.0729869473177036
4446,3.0749662037606,8137,Final Fantasy: The Spirits Within (2001),Adventure|Animation|Fantasy|Sci-Fi,3.0728919979513365
104303,3.0941845764854614,791,Jobs (2013),Drama,3.0728579725166973
40959,3.0980538922155687,668,"Ice Harvest, The (2005)",Action|Comedy|Crime|Thriller,3.0728160165995355
97988,3.136015325670498,261,"Bay, The (2012)",Horror|Sci-Fi|Thriller,3.072102384036309
158830,3.0918984280532045,827,The BFG (2016),Children|Fantasy,3.07181430023247
1671,3.1298245614035087,285,Deceiver (1997),Crime|Drama|Thriller,3.071670735381371
48326,3.1183098591549294,355,All the King's Men (2006),Drama,3.0716426653752507
2877,3.080357142857143,1848,Tommy (1975),Musical,3.0714221019696284
4025,3.072435648687104,15462,Miss Congeniality (2000),Comedy|Crime,3.0713686043205746
104312,3.092961487383798,753,"Mortal Instruments: City of Bones, The (2013)",Action|Adventure|Drama|IMAX,3.0711298588882263
93805,3.08467400508044,1181,Iron Sky (2012),Action|Comedy|Sci-Fi,3.070819641667329
550,3.075636471284784,3378,Threesome (1994),Comedy|Romance,3.0707946195428915
2014,3.0789078156312626,1996,Freaky Friday (1977),Children|Comedy|Fantasy,3.070722529119388
148956,3.09609375,640,How to Be Single (2016),Comedy|Romance,3.0706097487007695
190947,3.130514705882353,272,Mary Queen of Scots (2018),Drama,3.0705797765792164
6886,3.1233766233766236,308,Beyond Borders (2003),Drama|Romance|War,3.070506384665315
62733,3.0878453038674034,905,Quarantine (2008),Drama|Horror|Mystery|Thriller,3.069993071860745
67408,3.0747210804462712,3406,Monsters vs. Aliens (2009),Animation|Sci-Fi|IMAX,3.069978660324527
93287,3.1063348416289593,442,"Big Year, The (2011)",Comedy,3.0698581641628513
72489,3.0876803551609324,901,Ninja Assassin (2009),Action|Crime|Drama|Thriller,3.0698017267763404
195161,3.0931586608442503,687,Mary Poppins Returns (2018),Children|Fantasy,3.0697350204296545
3534,3.072708605562815,5357,28 Days (2000),Drama,3.069706025012953
203244,3.118827160493827,324,Shaft (2019),Action|Crime,3.0694100290104975
8361,3.070245356251733,14428,"Day After Tomorrow, The (2004)",Action|Adventure|Drama|Sci-Fi|Thriller,3.0691402820500318
167564,3.125,284,The Little Hours (2017),Comedy,3.0689904402704333
135534,3.0931297709923666,655,Krampus (2015),Comedy|Fantasy|Horror,3.0688848386105922
286107,3.132,250,Renfield (2023),Action|Comedy|Horror,3.0686811096815276
8860,3.0766273705791902,1951,Cellular (2004),Action|Crime|Drama|Mystery|Thriller,3.068532663130194
5002,3.095950704225352,568,Fritz the Cat (1972),Animation,3.068264176300788
55250,3.090909090909091,693,"Game Plan, The (2007)",Comedy,3.068229117337418
99,3.0894808743169397,732,Heidi Fleiss: Hollywood Madam (1995),Documentary,3.068065048037633
3109,3.111731843575419,358,"River, The (1984)",Drama,3.067993088845138
1363,3.07648401826484,1752,"Preacher's Wife, The (1996)",Drama,3.067602081873214
804,3.0742530755711774,2276,She's the One (1996),Comedy|Romance,3.067434356061671
3103,3.1037735849056602,424,Stanley & Iris (1990),Drama|Romance,3.0672685475109436
138212,3.0904255319148937,658,Spectral (2016),(no genres listed),3.067002983372052
46972,3.068763632189186,8711,Night at the Museum (2006),Action|Comedy|Fantasy|IMAX,3.066994609942088
2094,3.068935071991307,7362,"Rocketeer, The (1991)",Action|Adventure|Sci-Fi,3.0668468913821116
184931,3.1033254156769594,421,Death Wish (2018),Action|Crime|Drama|Thriller,3.066823414868061
68791,3.069422911283376,5805,Terminator Salvation (2009),Action|Adventure|Sci-Fi|Thriller,3.066777615358713
31700,3.1214285714285714,280,Because of Winn-Dixie (2005),Children|Comedy|Drama,3.066676130875617
250,3.0805429864253395,1105,Heavyweights (Heavy Weights) (1995),Children|Comedy,3.0666703638526585
707,3.0695633561643834,4672,Mulholland Falls (1996),Crime|Drama|Thriller,3.0663018971367255
2581,3.0679373804971317,8368,Never Been Kissed (1999),Comedy|Romance,3.066121807798641
49647,3.0826039387308533,914,Charlotte's Web (2006),Children|Comedy|Drama|Fantasy,3.066011699733523
255655,3.1128526645768027,319,Candyman (2021),Horror|Thriller,3.0656189568940198
32596,3.071718813490451,2461,Sahara (2005),Action|Adventure|Comedy,3.0655983636370765
532,3.06758064516129,6200,Serial Mom (1994),Comedy|Crime|Horror,3.065168479216628
2688,3.067483660130719,6120,"General's Daughter, The (1999)",Crime|Drama|Mystery|Thriller,3.065044985102626
182,3.0863309352517985,695,Moonlight and Valentino (1995),Drama|Romance,3.064906246021945
93831,3.07389460932768,1651,American Reunion (American Pie 4) (2012),Comedy,3.0648797334702427
50804,3.073921319796954,1576,Hannibal Rising (2007),Drama|Horror|Thriller,3.0645323062195815
112070,3.111464968152866,314,Maps to the Stars (2014),Drama,3.0644253075503887
5025,3.0694539249146757,2930,Orange County (2002),Comedy,3.0644137927019135
6966,3.0725896860986546,1784,Darkman (1990),Action|Crime|Fantasy|Sci-Fi|Thriller,3.064324366973345
2647,3.1133333333333333,300,House of Frankenstein (1944),Horror,3.0642466854073858
90343,3.098809523809524,420,Footloose (2011),Comedy|Drama|Musical,3.0639333317687454
80864,3.0942028985507246,483,You Will Meet a Tall Dark Stranger (2010),Comedy|Romance,3.063895348572365
3497,3.0987951807228917,415,Max Dugan Returns (1983),Comedy,3.063661704503862
8362,3.0821566110397947,779,Raising Helen (2004),Comedy|Drama|Romance,3.063493535966645
253138,3.106194690265487,339,Fear Street Part One: 1994 (2021),Horror|Mystery,3.063386639938959
33646,3.067697063369397,3235,"Longest Yard, The (2005)",Comedy|Drama,3.0632236877120795
2628,3.0634924815000133,37973,Star Wars: Episode I - The Phantom Menace (1999),Action|Adventure|Sci-Fi,3.0631121164991826
90719,3.077777777777778,945,J. Edgar (2011),Drama,3.062622502403982
100581,3.103448275862069,348,Room 237 (2012),Documentary,3.0624309023623955
2195,3.0728376327769347,1318,Dirty Work (1998),Comedy,3.062074800957377
1906,3.113970588235294,272,Mr. Jealousy (1997),Comedy|Romance,3.0619408823576766
2613,3.0704697986577183,1639,Night of the Comet (1984),Comedy|Horror|Sci-Fi,3.0618491475290615
227,3.064725954361271,4689,Drop Zone (1994),Action|Thriller,3.0617195580348153
58025,3.0637994634473507,5964,Jumper (2008),Action|Adventure|Drama|Sci-Fi|Thriller,3.061447151188674
869,3.0849220103986137,577,Kansas City (1996),Crime|Drama|Musical|Thriller,3.0608608858458823
49347,3.083469721767594,611,Fast Food Nation (2006),Drama,3.0607803298291825
5081,3.078740157480315,762,Birthday Girl (2001),Drama|Romance,3.060604417469694
8911,3.092941176470588,425,Raise Your Voice (2004),Romance,3.0604911791365397
3525,3.067084942084942,2072,Bachelor Party (1984),Comedy,3.0604356092981657
62437,3.077111383108935,817,W. (2008),Drama,3.060291777483924
3732,3.087878787878788,495,"Fury, The (1978)",Horror,3.0601761064929613
2123,3.0645524790727623,3106,All Dogs Go to Heaven (1989),Animation|Children|Comedy|Drama|Fantasy,3.0601403933411166
94266,3.0738045738045736,962,"Five-Year Engagement, The (2012)",Comedy|Romance,3.059678755983247
202,3.0875,480,Total Eclipse (1995),Drama|Romance,3.0593565723969185
6619,3.0729376257545273,994,Uptown Girls (2003),Comedy,3.0593491074262724
313,3.068273092369478,1494,"Swan Princess, The (1994)",Animation|Children,3.059248956119177
2520,3.0676952141057936,1588,Airport (1970),Drama,3.059211174054175
257751,3.0926395939086295,394,Malignant (2021),Horror|Thriller,3.058741648188076
99910,3.0721544715447155,984,"Last Stand, The (2013)",Action|Crime|Thriller,3.0586138418526354
3029,3.0739884393063583,865,Nighthawks (1981),Action|Drama,3.058591440542341
5,3.0596016420860574,13154,Father of the Bride Part II (1995),Comedy,3.0585891863417705
3053,3.0630352860568686,2919,"Messenger: The Story of Joan of Arc, The (1999)",Drama|War,3.058481961431899
69069,3.087336244541485,458,Fired Up (2009),Comedy,3.0583746012450335
2447,3.0619912335629307,3194,Varsity Blues (1999),Comedy|Drama,3.0578770820006724
91128,3.074074074074074,810,"Rum Diary, The (2011)",Comedy|Drama|Thriller,3.0578572156200905
1463,3.0934065934065935,364,That Old Feeling (1997),Comedy|Romance,3.057537943579889
184,3.0948275862068964,348,Nadja (1994),Drama,3.0574049348636523
3649,3.065876152832675,1518,American Gigolo (1980),Drama,3.0573122449601646
6883,3.1051660516605164,271,Sylvia (2003),Drama|Romance,3.057251405308933
7450,3.0764094955489614,674,Laws of Attraction (2004),Comedy|Romance,3.0571730475892447
90738,3.1017241379310345,290,"Double, The (2011)",Action|Crime|Drama|Mystery|Thriller,3.0570885240677566
6593,3.0592726025047177,5829,Freaky Friday (2003),Children|Comedy|Fantasy,3.0570534239819858
52806,3.0812854442344046,529,Tales from Earthsea (Gedo Senki) (2006),Adventure|Animation|Fantasy,3.056903208150295
1422,3.0610674525212835,3054,Murder at 1600 (1997),Crime|Drama|Mystery|Thriller,3.056848528753554
4893,3.0993377483443707,302,When a Stranger Calls (1979),Horror|Thriller,3.056752596878043
109569,3.081261950286807,523,3 Days to Kill (2014),Action|Crime|Drama,3.0566977660579275
69275,3.0714285714285716,861,Dead Snow (Død snø) (2009),Action|Adventure|Comedy|Horror,3.056550144715843
59709,3.0910326086956523,368,"Oxford Murders, The (2007)",Crime|Mystery|Romance|Thriller,3.0563543615174487
7930,3.0859188544152745,419,"People Under the Stairs, The (1991)",Horror|Mystery|Thriller,3.0557942889955294
197689,3.0817805383022776,483,Polar (2019),Action,3.0556975073372237
81512,3.0740469208211145,682,Hereafter (2010),Drama|Fantasy,3.055607482672805
1896,3.1,280,Cousin Bette (1998),Comedy,3.055331831386111
56171,3.058363858363858,4095,"Golden Compass, The (2007)",Adventure|Children|Fantasy,3.055310897032647
3428,3.0925373134328358,335,"Champ, The (1979)",Drama,3.055257759239791
5696,3.0779816513761467,545,Urban Cowboy (1980),Drama,3.0551265973297825
68135,3.0584556824361067,3678,17 Again (2009),Comedy|Drama,3.0550727050905584
7012,3.0940438871473352,319,Mr. Destiny (1990),Comedy|Fantasy,3.0550537165348017
1856,3.074451410658307,638,Kurt & Courtney (1998),Documentary,3.054983657255738
2416,3.0590456573978715,2913,Back to School (1986),Comedy,3.0547977499668284
6750,3.073282442748092,655,Anything Else (2003),Comedy|Drama|Romance,3.054502716694451
100507,3.0818385650224216,446,21 and Over (2013),Comedy,3.054345957145077
275433,3.102766798418972,253,Crimes of the Future (2022),Drama|Horror|Sci-Fi,3.054323581630034
7439,3.058095238095238,3150,"Punisher, The (2004)",Action|Crime|Thriller,3.0542131294301433
191479,3.1015625,256,Smallfoot (2018),Animation|Comedy,3.054000803367229
3274,3.057864981709345,3007,Single White Female (1992),Drama|Thriller,3.0538299719340625
59256,3.0886627906976742,344,Deception (2008),Action|Drama|Thriller,3.0535756546131116
7026,3.0746924428822497,569,Summer School (1987),Comedy,3.053508993300054
297,3.0984848484848486,264,Panther (1995),Drama,3.053158521388407
169992,3.081730769230769,416,Free Fire (2017),Action|Crime|Drama,3.0530380592872826
6413,3.0872093023255816,344,"Electric Horseman, The (1979)",Comedy|Western,3.052732342081488
67252,3.094642857142857,280,Ong-Bak 2: The Beginning (Ong Bak 2) (2008),Action,3.0524957565137343
259,3.0580943121050073,2057,Kiss of Death (1995),Crime|Drama|Thriller,3.0523721781604203
105742,3.0924657534246576,292,"Fifth Estate, The (2013)",Drama|Thriller,3.0522555104827402
151739,3.065315315315315,888,Dirty Grandpa (2016),Comedy,3.052128600246384
303,3.0535305985205112,7435,"Quick and the Dead, The (1995)",Action|Thriller|Western,3.051961244370712
261759,3.064804469273743,895,Red Notice (2021),Action|Comedy|Crime|Thriller,3.0518096036542652
434,3.0520974814699833,25769,Cliffhanger (1993),Action|Adventure|Thriller,3.0516477119836773
110297,3.080246913580247,405,Muppets Most Wanted (2014),Adventure|Comedy|Crime,3.051636344425928
1642,3.0682819383259914,681,Indian Summer (a.k.a. Alive & Kicking) (1996),Comedy|Drama,3.0513657442952082
88812,3.0612157534246576,1168,30 Minutes or Less (2011),Action|Comedy|Crime,3.05135507489598
50792,3.0724907063197024,538,Catch and Release (2006),Comedy|Drama|Romance,3.0511691518872968
65088,3.057885410513881,1693,Bedtime Stories (2008),Adventure|Children|Comedy,3.051117465173343
96110,3.058668424522083,1517,"Campaign, The (2012)",Comedy,3.051115581641154
106540,3.072356215213358,539,Delivery Man (2013),Comedy,3.0511042081737707
8905,3.0728155339805827,515,1492: Conquest of Paradise (1992),Adventure|Drama,3.050746178321919
4155,3.056387225548902,2004,Sweet November (2001),Drama|Romance,3.0507190756891625
96121,3.0851063829787235,329,Hope Springs (2012),Comedy|Drama,3.050640258903122
1824,3.0737704918032787,488,Homegrown (1998),Comedy|Thriller,3.050569962844503
130075,3.081081081081081,370,Frozen Fever (2015),Adventure|Animation,3.050517055453408
56079,3.088135593220339,295,Smiley Face (2007),Comedy,3.050128710461692
268732,3.076923076923077,416,Scream (2022),Horror|Mystery|Thriller,3.0500300881638056
5506,3.059135399673736,1226,Blood Work (2002),Crime|Drama|Mystery|Thriller,3.0500135640518775
3144,3.091417910447761,268,"Glass Bottom Boat, The (1966)",Comedy|Romance,3.049845242058646
169764,3.079514824797844,371,Personal Shopper (2016),Drama|Thriller,3.049628981481068
3399,3.0681818181818183,594,Sesame Street Presents Follow That Bird (1985),Children|Comedy,3.0495491821332474
100326,3.0858085808580857,303,Stand Up Guys (2012),Comedy|Crime,3.0494020757748035
2723,3.050615212527964,8940,Mystery Men (1999),Action|Comedy|Fantasy,3.0493818635114227
2717,3.05033919968538,10171,Ghostbusters II (1989),Comedy|Fantasy|Sci-Fi,3.0492581508095196
115381,3.0902255639097747,266,"Alexander and the Terrible, Horrible, No Good, Very Bad Day (2014)",Comedy,3.049067791066448
3765,3.0793871866295266,359,"Hot Spot, The (1990)",Crime|Drama|Romance,3.0489636545815335
3619,3.0868055555555554,288,"Hollywood Knights, The (1980)",Comedy,3.048919734811164
84950,3.078167115902965,371,Take Me Home Tonight (2011),Comedy|Drama,3.048822399774341
26558,3.0903846153846155,260,"Stuff, The (1985)",Comedy|Horror|Mystery|Sci-Fi,3.0486637956771743
580,3.0676625659050965,569,Princess Caraboo (1994),Drama,3.04861841988032
3696,3.0665557404326123,601,Night of the Creeps (1986),Comedy|Horror|Sci-Fi|Thriller,3.0485527775269023
206845,3.078082191780822,365,The Laundromat (2019),Comedy|Crime|Drama,3.048485104447164
206805,3.0794117647058825,340,In the Shadow of the Moon (2019),Crime|Mystery|Sci-Fi,3.0479962737648396
196893,3.0782608695652174,345,Cold Pursuit (2019),Action|Drama|Thriller,3.0475921966999735
80858,3.0747422680412373,388,You Again (2010),Comedy,3.047519242612834
4409,3.072619047619048,420,Shadows and Fog (1991),Comedy|Drama|Mystery|Thriller,3.047488422215748
5723,3.0892857142857144,252,Continental Divide (1981),Comedy|Romance,3.0474446109405355
4219,3.06710775047259,529,Girls Just Want to Have Fun (1985),Comedy,3.047261866075478
61160,3.051663747810858,2284,Star Wars: The Clone Wars (2008),Action|Adventure|Animation|Sci-Fi,3.0470863459355337
45062,3.0581896551724137,928,"Sentinel, The (2006)",Crime|Drama|Thriller,3.046958115065098
82202,3.0506517690875232,2685,"Tourist, The (2010)",Drama|Thriller,3.046785850103996
706,3.0869565217391304,253,Sunset Park (1996),Drama,3.0463538665473484
53996,3.0468259895444363,13390,Transformers (2007),Action|Sci-Fi|Thriller|IMAX,3.046064199137769
74789,3.046728473998295,9384,Alice in Wonderland (2010),Adventure|Fantasy|IMAX,3.045652400172338
3537,3.0807017543859647,285,Where the Money Is (2000),Comedy|Drama,3.0454485964040345
5076,3.065130260521042,499,"Adventures of Huck Finn, The (1993)",Adventure|Children|Comedy|Drama,3.04514641746238
110655,3.0581550802139037,748,Rio 2 (2014),Adventure|Animation|Children|Comedy,3.0449042086669817
97836,3.0586987270155586,707,Here Comes the Boom (2012),Action|Comedy,3.0447379491789035
7035,3.0777027027027026,296,Streets of Fire (1984),Action|Romance,3.0445311169390976
2513,3.046562428144401,4349,Pet Sematary (1989),Horror,3.0443169720133354
6850,3.0606837606837605,585,Leap of Faith (1992),Comedy|Drama,3.0440880268858543
6537,3.0442828589151563,14509,Terminator 3: Rise of the Machines (2003),Action|Adventure|Sci-Fi,3.043621721628424
5451,3.0613382899628254,538,Pumpkin (2002),Comedy|Drama|Romance,3.043544294853367
886,3.0485175202156336,1855,Bulletproof (1996),Action|Comedy|Crime,3.043378965549748
2252,3.0488439306358384,1730,Hero (1992),Comedy|Drama,3.043339737035785
85885,3.0793650793650795,252,Room in Rome (Habitación en Roma) (2010),Drama|Romance,3.0424535947696434
119155,3.0472972972972974,1850,Night at the Museum: Secret of the Tomb (2014),Adventure|Children|Comedy|Fantasy,3.0422912028301083
2325,3.0465711361310133,1954,Orgazmo (1997),Comedy,3.041883428943717
3863,3.0427692307692307,9750,"Cell, The (2000)",Drama|Horror|Thriller,3.0418311019832296
3882,3.0428486115258284,6698,Bring It On (2000),Comedy,3.041495488004738
4767,3.0629453681710213,421,Abbott and Costello Meet the Mummy (1955),Comedy|Horror,3.041446492939415
67788,3.0474048442906576,1445,Confessions of a Shopaholic (2009),Comedy|Romance,3.04118602374409
2142,3.044681692368525,2529,"American Tail: Fievel Goes West, An (1991)",Adventure|Animation|Children|Musical|Western,3.0411335921451865
6243,3.060085836909871,466,Ringu 2 (Ring 2) (1999),Horror|Mystery,3.040935803077513
5459,3.0413897602211706,18809,Men in Black II (a.k.a. MIIB) (a.k.a. MIB 2) (2002),Action|Comedy|Sci-Fi,3.0409155786115005
40966,3.0552845528455284,615,"Libertine, The (2004)",Drama,3.040820703345427
82378,3.0626535626535625,407,All Good Things (2010),Drama|Mystery|Thriller,3.0408065339535204
52694,3.045735129068462,1782,Mr. Bean's Holiday (2007),Comedy,3.0407528709538205
75395,3.0556492411467118,593,Frozen (2010),Drama|Horror|Thriller,3.0406996147049696
42,3.0438084112149535,2568,Dead Presidents (1995),Action|Crime|Drama,3.0403865971884394
691,3.0475223395613322,1231,Mrs. Winterbourne (1996),Comedy|Romance,3.0403844892358363
4313,3.066869300911854,329,"Man Who Cried, The (2000)",Drama,3.0402578397994713
71823,3.061868686868687,396,"New York, I Love You (2009)",Drama|Romance,3.039951939246572
67186,3.0550621669626996,563,"Haunting in Connecticut, The (2009)",Horror|Thriller,3.0397401226999805
58806,3.058114035087719,456,Smart People (2008),Comedy|Drama|Romance,3.0393885737269315
158260,3.0659163987138265,311,A Hologram for the King (2015),Comedy|Drama,3.038873023075753
80094,3.0551181102362204,508,"Last Exorcism, The (2010)",Horror|Thriller,3.0386642959705563
2844,3.053135888501742,574,"Minus Man, The (1999)",Drama|Mystery,3.0386012949569987
193956,3.056025369978858,473,The Grinch (2018),Animation|Children|Comedy,3.038461013464627
5941,3.0443173695496784,1399,Drumline (2002),Comedy|Drama|Musical|Romance,3.038391289289468
108928,3.0445283018867926,1325,"Monuments Men, The (2014)",Action|Drama|War,3.038290238020277
131714,3.067765567765568,273,Last Knights (2015),Action|Adventure,3.0378712504696574
58107,3.0458624127617147,1003,Step Up 2 the Streets (2008),Drama|Musical|Romance,3.0377546174775256
162594,3.06140350877193,342,Morgan (2016),Sci-Fi|Thriller,3.037679819969731
451,3.0500782472613457,639,Flesh and Bone (1993),Drama|Mystery|Romance,3.0374648109247824
162590,3.0498417721518987,632,Bridget Jones's Baby (2016),Comedy|Romance,3.0371949206721696
1829,3.0649122807017544,285,Chinese Box (1997),Drama|Romance,3.037020051732748
2060,3.0394190871369293,3133,BASEketball (1998),Comedy,3.036891985457912
80590,3.0436893203883497,1133,Wall Street: Money Never Sleeps (2010),Drama,3.036735657876919
100737,3.057142857142857,385,Snitch (2013),Action|Drama|Thriller,3.036701381322155
6927,3.048611111111111,648,"Human Stain, The (2003)",Drama|Romance|Thriller,3.036531392150869
1409,3.0375691456668714,6508,Michael (1996),Comedy|Drama|Fantasy|Romance,3.0363724497358424
106491,3.041845493562232,1398,47 Ronin (2013),Action|Adventure|Fantasy,3.0362893956039314
1833,3.0387569832402233,2864,Mercury Rising (1998),Action|Drama|Thriller,3.036064443322983
7366,3.0400340715502554,1761,Jersey Girl (2004),Comedy|Drama|Romance,3.0357057593015147
84395,3.0449574726609963,823,"Rite, The (2011)",Drama|Horror|Thriller,3.0356982979943226
2179,3.052808988764045,445,Topaz (1969),Thriller,3.0356895887305297
92008,3.0453333333333332,750,Haywire (2011),Action|Thriller,3.0353038398439427
27905,3.0589171974522293,314,Casshern (2004),Action|Drama|Fantasy|Sci-Fi,3.0351128186536047
7782,3.0515695067264574,446,Sniper (1993),Action|Drama,3.0349187014248296
2651,3.0507726269315674,453,Frankenstein Meets the Wolf Man (1943),Horror,3.034570459638288
59037,3.0408426483233018,1163,Speed Racer (2008),Action|Children|Sci-Fi|IMAX,3.0345385690347153
45382,3.0607142857142855,280,Down in the Valley (2005),Drama|Romance,3.0345339489886825
203222,3.0405965202982603,1207,The Lion King (2019),Adventure|Animation|Children|Drama,3.0345250399204025
30825,3.0352745958676803,9341,Meet the Fockers (2004),Comedy,3.0344909754658667
554,3.0486381322957197,514,Trial by Jury (1994),Crime|Drama|Thriller,3.0344278484992975
1690,3.034927697441602,13485,Alien: Resurrection (1997),Action|Horror|Sci-Fi,3.034386809691356
54775,3.0432873274780428,797,War (2007),Action|Thriller,3.0341954351468727
270526,3.04978354978355,462,The Lost City (2022),Action|Adventure|Comedy|Romance,3.0341327973274925
53127,3.0510688836104514,421,Bug (2007),Drama|Horror|Thriller,3.0339826923721667
4911,3.042405063291139,790,Jabberwocky (1977),Adventure|Comedy|Fantasy,3.0334632838772877
2135,3.0364630811303557,2194,Doctor Dolittle (1967),Adventure|Children|Musical,3.0332657929592344
47950,3.045703839122486,547,Hollywoodland (2006),Crime|Drama|Mystery|Thriller,3.0330003839931075
7376,3.0374420145791916,1509,Walking Tall (2004),Action,3.032860234154454
5663,3.0481651376146788,436,Below (2002),Horror,3.032508403591932
210865,3.043103448275862,638,Bad Boys for Life (2020),Action|Crime|Thriller,3.032433200608991
233555,3.0497448979591835,392,The Little Things (2021),Crime|Thriller,3.0323997591201657
1582,3.045186640471513,509,Wild America (1997),Adventure|Children,3.032016104525814
95583,3.0433275563258233,577,Savages (2012),Crime|Drama|Thriller,3.031801677709304
1342,3.033348880597015,4288,Candyman (1992),Horror|Thriller,3.031798145345966
135887,3.0337984496124033,3225,Minions (2015),Adventure|Animation|Children|Comedy,3.0317409843749434
4256,3.0559701492537314,268,"Center of the World, The (2001)",Drama,3.031466445386176
276317,3.054006968641115,287,Minions: The Rise of Gru (2022),Action|Adventure|Animation|Children|Comedy,3.0312838320957534
95067,3.0473815461346634,401,"Thousand Words, A (2012)",Comedy|Drama,3.0311817289123164
104441,3.0468354430379745,395,"Frozen Ground, The (2013)",Crime|Drama|Thriller,3.0306957689394536
72209,3.040765391014975,601,Astro Boy (2009),Action|Animation|Children|Sci-Fi,3.0303153378281142
5555,3.0495356037151704,323,Wolfen (1981),Horror,3.0301888540306248
54780,3.0384615384615383,754,"Nanny Diaries, The (2007)",Comedy|Drama|Romance,3.0301774908965142
3756,3.054054054054054,259,"Golden Bowl, The (2000)",Drama,3.0300551400277893
382,3.0310794153900336,5679,Wolf (1994),Drama|Horror|Romance|Thriller,3.029987854994199
52245,3.0313142857142856,4375,Blades of Glory (2007),Comedy|Romance,3.0299022482363616
193175,3.053030303030303,264,Mowgli (2018),Adventure|Drama,3.0297621478263097
409,3.0422680412371133,485,Above the Rim (1994),Crime|Drama,3.029656636626399
3620,3.0542168674698793,249,"Myth of Fingerprints, The (1997)",Comedy|Drama,3.029654560393883
135861,3.032042415859843,2169,Ted 2 (2015),Comedy,3.0292671349601363
3615,3.031002057008522,3403,Dinosaur (2000),Adventure|Animation|Children,3.029235468008465
2567,3.02993000241371,4143,EDtv (1999),Comedy,3.0285218255470556
222455,3.0433673469387754,392,Bill & Ted Face the Music (2020),Adventure|Comedy|Sci-Fi,3.028498994570314
5843,3.035759096612296,797,Toy Soldiers (1991),Action|Drama,3.0284587490392143
2533,3.029948965887725,3723,Escape from the Planet of the Apes (1971),Action|Sci-Fi,3.0283906960447426
78679,3.046153846153846,325,"Killer Inside Me, The (2010)",Crime|Drama|Thriller|Western,3.0283411842134766
67193,3.0352644836272042,794,Duplicity (2009),Crime|Romance|Thriller,3.0280611809570566
3843,3.037671232876712,584,Sleepaway Camp (1983),Horror,3.0279325316606003
8969,3.0290306503862445,4013,Bridget Jones: The Edge of Reason (2004),Comedy|Drama|Romance,3.0276320433656614
1488,3.02905441098785,3786,"Devil's Own, The (1997)",Action|Drama|Thriller,3.027575653825402
88954,3.0357142857142856,672,"Very Harold & Kumar 3D Christmas, A (2011)",Comedy,3.027435123922374
57526,3.0374087591240877,548,Untraceable (2008),Crime|Thriller,3.0273120913792377
7541,3.0377176015473886,517,100 Girls (2000),Comedy|Romance,3.0271119018411206
4980,3.0280849181777976,4522,Bill & Ted's Bogus Journey (1991),Adventure|Comedy|Fantasy|Sci-Fi,3.0268848656689755
251,3.04,400,"Hunted, The (1995)",Action,3.0266065736170664
410,3.0268025389269066,20166,Addams Family Values (1993),Children|Comedy|Fantasy,3.0265377251723065
8959,3.034431137724551,668,Birth (2004),Drama|Mystery,3.026464178885499
3247,3.027054912300814,8723,Sister Act (1992),Comedy|Crime,3.026445346651224
210577,3.0320855614973263,935,Sonic the Hedgehog (2020),Action|Adventure|Children|Comedy|Fantasy|Sci-Fi,3.0264084851931026
188307,3.037313432835821,469,Hotel Transylvania 3: Summer Vacation (2018),Animation|Children|Comedy|Fantasy,3.0261387458143396
82244,3.0444839857651247,281,13 (2010),Thriller,3.02597660996436
40723,3.031782065834279,881,Wolf Creek (2005),Crime|Horror|Thriller,3.0259005271440964
87785,3.0440140845070425,284,Takers (2010),Action|Crime|Thriller,3.025830372715546
144620,3.032218091697646,807,Goosebumps (2015),Adventure|Comedy|Horror,3.0258215793352727
155820,3.0339652448657186,633,Keanu (2016),Comedy,3.025813590679345
64997,3.035645472061657,519,War of the Worlds (2005),Action|Sci-Fi,3.0257390358381486
80363,3.027848101265823,2370,Resident Evil: Afterlife (2010),Action|Horror|Sci-Fi|Thriller|IMAX,3.025684449814851
60141,3.0428082191780823,292,St. Trinian's (2007),Children|Comedy,3.0254483372529384
76,3.0267387087835966,3609,Screamers (1995),Action|Sci-Fi|Thriller,3.0253415084942885
1489,3.035569105691057,492,Cats Don't Dance (1997),Animation|Children|Musical,3.025327312215028
50923,3.035940803382664,473,"Astronaut Farmer, The (2007)",Drama,3.0253012960522434
5731,3.0431654676258995,278,"Entity, The (1981)",Horror,3.025175565800179
1351,3.037081339712919,418,Blood and Wine (Blood & Wine) (1996),Crime|Drama|Thriller,3.0251387098817126
44864,3.0329153605015673,638,Friends with Money (2006),Comedy|Drama|Romance,3.0251043021987982
201242,3.0416666666666665,300,The Perfection (2018),Drama|Horror|Thriller,3.025077437821305
55553,3.032185628742515,668,Black Sheep (2006),Comedy|Horror,3.024828231672063
2168,3.0339622641509436,530,Dance with Me (1998),Drama|Romance,3.0247336058802343
77540,3.0315568022440393,713,Solomon Kane (2009),Action|Adventure|Fantasy|Horror,3.0247063162700014
77206,3.035031847133758,471,Diary of a Wimpy Kid (2010),Children|Comedy,3.024677046284365
61289,3.041522491349481,289,Sukiyaki Western Django (2008),Action|Western,3.024660728053754
178523,3.0326460481099655,582,1922 (2017),Crime|Drama|Mystery,3.0243892232761036
2267,3.032423208191126,586,Mortal Thoughts (1991),Mystery|Thriller,3.024272374679739
4745,3.0288753799392096,987,O (2001),Drama,3.0240836682742245
3051,3.0277777777777777,1278,Anywhere But Here (1999),Comedy|Drama,3.024078201336115
59258,3.0274980635166537,1291,Baby Mama (2008),Comedy,3.02387493059297
2524,3.0258973194002725,2201,"Towering Inferno, The (1974)",Action|Adventure|Drama|Thriller,3.023782605665584
5378,3.023691409812147,27415,Star Wars: Episode II - Attack of the Clones (2002),Action|Adventure|Sci-Fi|IMAX,3.023523979107072
151639,3.029970760233918,684,The Boy (2016),Horror|Thriller,3.0233304808876773
184239,3.039285714285714,280,Peter Rabbit (2018),Animation,3.0231896494991766
4599,3.0300925925925926,648,Great Balls of Fire! (1989),Drama,3.023151974155552
8266,3.029585798816568,676,Purple Rain (1984),Drama|Musical,3.0229916808521073
5463,3.0239599215857114,4591,Reign of Fire (2002),Action|Adventure|Fantasy,3.0229891125064805
6646,3.0390625,256,Valley of the Dolls (1967),Drama,3.0223113599130804
1367,3.022238586156112,10185,101 Dalmatians (1996),Adventure|Children|Comedy,3.021829326102427
210573,3.02859477124183,612,The King's Man (2020),Action|Adventure|Comedy,3.0217969632014343
251606,3.032133676092545,389,Hitman's Wife's Bodyguard (2021),Action|Comedy|Thriller,3.0215786261484787
90578,3.0316622691292876,379,Dream House (2011),Drama|Mystery|Thriller,3.0211259844244536
224324,3.034090909090909,308,Synchronic (2019),Horror|Sci-Fi,3.0211258854733605
4161,3.0218279769645178,5383,"Mexican, The (2001)",Action|Comedy,3.02108791093949
8884,3.0303030303030303,429,"Man with One Red Shoe, The (1985)",Comedy|Thriller,3.0210429349758288
34292,3.0344827586206895,290,Hardware (1990),Action|Horror|Sci-Fi,3.02090370313623
27478,3.024514811031665,979,Ali G Indahouse (2002),Comedy,3.0205757843636407
87522,3.0267379679144386,561,Larry Crowne (2011),Comedy|Drama|Romance,3.020082733201771
1609,3.024074074074074,810,187 (One Eight Seven) (1997),Drama|Thriller,3.0196099779205916
8640,3.0206325301204817,3320,King Arthur (2004),Action|Adventure|Drama|War,3.0195480415870755
1590,3.019925700776765,8883,Event Horizon (1997),Horror|Sci-Fi|Thriller,3.0195211298437474
194947,3.0290858725761773,361,Cam (2018),Horror|Thriller,3.0192900567635914
158813,3.0217391304347827,1357,Alice Through the Looking Glass (2016),Adventure|Children|Fantasy,3.019157485285581
201,3.0286103542234333,367,Three Wishes (1995),Drama|Fantasy,3.019102136093707
32298,3.0228571428571427,875,Guess Who (2005),Comedy|Romance,3.018920727484753
40962,3.0247863247863247,585,"Yours, Mine and Ours (2005)",Comedy|Romance,3.018905151241293
58972,3.0275,400,Nim's Island (2008),Adventure|Comedy|Fantasy,3.0189012261058936
34336,3.0217573221757323,1195,Must Love Dogs (2005),Comedy|Romance,3.0188828905188134
1866,3.020578420467186,1798,"Big Hit, The (1998)",Action|Comedy|Crime,3.018694125565545
166492,3.0251937984496124,516,Office Christmas Party (2016),Comedy,3.0186495040137458
27784,3.03125,256,One Missed Call (Chakushin ari) (2003),Horror|Mystery,3.0183501794813115
133195,3.0219399538106235,866,Hitman: Agent 47 (2015),Action|Crime|Thriller,3.018176523114283
664,3.027950310559006,322,Faithful (1996),Comedy,3.0179803916975203
6559,3.0237226277372264,548,Little Giants (1994),Children|Comedy,3.0179006219351416
1472,3.0256097560975608,410,City of Industry (1997),Crime|Thriller,3.0178555252999155
1616,3.0183154456369574,4286,"Peacemaker, The (1997)",Action|Thriller|War,3.017589143226998
7101,3.019906323185012,1281,Doc Hollywood (1991),Comedy|Romance,3.017494611164203
5636,3.02724358974359,312,Welcome to Collinwood (2002),Comedy|Crime,3.0174095304334365
4126,3.021865889212828,686,Less Than Zero (1987),Drama,3.0173975886406184
93982,3.0233265720081137,493,"Raven, The (2012)",Mystery|Thriller,3.0172058304624807
1848,3.0190067443286326,1631,"Borrowers, The (1997)",Adventure|Children|Comedy|Fantasy,3.0171631499654845
5548,3.0200210748155953,949,Down and Out in Beverly Hills (1986),Comedy,3.016917109625273
49220,3.0216998191681737,553,For Your Consideration (2006),Comedy,3.016541969846757
71248,3.019559902200489,818,Extract (2009),Comedy,3.01618240286823
90717,3.017857142857143,1596,Tower Heist (2011),Action|Comedy|Crime,3.0161336688276412
7372,3.02416918429003,331,Ned Kelly (2003),Drama,3.0159769022592076
4228,3.0170981924767952,2047,Heartbreakers (2001),Comedy|Crime|Romance,3.0157955510345027
4600,3.022792022792023,351,Gross Anatomy (a.k.a. A Cut Above) (1989),Comedy|Drama,3.015444250075203
27689,3.023728813559322,295,"Crimson Rivers 2: Angels of the Apocalypse (Rivières pourpres II - Les anges de l'apocalypse, Les) (2004)",Action|Crime|Thriller,3.0151958183859433
105037,3.021197007481297,401,"To Do List, The (2013)",Comedy,3.015025397168971
5348,3.0185185185185186,702,Hollywood Ending (2002),Comedy|Drama,3.0150015833632504
38992,3.0194444444444444,540,Two for the Money (2005),Drama,3.014913177361027
74154,3.017730496453901,846,When in Rome (2010),Comedy|Romance,3.014855243054265
241,3.018581081081081,592,Fluke (1995),Children|Drama,3.01458556977062
248,3.0150126422250314,3164,Houseguest (1994),Comedy,3.0142884367019582
130956,3.0214285714285714,280,Child 44 (2015),Crime|Thriller,3.013736066591254
177607,3.018987341772152,395,American Assassin (2017),Action|Thriller,3.0136123708962796
3858,3.0159165751920964,911,Cecil B. DeMented (2000),Comedy,3.0135916937840452
36289,3.0176600441501105,453,Asterix & Obelix vs. Caesar (Astérix et Obélix contre César) (1999),Adventure|Children|Comedy|Fantasy,3.0131998940306515
135530,3.018421052631579,380,Criminal (2016),Action|Crime|Drama|Sci-Fi,3.013142002894124
51927,3.015281173594132,818,Dead Silence (2007),Horror|Mystery|Thriller,3.0129018704846886
5312,3.0140080045740425,1749,Murder by Numbers (2002),Crime|Thriller,3.0128960436558962
111743,3.0137408861469432,1783,A Million Ways to Die in the West (2014),Comedy|Western,3.012680252778244
2802,3.0134117647058822,2125,Tequila Sunrise (1988),Action|Drama|Romance|Thriller,3.0125384412233513
423,3.013281569268492,2447,Blown Away (1994),Action|Thriller,3.012524576438338
110553,3.012546468401487,4304,The Amazing Spider-Man 2 (2014),Action|Sci-Fi|IMAX,3.0121384185069107
1544,3.0120604855588113,19112,"Lost World: Jurassic Park, The (1997)",Action|Adventure|Sci-Fi|Thriller,3.011970776442217
40851,3.0128563443264396,1789,Zathura (2005),Action|Adventure|Children|Fantasy,3.0119068676677534
1043,3.013157894736842,1216,To Gillian on Her 37th Birthday (1996),Drama|Romance,3.0117857912622803
59421,3.0125847047434657,2066,What Happens in Vegas... (2008),Comedy|Romance,3.0117780489956867
109191,3.0166666666666666,300,Winter's Tale (2014),Drama|Fantasy|Mystery,3.011413746802905
278,3.012775330396476,1135,Miami Rhapsody (1995),Comedy,3.0113917231159144
210867,3.0140562248995986,498,Underwater (2020),Action|Horror,3.0110657459099137
2840,3.0111392863611663,5521,Stigmata (1999),Drama|Thriller,3.010878005792148
765,3.0109360518999075,5395,Jack (1996),Comedy|Drama,3.0106779010294504
1410,3.012434554973822,764,"Evening Star, The (1996)",Comedy|Drama,3.0106279056373917
107702,3.0153846153846153,260,Grudge Match (2013),Comedy,3.0103458550208577
32300,3.0140056022408963,357,D.E.B.S. (2004),Action|Comedy,3.0103399993730227
5588,3.0123558484349258,607,"Hills Have Eyes, The (1977)",Horror,3.0102406888890227
124859,3.0136612021857925,366,The Gambler (2014),Crime|Drama|Thriller,3.010188657700625
34326,3.013404825737265,373,Last Days (2005),Drama,3.01007397591271
3918,3.010669828097214,1687,Hellbound: Hellraiser II (1988),Horror,3.0099514466760238
206499,3.012853470437018,389,Between Two Ferns: The Movie (2019),Comedy,3.009821297413567
26464,3.013745704467354,291,Blue Thunder (1983),Action|Crime|Drama,3.0097518162995267
8861,3.00960929250264,4735,Resident Evil: Apocalypse (2004),Action|Horror|Sci-Fi|Thriller,3.00938321507657
95199,3.011933174224344,419,What to Expect When You're Expecting (2012),Comedy|Drama|Romance,3.009380155143157
2485,3.0091979396615156,6795,She's All That (1999),Comedy|Romance,3.0090525143202083
56274,3.011392405063291,395,Margot at the Wedding (2007),Drama,3.00895326233905
54771,3.00987525987526,962,"Invasion, The (2007)",Action|Drama|Horror|Sci-Fi|Thriller,3.008890086398641
210569,3.0093423019431986,1338,Birds of Prey (And the Fantabulous Emancipation of One Harley Quinn) (2020),Action|Adventure|Crime,3.008674148100141
143387,3.010015408320493,649,Pitch Perfect 3 (2017),(no genres listed),3.0086479626017537
200630,3.0119521912350598,251,Missing Link (2019),Adventure|Animation|Children|Comedy|Fantasy,3.008531717583746
95449,3.0090987868284227,1154,Magic Mike (2012),Drama|Romance,3.008386204020325
4574,3.0098684210526314,456,Blind Fury (1989),Action|Thriller,3.008178473003425
62137,3.010752688172043,279,Nights in Rodanthe (2008),Drama|Romance,3.008079192309366
7019,3.0102639296187683,341,Project X (1987),Comedy|Drama,3.0080776498052453
801,3.0077142857142856,1750,Harriet the Spy (1996),Children|Comedy,3.0073865654210388
2812,3.008771929824561,342,In Too Deep (1999),Action|Thriller,3.00721781286193
79224,3.007398051245038,2771,"Karate Kid, The (2010)",Action|Children|Drama,3.007207194152162
201594,3.0076804915514592,651,Brightburn (2019),Drama|Horror|Sci-Fi|Thriller,3.006961890899116
80846,3.006519274376417,1764,Devil (2010),Horror|Mystery|Thriller,3.006341599493325
217146,3.0070671378091873,283,The Lovebirds (2020),Action|Comedy|Romance,3.0061383824405237
170399,3.0067567567567566,296,CHiPS (2017),Action|Comedy|Drama,3.005991935437905
52644,3.0061099796334014,982,Vacancy (2007),Horror|Thriller,3.00590218995866
173209,3.006426735218509,389,War Machine (2017),Comedy|Drama|War,3.0059021878352636
1917,3.0057553147613514,26671,Armageddon (1998),Action|Romance|Sci-Fi|Thriller,3.0057490928874224
201749,3.005643340857788,886,Murder Mystery (2019),Comedy|Crime,3.005520315111564
8865,3.005316742081448,4420,Sky Captain and the World of Tomorrow (2004),Action|Adventure|Sci-Fi,3.0053042484568344
6992,3.005338078291815,562,Guarding Tess (1994),Comedy|Drama,3.005259595042687
247150,3.0052631578947366,285,Stowaway (2021),Drama|Sci-Fi,3.005178882974554
135,3.004985647378758,6619,Down Periscope (1996),Comedy,3.0049891532521027
3206,3.0049261083743843,812,Against All Odds (1984),Romance,3.004962772759086
8906,3.004315659679408,811,Cannibal Holocaust (1980),Horror,3.004495712444678
71379,3.004417670682731,3735,Paranormal Activity (2009),Horror|Thriller,3.0044591996837555
95488,3.003584229390681,279,On the Road (2012),Adventure|Drama,3.0042905959843047
694,3.0040852575488453,2815,"Substitute, The (1996)",Action|Crime|Drama,3.004166260524206
7367,3.003843689942345,3122,"Ladykillers, The (2004)",Comedy|Crime,3.0039351525171663
50162,3.003338898163606,599,Arthur and the Invisibles (2007),Action|Children|Fantasy,3.0038506965681266
7065,3.0028735632183907,522,"Birth of a Nation, The (1915)",Drama|War,3.00358672411482
189,3.0015060240963853,332,Reckless (1995),Comedy|Fantasy,3.003038398382018
4476,3.0012048192771084,415,Big Business (1988),Comedy,3.002658541376886
67534,3.0,273,Big Stan (2007),Comedy,3.0024238467524706
7817,3.0014367816091956,696,Zardoz (1974),Fantasy|Sci-Fi,3.0023970850038255
53466,3.0,295,Nancy Drew (2007),Adventure|Crime|Thriller,3.0023258055159303
1346,3.00161377084454,1859,Cat People (1982),Drama|Fantasy|Horror,3.002023343431906
2418,3.000713266761769,701,Nothing in Common (1986),Comedy,3.00185809624183
193697,3.0,448,High Life (2018),Drama|Horror|Mystery|Sci-Fi,3.001815189582601
344,3.001755289271672,42728,Ace Ventura: Pet Detective (1994),Comedy,3.001774558090977
3707,3.0010526315789474,1900,9 1/2 Weeks (Nine 1/2 Weeks) (1986),Drama|Romance,3.001519384624745
271799,2.998148148148148,270,Sonic the Hedgehog 2 (2022),Action|Children|Comedy|Sci-Fi,3.0014742833303423
134783,2.9987531172069826,401,Entourage (2015),Comedy,3.0011771128175324
161354,2.9990384615384613,520,Batman: The Killing Joke (2016),Action|Animation|Crime|Drama,3.0009949351282534
51925,2.999493927125506,988,Premonition (2007),Drama|Fantasy|Mystery|Thriller,3.000618486231801
6991,2.998233215547703,566,"Greystoke: The Legend of Tarzan, Lord of the Apes (1984)",Adventure|Drama|Romance,3.000325200171941
1332,2.998716302952503,779,"Believers, The (1987)",Horror|Thriller,3.000257812647256
366,2.999510603588907,3065,"Wes Craven's New Nightmare (Nightmare on Elm Street Part 7: Freddy's Finale, A) (1994)",Drama|Horror|Mystery|Thriller,2.9999290882706524
198151,2.9976,625,Uncharted: Drake's Fortune,Action|Adventure,2.9997310969448616
1624,2.9968879668049793,482,"Thousand Acres, A (1997)",Drama,2.9996784862773493
192559,2.9959785522788205,373,The House with a Clock in Its Walls (2018),Children|Fantasy|Horror|Mystery|Sci-Fi|Thriller,2.9996221347806955
165141,2.9975874547647767,829,Trolls (2016),Adventure|Animation|Children,2.999318123777822
1352,2.9974747474747474,792,Albino Alligator (1996),Crime|Thriller,2.999293885695182
2378,2.9990131115183982,7093,Police Academy (1984),Comedy|Crime,2.999218867816248
996,2.9985632183908044,3480,Last Man Standing (1996),Action|Crime|Drama|Thriller,2.998998365636009
5569,2.9960380348652933,631,"Last House on the Left, The (1972)",Crime|Horror|Thriller,2.9985964377998804
2546,2.9967228464419478,1068,"Deep End of the Ocean, The (1999)",Drama,2.998302836677132
4168,2.9954128440366974,654,Get Over It (2001),Comedy|Romance,2.998078420223851
140529,2.9932614555256065,371,Sinister 2 (2015),Horror|Mystery|Thriller,2.9980077522505475
609,2.997297297297297,2590,Homeward Bound II: Lost in San Francisco (1996),Adventure|Children,2.9979798533305555
84613,2.9927745664739884,346,Sanctum (2011),Action|Adventure|Drama|Thriller|IMAX,2.9979240302909975
5638,2.9941747572815536,515,Godzilla vs. Mothra (Mosura tai Gojira) (1964),Action|Adventure|Fantasy|Sci-Fi,2.9977287676660747
118,2.996024734982332,1132,If Lucy Fell (1996),Comedy|Romance,2.9976573290029074
4568,2.991596638655462,357,Best of the Best (1989),Action,2.9971365004458073
202101,2.9908814589665655,329,Stuber (2019),Action|Comedy,2.9969977602009257
2103,2.988,250,Tall Tale (1995),Adventure|Children|Fantasy|Western,2.9965223604331825
575,2.995716639209226,3035,"Little Rascals, The (1994)",Children|Comedy,2.9964265067816056
3258,2.995768526989936,4372,Death Becomes Her (1992),Comedy|Fantasy,2.9962702083187507
4354,2.9923076923076923,585,Unlawful Entry (1992),Crime|Thriller,2.996120644705737
152091,2.992763157894737,760,The Brothers Grimsby (2016),Comedy,2.9958023645753937
189577,2.987632508833922,283,Tau,Sci-Fi|Thriller,2.995798092912417
79463,2.987544483985765,281,Nanny McPhee Returns (a.k.a. Nanny McPhee and the Big Bang) (2010),Children|Comedy|Fantasy,2.9957822336669455
99957,2.9882697947214076,341,Broken City (2013),Crime|Drama|Thriller,2.995363630479936
370,2.9951236393380736,15893,Naked Gun 33 1/3: The Final Insult (1994),Action|Comedy,2.9952771981997235
37382,2.9932239657631956,1402,Domino (2005),Crime|Drama|Thriller,2.9950118151433247
101025,2.9924528301886792,1060,Jack the Giant Slayer (2013),Adventure|Fantasy|IMAX,2.994854462235552
26629,2.98992673992674,546,Killer Klowns from Outer Space (1988),Comedy|Horror|Sci-Fi,2.9946722928923317
2598,2.993875551200392,4082,Pushing Tin (1999),Comedy,2.994519616158331
4862,2.9895104895104896,572,Not Without My Daughter (1991),Drama,2.994231947399335
3452,2.9936144334076626,4933,Romeo Must Die (2000),Action|Crime|Romance|Thriller,2.994165268650517
112450,2.9849498327759196,299,They Came Together (2014),Comedy|Romance,2.9940956481476815
103219,2.9845890410958904,292,Maniac (2012),Horror|Thriller,2.9940192376042054
2771,2.9923258559622194,1694,Brokedown Palace (1999),Drama,2.993960062597208
2751,2.9854227405247813,343,From the Hip (1987),Comedy|Drama,2.993689821963363
72393,2.9898348157560357,787,"Fourth Kind, The (2009)",Horror|Mystery|Sci-Fi|Thriller,2.9934984126075053
101285,2.9912613981762917,1316,Spring Breakers (2013),Comedy|Crime|Drama,2.993459649575126
168418,2.9906832298136647,1288,The Boss Baby (2017),Animation|Children|Comedy,2.99301516404458
3752,2.9926205181679633,12467,"Me, Myself & Irene (2000)",Adventure|Comedy,2.9928644457427405
54908,2.9816176470588234,272,Taxi 4 (2007),Action|Comedy,2.9928297285853604
2893,2.986166007905138,506,Plunkett & MaCleane (1999),Action|Adventure|Drama,2.9924029747252807
2822,2.990882917466411,2084,Medicine Man (1992),Adventure|Romance,2.9923978762999335
5678,2.9877717391304346,736,Formula 51 (2001),Action|Comedy|Crime|Thriller,2.9921464165094065
3708,2.9898523985239853,1626,Firestarter (1984),Horror|Thriller,2.991874236289997
3719,2.981981981981982,333,Love's Labour's Lost (2000),Comedy|Romance,2.9918628726930994
5563,2.9869186046511627,688,City by the Sea (2002),Crime|Drama,2.991744055523657
43556,2.9808306709265175,313,Annapolis (2006),Drama,2.9915732436734555
6238,2.988973121984838,1451,Green Card (1990),Comedy|Drama|Romance,2.9913318463557355
192551,2.9804469273743015,358,Mile 22 (2018),Action,2.990550347042535
152061,2.980392156862745,357,Triple 9 (2016),Crime|Drama,2.9905347509821993
48,2.9902342503350994,15667,Pocahontas (1995),Animation|Children|Drama|Musical|Romance,2.99046645214032
4270,2.9901787032934575,13542,"Mummy Returns, The (2001)",Action|Adventure|Comedy|Thriller,2.9904476869254446
2587,2.987037037037037,1080,Life (1999),Comedy|Crime|Drama,2.9904168903755846
282649,2.978114478114478,297,Knock at the Cabin (2023),Horror|Mystery|Thriller,2.990410341857693
62265,2.979942693409742,349,"Accidental Husband, The (2009)",Comedy|Romance,2.990408104398921
4867,2.9882655981682884,1747,Riding in Cars with Boys (2001),Comedy|Drama,2.9903627464402596
142032,2.9763636363636365,275,The Transporter Refuelled (2015),Action|Crime|Thriller,2.990007645772313
112727,2.9773462783171523,309,Deliver Us from Evil (2014),Crime|Horror|Thriller,2.9897203900701106
50064,2.98019801980198,404,"Good German, The (2006)",Drama|Mystery|Thriller,2.989684493215063
210271,2.985244040862656,881,6 Underground (2019),Action|Adventure|Thriller,2.989614130117811
202159,2.9817444219066935,493,Crawl (2019),Action|Horror|Thriller,2.9895740741610926
2853,2.975,280,"Alice, Sweet Alice (a.k.a. Communion) (a.k.a. Holy Terror) (1976)",Horror|Mystery,2.9891567510306576
2410,2.9883977900552487,6335,Rocky III (1982),Action|Drama,2.989028540169218
7781,2.9800443458980044,451,Twister (1990),Comedy,2.988948429232911
9,2.9877226769378913,4154,Sudden Death (1995),Action,2.988704037252746
46772,2.97265625,256,Strangers with Candy (2005),Comedy,2.988641326243047
135885,2.9780361757105944,387,Absolutely Anything (2015),Comedy|Sci-Fi,2.988622433747625
3141,2.9808970099667773,602,"Two Jakes, The (1990)",Drama,2.9879715661301147
77191,2.978902953586498,474,Death at a Funeral (2010),Comedy,2.9879167320792845
1379,2.9865079365079366,3150,Young Guns II (1990),Action|Western,2.9878681354615066
674,2.9866831411312464,3642,Barbarella (1968),Adventure|Comedy|Sci-Fi,2.987860136631657
134248,2.9709302325581395,258,Hot Girls Wanted (2015),Documentary,2.9876997546263855
31687,2.970472440944882,254,Pooh's Heffalump Movie (2005),Animation|Children,2.9876019201036286
175655,2.97,250,Girls Trip (2017),Comedy,2.9875025167771394
2540,2.983482142857143,1120,"Corruptor, The (1999)",Action|Crime|Drama|Thriller,2.9874096030536306
2148,2.983761329305136,1324,House (1986),Comedy|Fantasy|Horror,2.9871352314960355
4234,2.984158986175115,1736,"Tailor of Panama, The (2001)",Drama|Thriller,2.9867827122878303
5612,2.976510067114094,447,Trapped (2002),Action|Thriller,2.986729423221892
69253,2.974747474747475,396,New in Town (2009),Comedy|Romance,2.986455273096782
111375,2.973314606741573,356,Walk of Shame (2014),Comedy,2.986386188824789
60941,2.978227060653188,643,"Midnight Meat Train, The (2008)",Horror|Mystery|Thriller,2.985721499742252
118997,2.982456140350877,1482,Into the Woods (2014),Children|Comedy|Fantasy|Musical,2.9857097496216505
8639,2.969178082191781,292,"Clearing, The (2004)",Drama|Thriller,2.985699770050129
86911,2.9846153846153847,6175,"Hangover Part II, The (2011)",Comedy,2.985408397643194
3892,2.972513089005236,382,Anatomy (Anatomie) (2000),Horror,2.985362189919345
882,2.978545887961859,839,"Trigger Effect, The (1996)",Drama|Thriller,2.984617157477815
600,2.9680511182108624,313,Love and a .45 (1994),Action|Comedy|Crime,2.9844545392776554
51088,2.9738955823293174,498,Reno 911!: Miami (2007),Comedy,2.9842883995449387
3846,2.9725274725274726,455,Easy Money (1983),Comedy,2.9840389339680558
3986,2.983205148328363,6371,"6th Day, The (2000)",Action|Sci-Fi|Thriller,2.98402770519496
68793,2.9824482448244822,3333,Night at the Museum: Battle of the Smithsonian (2009),Action|Comedy|IMAX,2.984021051849609
53002,2.9662162162162162,296,Georgia Rule (2007),Comedy|Drama|Romance,2.9839695460086526
242894,2.9778296382730454,857,Godzilla vs. Kong (2021),Action|Sci-Fi,2.9839632929018127
1791,2.974264705882353,544,Twilight (1998),Crime|Drama|Thriller,2.9839387131039405
4164,2.965034965034965,286,"Caveman's Valentine, The (2001)",Drama,2.9836698553376606
2794,2.9819615179048635,3742,European Vacation (aka National Lampoon's European Vacation) (1985),Adventure|Comedy|Romance,2.983403494354685
54785,2.9783978397839785,1111,Halloween (2007),Horror,2.9832818630929587
1391,2.982902900014428,20793,Mars Attacks! (1996),Action|Comedy|Sci-Fi,2.983165256256332
2505,2.9819239559526283,4813,8MM (1999),Drama|Mystery|Thriller,2.983062685082699
49274,2.981472081218274,3940,Happy Feet (2006),Adventure|Animation|Children|Comedy|IMAX,2.9828749804531296
338,2.98172620276688,4843,Virtuosity (1995),Action|Sci-Fi|Thriller,2.9828678893183516
231,2.982691158089234,36802,Dumb & Dumber (Dumb and Dumber) (1994),Adventure|Comedy,2.9828415775492663
3623,2.9825199964051405,22254,Mission: Impossible II (2000),Action|Adventure|Thriller,2.9827695543961052
106062,2.9759036144578315,830,Jackass Presents: Bad Grandpa (2013),Comedy,2.9826350965058066
2787,2.977970102281668,1271,Cat's Eye (1985),Horror,2.982410030673146
2767,2.9596153846153848,260,Illuminata (1998),Comedy,2.98185302735334
120799,2.979961215255333,3094,Terminator Genisys (2015),Action|Adventure|Sci-Fi|Thriller,2.981831644865271
203208,2.970059880239521,501,Scary Stories to Tell in the Dark (2019),Horror,2.9816842320577606
61255,2.969279661016949,472,"Rocker, The (2008)",Comedy,2.98164101209615
504,2.976600985221675,1218,No Escape (1994),Action|Drama|Sci-Fi,2.9814336393892664
160565,2.974220623501199,834,The Purge: Election Year (2016),Action|Horror|Sci-Fi,2.9813140692770475
245,2.9584905660377356,265,The Glass Shield (1994),Crime|Drama,2.981056636738888
4887,2.9791097760786456,3662,"One, The (2001)",Action|Sci-Fi|Thriller,2.980762741471302
276,2.979223619464188,5487,Milk Money (1994),Comedy|Romance,2.980345718304035
160563,2.9745283018867923,1060,The Legend of Tarzan (2016),Action|Adventure,2.9803384564291497
2093,2.977251624883937,2154,Return to Oz (1985),Adventure|Children|Fantasy,2.980134423246958
81132,2.9708029197080292,685,Rubber (2010),Action|Adventure|Comedy|Crime|Drama|Film-Noir|Horror|Mystery|Thriller|Western,2.9799389716459093
4561,2.9586092715231787,302,Waxwork (1988),Comedy|Horror,2.979606109312243
8578,2.9566787003610107,277,Undead (2003),Action|Comedy|Horror|Sci-Fi,2.9795873847121404
5127,2.972462203023758,926,Dragonfly (2002),Drama|Fantasy|Mystery|Romance|Thriller,2.979372717354766
4837,2.9606413994169096,343,Cruising (1980),Crime|Drama|Thriller,2.979329288089398
66427,2.9555555555555557,270,My Name Is Bruce (2007),Comedy|Horror,2.9793120169977163
3127,2.9689984101748808,629,Holy Smoke (1999),Comedy|Drama,2.9792288479554783
3957,2.9677914110429446,652,Billy Jack (1971),Action|Drama,2.9780941343324616
7340,2.960759493670886,395,Just One of the Guys (1985),Comedy,2.9778925386241877
156607,2.9685362517099865,731,The Huntsman Winter's War (2016),Action|Adventure|Drama|Fantasy,2.9778191709563373
27482,2.971330275229358,1308,Cube 2: Hypercube (2002),Horror|Mystery|Sci-Fi,2.9767261902627755
278690,2.9486166007905137,253,Amsterdam (2022),Crime|Drama|Mystery,2.9766188595738488
65567,2.9538216560509554,314,Passengers (2008),Drama|Mystery|Thriller,2.9764878408600364
187613,2.962151394422311,502,The Kissing Booth (2018),Comedy|Romance,2.9763816828074505
2417,2.9636048526863084,577,Heartburn (1986),Comedy|Drama,2.9761048621141963
384,2.966535433070866,762,Bad Company (1995),Action|Crime|Drama,2.976026318745786
57951,2.969451931716083,1113,Fool's Gold (2008),Action|Adventure|Comedy|Romance,2.975963731272571
4415,2.9609218436873745,499,Cheech & Chong's Nice Dreams (1981),Comedy,2.975618405696102
43869,2.9588100686498855,437,Curious George (2006),Adventure|Animation|Children|Comedy,2.9756014078147177
227496,2.9496527777777777,288,Holidate (2020),Comedy|Romance,2.975349237511854
27837,2.9679037111334003,997,Flight of the Phoenix (2004),Action|Adventure,2.9753310904728427
111364,2.9731285988483687,3647,Godzilla (2014),Action|Adventure|Sci-Fi|IMAX,2.9751700520085516
191799,2.955263157894737,380,Extinction (2018),Sci-Fi,2.9749801329624974
31427,2.9693945442448437,1503,Hide and Seek (2005),Horror|Mystery|Thriller,2.974464869924148
32914,2.9468085106382977,282,Carrie (2002),Drama|Horror|Thriller,2.9741288484085793
4614,2.9646201873048907,961,Kickboxer (1989),Action,2.9729440496075004
103075,2.969902574808629,2874,"Purge, The (2013)",Crime|Horror|Thriller,2.9727064605399196
107348,2.9694772987409386,2621,Anchorman 2: The Legend Continues (2013),Comedy,2.972565248134121
513,2.959030100334448,598,Radioland Murders (1994),Comedy|Mystery|Romance,2.972564654174182
2942,2.97046057390885,4147,Flashdance (1983),Drama|Romance,2.97242089347349
4154,2.9549356223175964,466,Recess: School's Out (2001),Animation|Children,2.97239474838455
207830,2.963664278403275,977,Terminator: Dark Fate (2019),Action|Sci-Fi,2.972073583179798
128488,2.947289156626506,332,Wild Card (2015),Action|Crime|Drama|Thriller,2.972051997968867
6994,2.9440677966101694,295,"Hard Way, The (1991)",Action|Comedy,2.9719893466080434
5117,2.93921568627451,255,Funny Lady (1975),Comedy|Musical,2.9717503584443636
7320,2.9572368421052633,608,Dirty Dancing: Havana Nights (2004),Romance,2.9711343279497195
86295,2.964398734177215,1264,Scream 4 (2011),Comedy|Horror|Mystery|Thriller,2.9710919463415393
85796,2.957258064516129,620,Hobo with a Shotgun (2011),Action|Adventure|Crime|Thriller,2.9709575389804526
78637,2.9679089026915113,3381,Shrek Forever After (a.k.a. Shrek: The Final Chapter) (2010),Adventure|Animation|Children|Comedy|Fantasy|IMAX,2.9704578654012828
6078,2.958831341301461,753,Firefox (1982),Action|Sci-Fi|Thriller,2.9703213949696727
2356,2.9630659253375695,1259,Celebrity (1998),Comedy,2.9700013300750148
4697,2.951063829787234,470,Basket Case (1982),Comedy|Horror,2.9697663174573856
94953,2.954237288135593,590,Wanderlust (2012),Comedy,2.9693229295745796
6025,2.940705128205128,312,CB4 - The Movie (1993),Comedy,2.9692726076307983
5205,2.9358974358974357,273,Motel Hell (1980),Comedy|Horror,2.968892518911889
5481,2.9681354959092867,13934,Austin Powers in Goldmember (2002),Comedy,2.9687838880356003
4518,2.9546165884194053,639,The Lair of the White Worm (1988),Comedy|Horror,2.9687633805835283
220792,2.9513358778625953,524,Project Power (2020),Action|Crime|Sci-Fi,2.9686440750680743
3557,2.955820476858345,713,Jennifer 8 (1992),Mystery|Thriller,2.96856742449331
1876,2.967714370634567,13458,Deep Impact (1998),Drama|Sci-Fi|Thriller,2.96839292660048
4898,2.953775038520801,649,Novocaine (2001),Comedy|Crime|Mystery|Thriller,2.9679975560976892
71325,2.9378980891719744,314,Love Happens (2009),Comedy|Drama|Romance,2.9676052684670715
640,2.9646129541864137,3165,Diabolique (1996),Drama|Thriller,2.9675634920824026
149354,2.9532775453277544,717,Sisters (2015),Children|Comedy,2.966626985837162
42011,2.96268932397488,2707,Fun with Dick and Jane (2005),Comedy|Crime,2.9662590093102317
4167,2.960857908847185,1865,15 Minutes (2001),Thriller,2.9660650956147947
120635,2.960308056872038,1688,Taken 3 (2015),Action|Crime|Thriller,2.96606175105587
85056,2.961799660441426,2356,I Am Number Four (2011),Action|Sci-Fi|Thriller|IMAX,2.965935354762223
4692,2.9396782841823055,373,"Hotel New Hampshire, The (1984)",Drama,2.965854648046494
149830,2.943600867678959,461,Pride and Prejudice and Zombies (2016),Comedy|Horror|Romance|Thriller,2.965157072292034
195777,2.9548254620123204,974,Mortal Engines (2018),Sci-Fi,2.9650543835310446
4293,2.950509461426492,687,Summer Rental (1985),Comedy,2.9650229785448388
1007,2.9596688034188032,1872,"Apple Dumpling Gang, The (1975)",Children|Comedy|Western,2.9649983524070507
2017,2.9554170661553214,1043,Babes in Toyland (1961),Children|Fantasy|Musical,2.9649856843564635
3810,2.936974789915966,357,White Sands (1992),Drama|Thriller,2.9649529718107193
1341,2.943254817987152,467,Burnt Offerings (1976),Horror,2.9647506713509078
7379,2.9458955223880596,536,The Alamo (2004),Drama|War|Western,2.964664295604682
94015,2.953333333333333,900,Mirror Mirror (2012),Adventure|Comedy|Fantasy,2.9645443516582075
3120,2.954175152749491,982,"Distinguished Gentleman, The (1992)",Comedy,2.9644690922252948
719,2.9625140572285393,8003,Multiplicity (1996),Comedy,2.9637980350731485
4524,2.934285714285714,350,Moon Over Parador (1988),Comedy,2.963708474904182
4369,2.962858951032355,12641,"Fast and the Furious, The (2001)",Action|Crime|Thriller,2.963674272540525
103755,2.9532193158953723,994,Turbo (2013),Adventure|Animation|Children|Comedy|Fantasy,2.963605282500696
1405,2.962513034410845,9590,Beavis and Butt-Head Do America (1996),Adventure|Animation|Comedy|Crime,2.963589934405281
105585,2.9476479514415783,659,Machete Kills (Machete 2) (2013),Action|Crime|Thriller,2.9633935517348995
253976,2.925724637681159,276,Reminiscence (2021),Mystery|Romance|Sci-Fi|Thriller,2.963354935454591
754,2.9361979166666665,384,Gold Diggers: The Secret of Bear Mountain (1995),Adventure|Children,2.963288048064647
212587,2.9320809248554913,346,Spenser Confidential (2020),Crime|Drama|Mystery|Thriller,2.9626239798623546
3276,2.927899686520376,319,Gun Shy (2000),Comedy,2.9617274266950426
26696,2.922661870503597,278,Lionheart (1990),Action,2.9615961389639684
26513,2.9289940828402368,338,"Ice Pirates, The (1984)",Action|Adventure|Comedy|Sci-Fi,2.9612625756008093
221246,2.9186046511627906,258,An American Pickle (2020),Comedy,2.9610672827384397
2435,2.9450072358900146,691,Hurlyburly (1998),Drama,2.9609160608789393
1841,2.9465894465894467,777,"Gingerbread Man, The (1998)",Drama|Thriller,2.9607807833318214
4757,2.953768207726409,1579,Rock Star (2001),Comedy|Drama|Musical,2.9607555148641147
7173,2.95777968281183,4666,Along Came Polly (2004),Comedy|Romance,2.960175182734158
6595,2.956752655538695,3954,S.W.A.T. (2003),Action|Thriller,2.9596147911252033
5433,2.93979057591623,573,Silver Bullet (Stephen King's Silver Bullet) (1985),Adventure|Drama|Horror|Mystery|Thriller,2.9595632140407773
6550,2.9569528961009692,4437,Johnny English (2003),Action|Comedy|Thriller,2.9595093804008012
26819,2.9341517857142856,448,Fortress (1992),Action|Sci-Fi,2.9594848695940805
5531,2.9198606271777003,287,Undisputed (2002),Drama,2.9594420705730826
4371,2.92984693877551,392,Baby Boy (2001),Crime|Drama,2.9590653855829534
2615,2.9482276119402986,1072,My Science Project (1985),Adventure|Sci-Fi,2.958940877901518
3254,2.956973293768546,6066,Wayne's World 2 (1993),Comedy,2.958869500011103
6186,2.9298245614035086,399,Gods and Generals (2003),Action|Drama|War,2.9587359247107807
286901,2.912350597609562,251,The Flash (2023),Action|Adventure|Sci-Fi,2.9585217155833465
716,2.9216300940438873,319,Switchblade Sisters (1975),Crime,2.958205679908637
2472,2.9371633752244164,557,Tough Guys (1986),Comedy,2.9581399747116452
3518,2.9127906976744184,258,"End of Violence, The (1997)",Drama|Thriller,2.9581081191953342
198265,2.9154676258992804,278,The Wandering Earth (2019),Sci-Fi,2.9578003522871796
88932,2.946236559139785,1023,Final Destination 5 (2011),Horror|Thriller|IMAX,2.9577521861939733
1513,2.956365503080082,8766,Romy and Michele's High School Reunion (1997),Comedy,2.957710568682971
6290,2.9492468893254746,1527,House of 1000 Corpses (2003),Horror,2.957072473461408
1726,2.9525075987841944,2632,"Postman, The (1997)",Action|Adventure|Drama|Sci-Fi,2.957049882196576
79695,2.9543177719895812,4991,"Expendables, The (2010)",Action|Adventure|Thriller,2.9567291371247766
5629,2.925558312655087,403,Jonah: A VeggieTales Movie (2002),Animation|Children|Musical,2.9559211621722885
5689,2.917956656346749,323,Billy Bathgate (1991),Crime|Drama,2.95587516282587
156609,2.94392523364486,1070,Neighbors 2: Sorority Rising (2016),Comedy,2.9554666810373154
60939,2.9099264705882355,272,Swing Vote (2008),Comedy|Drama,2.955394520292023
91485,2.9512431385211495,3097,"Expendables 2, The (2012)",Action|Adventure,2.9552482159120466
2120,2.947952218430034,1758,Needful Things (1993),Drama|Horror,2.9550376230106705
603,2.9344660194174756,618,"Bye Bye, Love (1995)",Comedy,2.954741037743817
60760,2.9456051873198845,1388,"X-Files: I Want to Believe, The (2008)",Drama|Mystery|Sci-Fi|Thriller,2.954649035139663
78041,2.941483803552769,957,Killers (2010),Action|Comedy,2.9546106688946967
48414,2.9448875997099346,1379,Open Season (2006),Adventure|Animation|Children|Comedy|IMAX,2.9540911638430583
1804,2.9388489208633093,834,"Newton Boys, The (1998)",Crime|Drama,2.9540724033799197
4696,2.9232558139534883,430,"Zorro, the Gay Blade (1981)",Comedy,2.9532552741495284
67197,2.9491864116471596,3503,Knowing (2009),Action|Drama|Mystery|Sci-Fi|Thriller,2.9528945349343307
1854,2.9212410501193316,419,Kissing a Fool (1998),Comedy|Romance,2.952485410420894
82152,2.9324925816023737,674,Beastly (2011),Drama|Fantasy|Romance,2.952069569422597
56156,2.9460742018981882,2318,Hitman (2007),Action|Crime|Thriller,2.9517959428182303
109673,2.9457857769973663,2278,300: Rise of an Empire (2014),Action|Drama|War|IMAX,2.9516265010962504
100163,2.943753533069531,1769,Hansel & Gretel: Witch Hunters (2013),Action|Fantasy|Horror|IMAX,2.9513182048764137
72165,2.9221052631578948,475,Cirque du Freak: The Vampire's Assistant (2009),Action|Adventure|Comedy|Fantasy|Horror|Thriller,2.950635454648591
58297,2.9362486828240253,949,Doomsday (2008),Action|Drama|Sci-Fi|Thriller,2.9505509688789675
2625,2.9310344827586206,696,Black Mask (Hak hap) (1996),Action|Adventure|Crime|Sci-Fi|Thriller,2.950539745602831
71910,2.8976833976833976,259,"Tournament, The (2009)",Action,2.950315033707649
1604,2.933763188745604,853,Money Talks (1997),Action|Comedy,2.9498729518287643
47044,2.94247311827957,1860,Miami Vice (2006),Action|Crime|Drama|Thriller,2.9498624902177033
37853,2.933293269230769,832,Into the Blue (2005),Action|Adventure|Crime|Thriller,2.9498242257564202
174815,2.907294832826748,329,The House (2017),Comedy,2.9494116726425252
274197,2.9114441416893735,367,Lightyear (2022),Action|Adventure|Animation|Children|Comedy|Sci-Fi,2.949285607436459
182823,2.9408408408408406,1665,Bright (2017),Action|Crime|Fantasy,2.949195363195629
569,2.9406485234510713,1727,Little Big League (1994),Comedy|Drama,2.9487651225366243
166918,2.933333333333333,915,The Great Wall (2016),Action|Adventure|Thriller,2.9486768671020833
96691,2.9392466585662214,1646,Resident Evil: Retribution (2012),Action|Horror|Sci-Fi|IMAX,2.947894350952618
6219,2.930204572803851,831,"Hunted, The (2003)",Action|Drama|Thriller,2.9474627332346657
3013,2.9220103986135184,577,Bride of Re-Animator (1990),Comedy|Horror,2.9470456539776184
6315,2.913793103448276,435,Wildcats (1986),Comedy,2.947017115982037
5324,2.92811296534018,779,Life or Something Like It (2002),Comedy|Romance,2.9467506621462354
1327,2.9422735346358793,3378,"Amityville Horror, The (1979)",Drama|Horror|Mystery|Thriller,2.9465838610438984
4333,2.940263770364624,2578,Throw Momma from the Train (1987),Comedy|Crime,2.9459708534508176
466,2.94401175104188,14637,Hot Shots! Part Deux (1993),Action|Comedy|War,2.945032883844451
6287,2.9428,7500,Anger Management (2003),Comedy,2.94480055306174
479,2.9331013147718483,1293,Judgment Night (1993),Action|Crime|Thriller,2.9447208026591314
50802,2.921944035346097,679,Because I Said So (2007),Comedy|Drama|Romance,2.9442450755686114
271232,2.912681912681913,481,Fantastic Beasts: The Secrets of Dumbledore (2022),Adventure|Fantasy,2.94419099276629
1888,2.9391742830129215,3173,Hope Floats (1998),Comedy|Drama|Romance,2.9439682648879613
162478,2.9100877192982457,456,Masterminds (2016),Action|Comedy|Crime,2.943630310143446
533,2.938825249817207,4103,"Shadow, The (1994)",Action|Adventure|Fantasy|Mystery,2.9426147212987694
3423,2.9015748031496065,381,School Daze (1988),Drama,2.9424750049533497
6424,2.911937377690802,511,Oscar (1991),Comedy|Crime|Mystery|Romance,2.942446381918825
49276,2.893846153846154,325,Let's Go to Prison (2006),Comedy,2.942089223941654
1974,2.938619440531294,4969,Friday the 13th (1980),Horror|Mystery|Thriller,2.9417898015715354
274971,2.9273972602739726,1095,Thor: Love and Thunder (2022),Action|Adventure|Fantasy,2.9417851072402077
148,2.898921832884097,371,"Awfully Big Adventure, An (1995)",Drama,2.941547032779666
2377,2.9287374128582493,1291,Lifeforce (1985),Horror|Sci-Fi,2.9410773463342523
38,2.9193333333333333,750,It Takes Two (1995),Children|Comedy,2.9406997753730257
2369,2.9375904486251807,5528,Desperately Seeking Susan (1985),Comedy|Drama|Romance,2.940498365147417
33815,2.8984771573604062,394,"Perfect Man, The (2005)",Comedy|Drama|Romance,2.939749580992557
1331,2.9027149321266967,442,Audrey Rose (1977),Horror,2.9395932922566432
185001,2.896,375,I Feel Pretty (2018),Comedy,2.939517559897604
187031,2.9307004470938898,2013,Jurassic World: Fallen Kingdom (2018),Action|Adventure|Drama|Sci-Fi|Thriller,2.938885452769846
5415,2.927414128321452,1543,Divine Secrets of the Ya-Ya Sisterhood (2002),Comedy|Drama,2.9382024697919054
65585,2.9260714285714284,1400,Bride Wars (2009),Comedy|Romance,2.9379980627206717
80551,2.9245585874799356,1246,Eat Pray Love (2010),Drama|Romance,2.9379657539769317
639,2.9235090751944686,1157,Girl 6 (1996),Comedy|Drama,2.937950782858038
74450,2.926031294452347,1406,Valentine's Day (2010),Comedy|Romance,2.9379207236812586
2504,2.92756292203806,1629,200 Cigarettes (1999),Comedy|Drama,2.9378374810267402
4699,2.9218009478672986,1055,Original Sin (2001),Drama|Romance|Thriller,2.9376984474423766
65577,2.9102167182662537,646,"Tale of Despereaux, The (2008)",Adventure|Animation|Children|Comedy|Fantasy,2.9366018612360207
8870,2.9266517357222845,1786,"Forgotten, The (2004)",Drama|Mystery|Sci-Fi|Thriller,2.9362450270873826
512,2.9228418640183347,1309,"Puppet Masters, The (1994)",Horror|Sci-Fi,2.935981132049628
3987,2.9270994332818137,1941,Bounce (2000),Drama|Romance,2.9359628319193183
186587,2.918191056910569,984,Rampage (2018),Action|Adventure|Sci-Fi,2.9357328296050897
731,2.9158016147635526,867,Heaven's Prisoners (1996),Crime|Thriller,2.9357155709473206
33085,2.924552429667519,1564,"Amityville Horror, The (2005)",Horror|Thriller,2.935608696353972
55946,2.899793388429752,484,Lions For Lambs (2007),Drama|Thriller|War,2.935550560267588
3264,2.931791569086651,5124,Buffy the Vampire Slayer (1992),Action|Comedy|Horror,2.935186771691287
3744,2.931462273744153,4917,Shaft (2000),Action|Crime|Thriller,2.9350093895778304
50796,2.871841155234657,277,Blood and Chocolate (2007),Drama|Fantasy|Horror|Romance,2.9349020833240447
6058,2.9298623063683307,3486,Final Destination 2 (2003),Horror|Thriller,2.934875098562242
6374,2.9017013232514177,529,"In-Laws, The (2003)",Comedy,2.934779541869283
100390,2.9215094339622643,1325,Identity Thief (2013),Comedy|Crime,2.9347258438402157
57910,2.9076923076923076,650,Teeth (2007),Comedy|Horror,2.9346590339527365
2796,2.922900262467192,1524,Funny Farm (1988),Comedy,2.9344379297310144
106030,2.8793103448275863,319,"Last Days on Mars, The (2013)",Horror|Sci-Fi,2.9344338891003963
103384,2.926262178919398,2258,"Lone Ranger, The (2013)",Action|Adventure|Western|IMAX,2.934087919589978
218867,2.870503597122302,278,Ava,Action|Crime|Drama|Mystery|Thriller,2.93407668555725
544,2.926293103448276,2320,Striking Distance (1993),Action|Crime,2.9339269748219534
204,2.931665719158613,8795,Under Siege 2: Dark Territory (1995),Action,2.933686242176507
4146,2.9040066777963274,599,"Million Dollar Hotel, The (2001)",Drama|Mystery|Romance,2.9336773270670067
96490,2.8710801393728222,287,"Possession, The (2012)",Horror|Thriller,2.9333177936557475
8985,2.929232505643341,4430,Blade: Trinity (2004),Action|Fantasy|Horror|Thriller,2.933267435854606
92264,2.8777089783281733,323,One for the Money (2012),Action|Comedy|Crime,2.9331439161044153
160569,2.9046511627906977,645,Ice Age: Collision Course (2016),Adventure|Animation|Children|Comedy,2.9326155113772403
61705,2.9005328596802844,563,Lakeview Terrace (2008),Drama|Thriller,2.932584068998787
112897,2.921299188007495,1601,The Expendables 3 (2014),Action|Adventure,2.9325720339586545
137595,2.8800578034682083,346,Magic Mike XXL (2015),Comedy|Drama,2.932366793780661
2384,2.9292148198504417,5884,Babe: Pig in the City (1998),Adventure|Children|Drama,2.932293858634596
148172,2.91086186540732,847,The 5th Wave (2016),Adventure|Sci-Fi|Thriller,2.9322611603432023
5111,2.914383561643836,1022,"Good Son, The (1993)",Drama|Thriller,2.932146514769152
114033,2.872549019607843,306,Into the Storm (2014),Action|Thriller,2.931996766300442
2741,2.8776119402985074,335,No Mercy (1986),Action|Crime|Thriller,2.931948973488808
201729,2.858565737051793,251,Ma (2019),Horror|Thriller,2.9315163145031313
1167,2.910490307867731,877,Dear God (1996),Comedy,2.9314015504219872
146,2.901153212520593,607,"Amazing Panda Adventure, The (1995)",Adventure|Children,2.9313763355767204
2335,2.9288148428625522,7923,"Waterboy, The (1998)",Comedy,2.93113780217821
5524,2.9195402298850577,1653,Blue Crush (2002),Adventure|Drama|Romance,2.9307350573742657
48593,2.906,750,Man of the Year (2006),Comedy|Thriller,2.9306887632597007
58975,2.905442176870748,735,"Ruins, The (2008)",Horror|Thriller,2.9306484455941813
3590,2.8677966101694916,295,"Lords of Flatbush, The (1974)",Comedy|Drama,2.9306214480972885
2752,2.911676646706587,1002,Outrageous Fortune (1987),Comedy|Mystery,2.9302622157007874
6625,2.865979381443299,291,Camp Nowhere (1994),Adventure|Children|Comedy,2.930107437710901
58156,2.9160583941605838,1370,Semi-Pro (2008),Comedy,2.929745509679483
2314,2.901206636500754,663,Beloved (1998),Drama,2.9295591683519193
203513,2.87111801242236,322,Annabelle Comes Home (2019),Horror,2.929523569136653
31367,2.859259259259259,270,"Chase, The (1994)",Action|Adventure|Comedy|Crime|Romance|Thriller,2.929206023550039
464,2.923568730020343,3441,Hard Target (1993),Action|Adventure|Crime|Thriller,2.9290671849156116
210,2.891,500,Wild Bill (1995),Western,2.9289157505943586
9004,2.886004514672686,443,D.A.R.Y.L. (1985),Adventure|Children|Sci-Fi,2.928840881081247
2190,2.8682539682539683,315,Why Do Fools Fall In Love? (1998),Drama,2.9286487065439175
3626,2.865,300,8 ½ Women (a.k.a. 8 1/2 Women) (a.k.a. Eight and a Half Women) (1999),Comedy,2.9285206879579437
8948,2.9155359565807326,1474,Alfie (2004),Comedy|Drama|Romance,2.9284723464043854
75805,2.915021156558533,1418,"Bounty Hunter, The (2010)",Action|Comedy|Romance,2.9284690177095896
283177,2.8614035087719296,285,Cocaine Bear (2023),Comedy|Crime|Thriller,2.928385475969498
71254,2.9197195838986882,2211,Gamer (2009),Action|Sci-Fi|Thriller,2.9283568460588296
4396,2.917579408543264,1826,"Cannonball Run, The (1981)",Action|Comedy,2.9280760545665405
1586,2.9252881176314744,7549,G.I. Jane (1997),Action|Drama,2.927835058877405
176937,2.8902912621359222,515,Jigsaw (2017),Horror|Thriller,2.927693422725638
102686,2.9212202480724105,2983,"Hangover Part III, The (2013)",Comedy,2.927678766552219
36401,2.922008547008547,3744,"Brothers Grimm, The (2005)",Comedy|Fantasy|Horror|Thriller,2.9271870083448404
2978,2.9086584205518555,1051,Three to Tango (1999),Comedy|Romance,2.927121321347885
433,2.9113418530351436,1252,Clean Slate (1994),Comedy,2.9268872047572225
7636,2.8636363636363638,308,Raising Cain (1992),Horror|Thriller,2.9268540233796285
5785,2.9232520029133284,5492,Jackass: The Movie (2002),Action|Comedy|Documentary,2.9267998058875984
69606,2.9077809798270895,1041,Ghosts of Girlfriends Past (2009),Comedy|Fantasy|Romance,2.9265563265525354
3287,2.9078467153284673,1096,"Tigger Movie, The (2000)",Animation|Children,2.9258420742212174
5401,2.914335664335664,1716,Undercover Brother (2002),Comedy,2.9258308339458066
8831,2.8816964285714284,448,Suspect Zero (2004),Crime|Thriller,2.925764106213395
8526,2.9130990415335463,1565,Around the World in 80 Days (2004),Adventure|Children|Comedy,2.925720825635435
2789,2.9121482498284146,1457,Damien: Omen II (1978),Horror,2.9257078407996455
141004,2.881898454746137,453,Victor Frankenstein (2015),Drama|Horror|Sci-Fi,2.9255805750393433
5337,2.8632075471698113,318,Delirious (1991),Comedy,2.925498334133207
61697,2.89850136239782,734,Righteous Kill (2008),Crime|Mystery|Thriller,2.925490900010291
44397,2.915422885572139,2010,"Hills Have Eyes, The (2006)",Drama|Horror|Thriller,2.9253021406968505
36533,2.8623417721518987,316,Cry_Wolf (a.k.a. Cry Wolf) (2005),Drama|Horror|Mystery|Thriller,2.9252345647373255
254,2.8931962025316458,632,Jefferson in Paris (1995),Drama,2.92480985993883
167634,2.8505535055350553,271,Fist Fight (2017),Comedy,2.9245335749569445
7325,2.9209922316384183,5664,Starsky & Hutch (2004),Action|Comedy|Crime|Thriller,2.924531956505288
48416,2.878440366972477,436,School for Scoundrels (2006),Comedy|Crime,2.9244634335233104
46974,2.903707518022657,971,World Trade Center (2006),Drama,2.924391348159779
6812,2.8837675350701404,499,"Rookie, The (1990)",Action|Comedy|Thriller,2.9241409354460695
336,2.8554421768707483,294,"Walking Dead, The (1995)",Drama|War,2.9240467961320964
7102,2.9022556390977443,931,Dragnet (1987),Comedy|Crime|Drama,2.9239469494195403
47261,2.8461538461538463,260,"Night Listener, The (2006)",Fantasy|Mystery|Thriller,2.9238848607194248
101612,2.868766404199475,381,Admission (2013),Comedy|Romance,2.9226305852041836
166,2.896875,800,"Doom Generation, The (1995)",Comedy|Crime|Drama,2.9225522028983844
76317,2.8550488599348536,307,After.Life (2009),Drama|Horror|Thriller,2.9222252304733143
110130,2.8487544483985765,281,"Nut Job, The (2014)",Adventure|Animation|Children|Comedy,2.922183441441999
130087,2.875,440,The Cobbler (2015),Comedy|Drama|Fantasy,2.921998846886508
50445,2.8752808988764045,445,"Hitcher, The (2007)",Action|Horror|Thriller,2.9218403309124015
4275,2.9073426573426575,1430,Krull (1983),Action|Adventure|Fantasy|Sci-Fi,2.921832750979877
64249,2.8893188854489162,646,Shrek the Halls (2007),Adventure|Animation|Comedy|Fantasy,2.921516376824355
57370,2.8373493975903616,249,Mad Money (2008),Comedy|Crime|Thriller,2.921199047238633
39446,2.9173613628126134,5518,Saw II (2005),Horror|Thriller,2.9211474111949425
89028,2.851170568561873,299,Don't Be Afraid of the Dark (2010),Horror|Thriller,2.9210896251507856
204692,2.863259668508287,362,In the Tall Grass,Drama|Horror|Thriller,2.9210427330497875
3937,2.8910614525139664,716,Runaway (1984),Sci-Fi|Thriller,2.9204736300343197
1565,2.8385214007782102,257,Head Above Water (1996),Comedy|Thriller,2.920468483139188
4316,2.8476027397260273,292,Ice Castles (1978),Drama,2.9200684149013036
104074,2.9018612521150593,1182,Percy Jackson: Sea of Monsters (2013),Adventure|Children|Fantasy,2.9198162035223394
4343,2.916008614501077,6965,Evolution (2001),Comedy|Sci-Fi,2.9190819120891773
27664,2.8365384615384617,260,"Brown Bunny, The (2003)",Drama,2.918972304225025
252930,2.880782918149466,562,Old (2021),Mystery|Thriller,2.9189357573315027
2327,2.892326732673267,808,Tales from the Darkside: The Movie (1990),Fantasy|Horror|Thriller,2.9188806941244345
6549,2.85202492211838,321,How to Deal (2003),Comedy|Drama|Romance,2.918871741744368
109850,2.8955627705627704,924,Need for Speed (2014),Action|Crime|Drama|IMAX,2.9188038243841032
4654,2.9050632911392404,1580,Road House (1989),Action|Drama,2.918675163005148
4141,2.884370015948963,627,Head Over Heels (2001),Comedy|Romance,2.9186722292728793
89480,2.862337662337662,385,Sleeping Beauty (2011),Drama,2.9183861896515464
110809,2.8644278606965172,402,Vampire Academy (2014),Action|Comedy|Fantasy,2.9182132518360966
37386,2.9126555529467013,4259,Aeon Flux (2005),Action|Sci-Fi,2.917758824645648
59738,2.842013888888889,288,All the Boys Love Mandy Lane (2006),Horror|Mystery|Thriller,2.917610366213662
95307,2.871308016877637,474,Rock of Ages (2012),Comedy|Drama|Musical|IMAX,2.917367555153016
2710,2.916110623353819,22780,"Blair Witch Project, The (1999)",Drama|Horror|Thriller,2.91707224425049
53207,2.894894894894895,999,88 Minutes (2008),Crime|Drama|Mystery|Thriller,2.9168723500441662
2040,2.890083632019116,837,"Computer Wore Tennis Shoes, The (1969)",Children|Comedy,2.9164425873654256
5665,2.879396984924623,597,Knockaround Guys (2002),Action|Comedy|Crime,2.9163790112544214
4003,2.8910550458715596,872,She's Having a Baby (1988),Comedy,2.916375239200745
240,2.8902007083825265,847,Hideaway (1995),Thriller,2.916292550068542
105351,2.8345588235294117,272,Runner Runner (2013),Crime|Drama|Thriller,2.916039557727232
260665,2.8943248532289627,1022,Eternals (2021),Action|Adventure|Fantasy|Sci-Fi,2.9160162134079117
6730,2.837979094076655,287,Convoy (1978),Action|Comedy|Drama,2.915590605747556
78264,2.870873786407767,515,"Back-up Plan, The (2010)",Comedy|Romance,2.9146027040451825
5012,2.8784,625,Yentl (1983),Drama|Musical|Romance,2.9144810683374702
4532,2.8692614770459084,501,Return of the Living Dead Part II (1988),Comedy|Horror,2.914341919749454
4683,2.8668763102725365,477,"Wizard, The (1989)",Adventure|Children|Comedy|Drama,2.91426505802468
4915,2.8924833491912465,1051,"Beastmaster, The (1982)",Action|Adventure|Fantasy,2.914043392276418
158,2.9121569989579714,14395,Casper (1995),Adventure|Children,2.9137364367156366
96565,2.8440366972477062,327,Bachelorette (2012),Comedy,2.913639530508969
60832,2.838235294117647,306,Pathology (2008),Crime|Horror|Thriller,2.913074437952992
2322,2.9041601866251945,2572,Soldier (1998),Action|Sci-Fi|War,2.9130649812542506
2038,2.8947990543735225,1269,"Cat from Outer Space, The (1978)",Children|Comedy|Sci-Fi,2.912882934066879
4677,2.9050880626223092,3066,Turner & Hooch (1989),Comedy|Crime,2.91259615844222
2374,2.898418491484185,1644,Gung Ho (1986),Comedy|Drama,2.9124438721644643
1713,2.9038884812912693,2726,Mouse Hunt (1997),Children|Comedy,2.9123550390332835
2082,2.9078822412155745,5265,"Mighty Ducks, The (1992)",Children|Comedy,2.9122699007272734
4355,2.8616557734204795,459,Youngblood (1986),Action|Drama,2.9120850481990614
233953,2.834983498349835,303,The Woman in the Window,Crime|Mystery|Thriller,2.91169596959615
3014,2.821011673151751,257,Bustin' Loose (1981),Comedy,2.9115734445940213
2411,2.907622000979272,6127,Rocky IV (1985),Action|Drama,2.9114266230053976
188309,2.8780313837375178,701,Skyscraper (2018),Action|Drama|Thriller,2.9113222503633174
2372,2.899073622623111,2051,Fletch Lives (1989),Comedy,2.9105461131441
836,2.9058110448335577,5197,Chain Reaction (1996),Action|Adventure|Thriller,2.9103481528526256
1593,2.8965816917728855,1726,Picture Perfect (1997),Comedy|Romance,2.9102562183503546
59594,2.839339339339339,333,"War, Inc. (2008)",Comedy|Crime|Thriller,2.910233726791743
3968,2.9061588608680733,5829,Bedazzled (2000),Comedy,2.910209941858226
3837,2.86468330134357,521,Phantasm II (1988),Action|Fantasy|Horror|Sci-Fi|Thriller,2.910072744018853
703,2.8443526170798896,363,Boys (1996),Drama,2.909731991534753
4480,2.887488328664799,1071,"Blob, The (1988)",Horror|Sci-Fi,2.9096636151375974
4620,2.8414285714285716,350,Lock Up (1989),Action|Adventure|Crime|Drama|Thriller,2.909442320287386
72762,2.818867924528302,265,Armored (2009),Action|Drama|Thriller,2.9090581934619877
85510,2.9020063972084906,3439,Sucker Punch (2011),Action|Fantasy|Thriller|IMAX,2.9089630970525544
1523,2.842541436464088,362,"Truth or Consequences, N.M. (1997)",Action|Crime|Romance,2.90876576464252
4031,2.8868181818181817,1100,All the Pretty Horses (2000),Drama|Romance|Western,2.908640377804222
52717,2.8466494845360826,388,"Condemned, The (2007)",Action|Adventure|Crime|Thriller,2.9085649326740706
1191,2.8937728937728937,1638,Madonna: Truth or Dare (1991),Documentary|Musical,2.908455671005414
3672,2.880952380952381,882,Benji (1974),Adventure|Children,2.9082721775754843
43871,2.8876781223805534,1193,Firewall (2006),Crime|Drama|Thriller,2.9079443828421634
32302,2.8247422680412373,291,"League of Ordinary Gentlemen, A (2004)",Documentary,2.907881099500121
2091,2.888443017656501,1246,Return from Witch Mountain (1978),Children|Sci-Fi,2.9078634059937896
4290,2.8407202216066483,361,For the Boys (1991),Comedy|Drama|Musical,2.9077963692738407
168498,2.8762820512820513,780,Resident Evil: The Final Chapter (2017),Action|Horror|Sci-Fi,2.9074399899116683
44225,2.8681672025723475,622,Aquamarine (2006),Children|Comedy|Fantasy,2.9072970554829665
200,2.836705202312139,346,"Tie That Binds, The (1995)",Thriller,2.907152472045916
2530,2.898198198198198,2775,Beneath the Planet of the Apes (1970),Action|Sci-Fi,2.9069959342637377
548,2.8985881542699725,2904,Terminal Velocity (1994),Action|Mystery|Thriller,2.9069951491072077
3879,2.891630231105559,1601,"Art of War, The (2000)",Action|Thriller,2.906894970333594
3758,2.852549889135255,451,Communion (1989),Drama|Sci-Fi|Thriller,2.9067938357195535
90888,2.884372177055104,1107,Immortals (2011),Action|Drama|Fantasy,2.9065307217494767
472,2.871900826446281,726,I'll Do Anything (1994),Comedy|Drama,2.905903175320664
96917,2.842710997442455,391,House at the End of the Street (2012),Horror|Thriller,2.9058681131741135
58839,2.850225225225225,444,Leatherheads (2008),Comedy|Drama|Romance,2.9058522234378916
4721,2.8541666666666665,480,American Outlaws (2001),Action|Comedy|Western,2.9057003781315895
54686,2.825242718446602,309,"Last Legion, The (2007)",Action|Adventure|Fantasy|War,2.9054759018105667
5521,2.8195876288659796,291,"Principal, The (1987)",Action|Crime|Drama,2.905102807223774
5420,2.8941764450239025,2301,Windtalkers (2002),Action|Drama|War,2.9050021591513846
3693,2.88705035971223,1390,"Toxic Avenger, The (1985)",Comedy|Horror,2.9049759018976844
2735,2.8991981672394043,4365,"Golden Child, The (1986)",Action|Adventure|Comedy|Fantasy|Mystery,2.9049101639871076
6658,2.8742442563482467,827,10 (1979),Comedy|Romance,2.9045125063854593
4610,2.8156028368794326,282,"January Man, The (1989)",Comedy|Crime|Mystery|Thriller,2.9044358742138168
147847,2.811111111111111,270,Point Break (2015),Action|Crime|Thriller,2.904153026826201
43930,2.871794871794872,780,Just My Luck (2006),Comedy|Romance,2.9040382987852222
74530,2.895329014660757,2933,Percy Jackson & the Olympians: The Lightning Thief (2010),Adventure|Fantasy,2.9039143296835586
192561,2.808270676691729,266,Hold the Dark (2018),Thriller,2.9034084397360953
1601,2.8652694610778444,668,Hoodlum (1997),Crime|Drama|Film-Noir,2.903222822139945
197179,2.8075471698113206,265,Chaos Walking (2019),Sci-Fi,2.903220481844941
2497,2.8905411994149195,2051,Message in a Bottle (1999),Romance,2.9029370866646875
2375,2.8967275314204413,4217,"Money Pit, The (1986)",Comedy,2.9027665208849536
255337,2.8693982074263764,781,Venom: Let There Be Carnage (2021),Action|Sci-Fi,2.902189538421318
2653,2.7991967871485945,249,Son of Dracula (1943),Horror,2.902118910665024
6319,2.8160535117056855,299,"My Father the Hero (Mon père, ce héros.) (1991)",Comedy|Drama,2.9019255441141003
1598,2.8744725738396624,948,Desperate Measures (1998),Crime|Drama|Thriller,2.9016333909433665
3988,2.8985484379930577,9507,How the Grinch Stole Christmas (a.k.a. The Grinch) (2000),Children|Comedy|Fantasy,2.90126641372094
91323,2.8480492813141685,487,"Sitter, The (2011)",Comedy,2.901161850278727
3509,2.84,425,Black and White (1999),Drama,2.9009719626355768
3830,2.8315649867374004,377,Psycho Beach Party (2000),Comedy|Horror|Thriller,2.9005671922353655
133832,2.807142857142857,280,The Green Inferno (2014),Horror|Thriller,2.9002930716961908
6280,2.8595419847328243,655,"Man Apart, A (2003)",Action|Crime|Drama|Thriller,2.8996183268283167
1881,2.8675213675213675,819,Quest for Camelot (1998),Adventure|Animation|Children|Fantasy|Musical,2.8995832995787203
1668,2.8127035830618894,307,One Night Stand (1997),Drama,2.898839729483928
177,2.8874531054606085,2399,Lord of Illusions (1995),Horror,2.8985101422335116
155743,2.8018181818181818,275,My Big Fat Greek Wedding 2 (2016),Comedy,2.8983871075016516
5040,2.8866405570060922,2298,Conan the Destroyer (1984),Action|Adventure|Fantasy,2.8982154798461326
52456,2.8423236514522823,482,Perfect Stranger (2007),Crime|Drama|Mystery|Thriller,2.897749357805603
7258,2.849731663685152,559,"Perfect Score, The (2004)",Comedy|Crime,2.8975925307836556
64116,2.8348729792147807,433,Igor (2008),Animation|Comedy,2.8970010347853288
310,2.7926356589147288,258,Rent-a-Kid (1995),Comedy,2.896952072637829
161650,2.800711743772242,281,47 Meters Down (2016),Horror|Thriller,2.896706936441056
46335,2.8895243046529764,3847,"Fast and the Furious: Tokyo Drift, The (Fast and the Furious 3, The) (2006)",Action|Crime|Drama|Thriller,2.8965465479186783
1783,2.875480399692544,1301,Palmetto (1998),Crime|Drama|Mystery|Romance|Thriller,2.8962933128718724
197199,2.8425742574257424,505,Isn't It Romantic (2019),Comedy|Fantasy|Romance,2.896226297413603
315,2.8936738806624027,11413,"Specialist, The (1994)",Action|Drama|Thriller,2.8960516730224164
108945,2.885412592882284,2557,RoboCop (2014),Action|Crime|Sci-Fi|IMAX,2.896028014405401
626,2.8529411764705883,646,"Thin Line Between Love and Hate, A (1996)",Comedy,2.8952564595151586
386,2.8222811671087533,377,S.F.W. (1994),Drama,2.894975244639903
267,2.8885556068297187,4334,Major Payne (1995),Comedy,2.8948842448275363
779,2.842003853564547,519,'Til There Was You (1997),Drama|Romance,2.8948626196381237
2400,2.822834645669291,381,Prancer (1989),Children|Drama|Fantasy,2.8948483975553505
5303,2.8815851922164213,2107,Joe Versus the Volcano (1990),Comedy|Romance,2.8946326268602722
142420,2.845045045045045,555,High Rise (2015),Action|Drama|Sci-Fi,2.89459510588396
1983,2.8819762122598354,2186,Halloween II (1981),Horror,2.894560353862629
4501,2.8449197860962565,561,"Elvira, Mistress of the Dark (1988)",Comedy|Horror,2.894141258945691
6586,2.887727879057359,4498,American Wedding (American Pie 3) (2003),Comedy,2.8938812710653514
94478,2.882292522596549,2434,Dark Shadows (2012),Comedy|Horror|IMAX,2.8936840752991597
3697,2.8894846589216563,6714,Predator 2 (1990),Action|Sci-Fi|Thriller,2.893616884576845
129370,2.8184281842818426,369,"SpongeBob Movie: Sponge Out of Water, The (2015)",Adventure|Animation|Children|Comedy,2.8936154808546934
498,2.8200514138817483,389,Mr. Jones (1993),Drama|Romance,2.8922480100644545
33585,2.828828828828829,444,9 Songs (2004),Drama|Romance,2.892141731303385
445,2.8770746887966805,1928,Fatal Instinct (1993),Comedy,2.8917106920943154
7017,2.8671268334771356,1159,Passenger 57 (1992),Action|Thriller,2.8915157366433095
119,2.781853281853282,259,"Steal Big, Steal Little (1995)",Comedy,2.8912482882853228
1991,2.882197323373794,3213,Child's Play (1988),Horror|Thriller,2.8910323826858417
210847,2.82,400,Bloodshot (2020),Action|Drama|Fantasy|Sci-Fi,2.8909924574204275
53121,2.886463567839196,6368,Shrek the Third (2007),Adventure|Animation|Children|Comedy|Fantasy,2.8909255097734765
58332,2.83879781420765,549,Diary of the Dead (2007),Horror|Sci-Fi,2.8906692638427316
4531,2.8676470588235294,1258,Red Heat (1988),Action,2.8903477374876343
92681,2.848240469208211,682,Journey 2: The Mysterious Island (2012),Action|Adventure|Comedy|Sci-Fi|IMAX,2.8901761796327374
4719,2.8737083811710677,1742,Osmosis Jones (2001),Action|Animation|Comedy|Crime|Drama|Romance|Thriller,2.8901326061681223
5171,2.883994554647997,5142,"Time Machine, The (2002)",Action|Adventure|Sci-Fi,2.889585227999057
4792,2.853566958698373,799,13 Ghosts (1960),Horror,2.8895553064415647
4834,2.8360957642725597,543,Cheech & Chong's Next Movie (1980),Comedy,2.889209503245505
66798,2.8509933774834435,755,"Pink Panther 2, The (2009)",Adventure|Comedy|Mystery,2.8891971367866476
64032,2.856077981651376,872,Four Christmases (2008),Comedy,2.8891649617451294
31867,2.8081232492997197,357,Man of the House (2005),Action|Comedy,2.8890328529792297
200256,2.812,375,Dumbo (2019),Adventure|Children|Fantasy,2.8890286995033105
86293,2.839347079037801,582,Arthur (2011),Comedy,2.8889938688411547
52283,2.8296593186372747,499,"Reaping, The (2007)",Horror|Thriller,2.888039852413579
46530,2.883127572016461,6075,Superman Returns (2006),Action|Adventure|Sci-Fi|IMAX,2.8879275456000437
656,2.864365971107544,1246,Eddie (1996),Comedy,2.887795174005027
274979,2.7734375,256,Spiderhead (2022),Sci-Fi|Thriller,2.887631225232948
4584,2.7857142857142856,287,Dream a Little Dream (1989),Comedy|Drama|Romance,2.8876003090504114
4593,2.799093655589124,331,Family Business (1989),Comedy,2.8875064763237033
3438,2.8822473063109286,5847,Teenage Mutant Ninja Turtles (1990),Action|Children|Comedy|Fantasy|Sci-Fi,2.8872627512951516
2428,2.8826477187733732,6685,"Faculty, The (1998)",Horror|Sci-Fi,2.887042646363535
5771,2.7897350993377485,302,My Bloody Valentine (1981),Drama|Horror|Thriller,2.887030324233283
4221,2.8387888707037643,611,Necessary Roughness (1991),Comedy,2.8869229045471747
97950,2.8057851239669422,363,"Man with the Iron Fists, The (2012)",Action|Adventure|Crime,2.8868524360518313
45501,2.8763029881862403,2878,"Break-Up, The (2006)",Comedy|Drama|Romance,2.886553777101959
1779,2.881564088085827,7084,Sphere (1998),Sci-Fi|Thriller,2.885756659114418
1329,2.807387862796834,379,Blood for Dracula (Andy Warhol's Dracula) (1974),Horror,2.885754109922146
45672,2.8817527795945064,7645,Click (2006),Adventure|Comedy|Drama|Fantasy|Romance,2.885641445371758
4597,2.8019662921348316,356,Gleaming the Cube (1989),Action|Drama|Mystery,2.8855430742604
2098,2.824435318275154,487,Son of Flubber (1963),Children|Comedy,2.8855347270282854
6517,2.8132530120481927,415,"Babe, The (1992)",Drama,2.885170967947154
37477,2.793577981651376,327,"Man, The (2005)",Action|Comedy|Crime,2.884988723077124
3901,2.8467336683417086,796,Duets (2000),Comedy|Drama,2.8844530630874874
107769,2.7753623188405796,276,Paranormal Activity: The Marked Ones (2014),Horror|Thriller,2.884292256849144
1746,2.827067669172932,532,Senseless (1998),Comedy,2.8838071527982017
103055,2.764705882352941,255,The Big Wedding (2013),Comedy,2.883439185592609
2961,2.8674698795180724,1909,"Story of Us, The (1999)",Comedy|Drama,2.8833426042078485
61350,2.8612926652142336,1377,Babylon A.D. (2008),Action|Adventure|Sci-Fi|Thriller,2.8833046347377547
782,2.873005093378608,2945,"Fan, The (1996)",Drama|Thriller,2.883297850784344
2402,2.8781456953642386,6040,Rambo: First Blood Part II (1985),Action|Adventure|Thriller,2.883169553597627
68324,2.771897810218978,274,"Girlfriend Experience, The (2009)",Drama,2.8828934894245855
132796,2.865826330532213,1785,San Andreas (2015),Action|Drama|Thriller,2.88286789203998
186,2.8797319641458534,11491,Nine Months (1995),Comedy|Romance,2.8823895438308775
1600,2.836764705882353,680,She's So Lovely (1997),Drama|Romance,2.8818656535903924
6952,2.871902106567534,3228,Gothika (2003),Horror|Thriller,2.8814360509707253
6196,2.8413524057217163,769,Cradle 2 the Grave (2003),Action|Crime|Drama|Thriller,2.881388157599092
4718,2.87887206027856,13139,American Pie 2 (2001),Comedy,2.8812184887562733
200820,2.85,1020,Godzilla: King of the Monsters (2019),Action|Sci-Fi|Thriller,2.880420053290343
4950,2.755020080321285,249,Lone Wolf McQuade (1983),Action,2.880026120948214
8872,2.7569169960474307,253,"Dirty Shame, A (2004)",Comedy,2.8799860641962853
3584,2.8251318101933216,569,Breathless (1983),Action|Drama|Romance|Thriller,2.8798936368995176
7004,2.8727598566308243,4464,Kindergarten Cop (1990),Action|Comedy|Crime|Thriller,2.879748139281571
101112,2.8636828644501278,1955,Oz the Great and Powerful (2013),Action|Adventure|Fantasy|IMAX,2.8796519831299583
20,2.8714584300975385,4306,Money Train (1995),Action|Comedy|Crime|Drama|Thriller,2.8787602374629775
107314,2.8233743409490333,569,Oldboy (2013),Action|Drama|Mystery,2.8786709935445844
208,2.8774138976666985,31329,Waterworld (1995),Action|Adventure|Sci-Fi,2.878420192781031
1667,2.8503521126760565,1136,Mad City (1997),Action|Drama,2.8781608820998743
176105,2.775244299674267,307,Flatliners (2017),Drama|Horror|Sci-Fi,2.8781525555317784
3544,2.811181434599156,474,Shakes the Clown (1992),Comedy,2.8779430151059837
79428,2.8599773242630384,1764,Dinner for Schmucks (2010),Comedy,2.8779199193303766
103727,2.7933333333333334,375,"Colony, The (2013)",Action|Horror|Sci-Fi|Thriller,2.8778089527490236
67799,2.8070953436807096,451,The Butterfly Effect 3: Revelations (2009),Drama|Fantasy|Sci-Fi|Thriller,2.877503937162617
5363,2.8496503496503496,1144,"New Guy, The (2002)",Comedy,2.877424801220558
4466,2.8367217280813213,787,Above the Law (1988),Action|Crime|Drama,2.877174443112381
5308,2.8684210526315788,3705,Three Men and a Baby (1987),Comedy,2.877023952457097
4619,2.8081896551724137,464,Little Monsters (1989),Comedy,2.8769322564456665
4989,2.8410341034103412,909,How High (2001),Comedy,2.876297612591861
4267,2.8470961887477313,1102,One Night at McCool's (2001),Comedy,2.8762047565475726
6012,2.817773788150808,557,"Guy Thing, A (2003)",Comedy|Romance,2.875623533465834
4558,2.8675702561551852,4021,Twins (1988),Comedy,2.8755860806154985
52722,2.872401087814721,11399,Spider-Man 3 (2007),Action|Adventure|Sci-Fi|Thriller|IMAX,2.8752363091733377
86835,2.8497246262785207,1271,Priest (2011),Action|Horror|Sci-Fi|Thriller,2.8751661330483027
240452,2.827178729689808,677,Mortal Kombat (2021),Action|Adventure|Fantasy,2.875002706145497
4727,2.8472340425531915,1175,Captain Corelli's Mandolin (2001),Drama|Romance|War,2.874826185560865
90403,2.831788079470199,755,"Three Musketeers, The (2011)",Action|Adventure,2.874753467098432
67695,2.835526315789474,836,Observe and Report (2009),Action|Comedy,2.874426219577948
2894,2.8156474820143886,556,Romance (1999),Drama|Romance,2.8742266189838688
2876,2.8222222222222224,630,Thumbelina (1994),Animation|Children|Fantasy,2.874007288224048
577,2.824888226527571,671,Andre (1994),Adventure|Children|Drama,2.873643880443652
2724,2.8696897126197416,9604,Runaway Bride (1999),Comedy|Romance,2.8731099478955553
56165,2.7545126353790614,277,P2 (2007),Horror|Thriller,2.8731032622554014
55995,2.863264112313542,3419,Beowulf (2007),Action|Adventure|Animation|Fantasy|IMAX,2.8728877574688827
59615,2.869619799139168,11152,Indiana Jones and the Kingdom of the Crystal Skull (2008),Action|Adventure|Comedy|Sci-Fi,2.872577165453615
177771,2.75531914893617,282,Suburbicon (2017),Comedy|Crime|Mystery,2.8724147779621694
2445,2.831257783312578,803,At First Sight (1999),Drama,2.8723880650443157
5796,2.84027105517909,1033,Casino Royale (1967),Action|Adventure|Comedy,2.8722716324363176
6308,2.808653846153846,520,Legal Eagles (1986),Comedy|Crime|Romance,2.8722395703213883
72129,2.848925848925849,1443,Saw VI (2009),Crime|Horror|Mystery|Thriller,2.8718984606774134
4714,2.8196850393700785,635,Any Which Way You Can (1980),Comedy,2.8718916230570377
4812,2.8311138014527844,826,SpaceCamp (1986),Adventure|Sci-Fi,2.8713973445158767
4675,2.805168986083499,503,Three Fugitives (1989),Action|Comedy,2.8713459311346132
6220,2.8188976377952755,635,Willard (2003),Drama|Horror|Thriller,2.8713259482069415
87483,2.8368686868686868,990,Mr. Popper's Penguins (2011),Comedy,2.8706634963436235
4682,2.828025477707006,785,Warlock (1989),Action|Horror,2.8706499715834366
32589,2.768292682926829,328,Beauty Shop (2005),Comedy,2.870454161241317
2266,2.844186046511628,1290,"Butcher's Wife, The (1991)",Comedy|Romance,2.87020924401853
7255,2.8353783231083844,978,Win a Date with Tad Hamilton! (2004),Comedy|Romance,2.8698060197409045
70361,2.766153846153846,325,12 Rounds (2009),Action|Thriller,2.869776974420833
170813,2.8342133051742344,947,Baywatch (2017),Action|Comedy,2.869775905694553
809,2.845991561181435,1422,Fled (1996),Action|Adventure,2.8696899907954494
6523,2.782776349614396,389,Mr. Baseball (1992),Comedy|Romance,2.8695171745102925
55020,2.735059760956175,251,"Ten, The (2007)",Comedy,2.869503912022636
6734,2.8154952076677318,626,Memoirs of an Invisible Man (1992),Comedy|Romance|Sci-Fi|Thriller,2.869430798514248
60514,2.852589641434263,2008,Journey to the Center of the Earth (2008),Action|Adventure|Sci-Fi,2.869407153892559
72701,2.8310657596371884,882,Planet 51 (2009),Adventure|Animation|Children|Comedy|Sci-Fi,2.8693651124061508
1816,2.8227334235453316,739,Two Girls and a Guy (1997),Comedy|Drama,2.868675985039089
208205,2.8574461136512084,3062,Star Wars: The Rise of Skywalker (2019),Action|Adventure|Sci-Fi,2.8685448082455274
3834,2.8051948051948052,539,Bronco Billy (1980),Adventure|Drama|Romance,2.868339897982124
7000,2.843794076163611,1418,Hudson Hawk (1991),Action|Adventure|Comedy,2.8678775005219963
77667,2.813880126182965,634,MacGruber (2010),Action|Comedy,2.867782314667704
44731,2.7698863636363638,352,Stay Alive (2006),Horror|Sci-Fi|Thriller,2.867307381627751
51939,2.835641735918744,1083,TMNT (Teenage Mutant Ninja Turtles) (2007),Action|Adventure|Animation|Children|Comedy|Fantasy,2.8673061082814892
3773,2.821045576407507,746,House Party (1990),Comedy,2.867087150085552
3157,2.8617447595561036,6488,Stuart Little (1999),Children|Comedy|Fantasy,2.8670404793926165
7036,2.843917112299465,1496,Teen Wolf (1985),Comedy|Fantasy,2.8669064161958366
61250,2.8395931142410014,1278,"House Bunny, The (2008)",Comedy,2.866569523623103
1330,2.832682926829268,1025,April Fool's Day (1986),Horror,2.8663670661905294
282125,2.7974051896207586,501,Ant-Man and the Wasp: Quantumania (2023),Adventure|Comedy|Sci-Fi,2.8663355188960074
295,2.7922912205567454,467,"Pyromaniac's Love Story, A (1995)",Comedy|Romance,2.8662732303675313
3553,2.816017316017316,693,Gossip (2000),Drama|Thriller,2.8659783476166427
463,2.7850467289719627,428,Guilty as Sin (1993),Crime|Drama|Thriller,2.865955097680774
1432,2.8418508287292816,1448,Metro (1997),Action|Comedy|Crime|Drama|Thriller,2.865793509116692
5958,2.782451923076923,416,"Wild Thornberrys Movie, The (2002)",Animation|Children|Comedy,2.8657918568508283
209,2.8198675496688743,755,White Man's Burden (1995),Drama,2.865788430740229
122,2.8564931783729155,3958,Boomerang (1992),Comedy|Romance,2.8652844150372285
3400,2.7847222222222223,432,We're Back! A Dinosaur's Story (1993),Adventure|Animation|Children|Fantasy,2.865273910442232
43419,2.793634496919918,487,Bandidas (2006),Action|Comedy|Crime|Western,2.8651515227885795
2656,2.7794117647058822,408,Tarantula (1955),Horror|Sci-Fi,2.8649185654134808
4625,2.7755102040816326,392,Millennium (1989),Drama|Sci-Fi|Thriller,2.864666883476542
7104,2.821818181818182,825,1941 (1979),Comedy|War,2.8642937011082186
94780,2.8496919917864476,2435,Snow White and the Huntsman (2012),Action|Adventure|Drama,2.864102613964796
200322,2.7711640211640214,378,The Hustle (2019),Comedy,2.864037335492289
2589,2.7647887323943663,355,Friends & Lovers (1999),Comedy|Drama|Romance,2.863826801821685
153,2.8626870324189526,35288,Batman Forever (1995),Action|Adventure|Comedy|Crime,2.8636843676747303
6959,2.8365458750963763,1297,Timeline (2003),Action|Adventure|Sci-Fi,2.8636813543050104
42007,2.8310249307479225,1083,Rumor Has It... (2005),Comedy|Drama|Romance,2.863552072693232
1100,2.8571911441608924,5917,Days of Thunder (1990),Action|Drama|Romance,2.863161096615274
44004,2.845309381237525,2004,Failure to Launch (2006),Comedy|Romance,2.862961074890193
78266,2.8380281690140845,1420,Splice (2009),Horror|Sci-Fi|Thriller,2.8629426602073917
2882,2.828488372093023,1032,Jakob the Liar (1999),Drama,2.8628035019284224
547,2.8220436280137773,871,Surviving the Game (1994),Action|Adventure|Thriller,2.862724355406836
90469,2.8238822246455832,917,Paranormal Activity 3 (2011),Horror,2.8625654049404887
2387,2.847498014297061,2518,Very Bad Things (1998),Comedy|Crime,2.861673716296258
2136,2.8494587280108252,2956,"Nutty Professor, The (1963)",Comedy|Sci-Fi,2.8615448237449264
8814,2.834101382488479,1302,Without a Paddle (2004),Comedy,2.861541689096728
57538,2.720472440944882,254,Over Her Dead Body (2008),Comedy|Fantasy|Romance,2.861334272459964
2856,2.7871900826446283,484,I Saw What You Did (1965),Thriller,2.8611884371948646
5460,2.805295950155763,642,"Powerpuff Girls, The (2002)",Action|Animation|Children|Comedy,2.8611123645977274
109072,2.7350877192982455,285,Sabotage (2014),Action|Crime|Drama,2.860957118599205
72380,2.8292361720807726,1139,"Box, The (2009)",Drama|Horror|Mystery|Sci-Fi|Thriller,2.8607716734779998
7454,2.8555168719871453,7468,Van Helsing (2004),Action|Adventure|Fantasy|Horror,2.86034094074306
4240,2.788,500,Just Visiting (2001),Comedy|Fantasy,2.8601482248899925
4770,2.8290707587382777,1173,"Glass House, The (2001)",Thriller,2.8598811488994413
34321,2.802936630602782,647,Bad News Bears (2005),Children|Comedy,2.8590970037059
2898,2.8127388535031845,785,"Dark Half, The (1993)",Horror|Mystery,2.8590434332334995
6379,2.832975679542203,1398,Wrong Turn (2003),Horror|Thriller,2.8589865842614097
95207,2.8352750809061487,1545,Abraham Lincoln: Vampire Hunter (2012),Action|Fantasy|Horror|Thriller,2.858835501209719
3017,2.8170871559633026,872,Creepshow 2 (1987),Horror,2.8588321934339507
542,2.8490059108006447,3722,Son in Law (1993),Comedy|Drama|Romance,2.8587889409504434
3898,2.783811475409836,488,Bait (2000),Action|Comedy,2.8585493358937653
499,2.7695121951219512,410,Mr. Wonderful (1993),Comedy|Romance,2.8584990220369035
4,2.8453314326443335,2806,Waiting to Exhale (1995),Comedy|Drama|Romance,2.8583472472487204
105731,2.822167487684729,1015,Carrie (2013),Drama|Horror,2.858188943444984
157312,2.7357859531772575,299,The Boss (2016),Comedy,2.8581219303159626
5414,2.8234183191690274,1059,Bad Company (2002),Action|Comedy|Crime,2.857989911782335
81417,2.8286713286713288,1287,Paranormal Activity 2 (2010),Horror|IMAX,2.857259590871877
4198,2.7535211267605635,355,Battle Beyond the Stars (1980),Sci-Fi,2.8572031886406952
92,2.841313559322034,2360,Mary Reilly (1996),Drama|Horror|Thriller,2.8569377920273356
227258,2.7514285714285713,350,The Midnight Sky (2020),Drama|Fantasy|Sci-Fi,2.8568458935049517
4990,2.8366013071895426,1836,Jimmy Neutron: Boy Genius (2001),Adventure|Animation|Children|Comedy,2.85671495305296
184253,2.825996677740864,1204,The Cloverfield Paradox (2018),Horror|Mystery|Sci-Fi|Thriller,2.8566763064354843
2532,2.839673913043478,2208,Conquest of the Planet of the Apes (1972),Action|Sci-Fi,2.856430870454685
103137,2.8112864077669903,824,"Bling Ring, The (2013)",Crime|Drama,2.8562447624383593
184017,2.7371794871794872,312,Mute (2018),Mystery|Sci-Fi|Thriller,2.856061696594965
1806,2.823986194995686,1159,Paulie (1998),Adventure|Children|Comedy,2.8560018507139113
6707,2.8344004656577417,1718,Cabin Fever (2002),Horror|Thriller,2.8559992910773886
4482,2.7507082152974505,353,"Bright Lights, Big City (1988)",Drama,2.855897999036577
1373,2.850307503075031,8130,Star Trek V: The Final Frontier (1989),Action|Sci-Fi,2.8549051791547955
274,2.825617283950617,1296,Man of the House (1995),Comedy,2.8545310412454623
558,2.8331438317225697,1759,"Pagemaster, The (1994)",Action|Adventure|Animation|Children|Fantasy,2.854457396095481
618,2.7513736263736264,364,Two Much (1995),Comedy|Romance,2.854405295513323
188303,2.7609756097560973,410,The First Purge (2018),Action|Horror|Sci-Fi|Thriller,2.8531871385948033
881,2.8212172442941674,1183,First Kid (1996),Children|Comedy,2.853177600125788
1920,2.844727194306664,4637,Small Soldiers (1998),Animation|Children|Fantasy|War,2.8528960898954367
26688,2.757537688442211,398,Hard to Kill (1990),Action|Crime|Drama,2.8527825098471418
8947,2.841652072387624,3426,"Grudge, The (2004)",Horror|Mystery|Thriller,2.8527211640099366
4068,2.8070913461538463,832,Sugar & Spice (2001),Comedy,2.8526829545935017
5900,2.8396895038812016,2963,Analyze That (2002),Comedy|Crime,2.8525063064292526
55261,2.805210918114144,806,"Heartbreak Kid, The (2007)",Comedy|Drama|Romance,2.8523698982084706
4909,2.7353846153846155,325,"Incredible Shrinking Woman, The (1981)",Comedy|Sci-Fi,2.8523523359820806
59715,2.7135036496350367,274,Shutter (2008),Horror|Mystery|Thriller,2.8522949046091335
54,2.815988647114475,1057,"Big Green, The (1995)",Children|Comedy,2.852029256160591
992,2.710909090909091,275,"Rich Man's Wife, The (1996)",Thriller,2.850668077152349
87485,2.8362701908957417,2724,Bad Teacher (2011),Comedy,2.8504036481617665
71205,2.825781748564135,1567,Jennifer's Body (2009),Comedy|Horror|Sci-Fi|Thriller,2.850357952321227
5961,2.746648793565684,373,Blue Steel (1990),Action|Thriller,2.8500804078149473
6143,2.7506393861892584,391,Trail of the Pink Panther (1982),Comedy|Crime,2.8496093227381087
167738,2.787878787878788,627,xXx: Return of Xander Cage (2017),Action|Adventure|Crime|Thriller,2.8496004174222125
2034,2.8332630691399663,2372,"Black Hole, The (1979)",Children|Sci-Fi,2.849580298988941
64231,2.7800718132854576,557,Punisher: War Zone (2008),Action|Crime|Drama|Thriller,2.849565709914525
7845,2.7952314165497896,713,Tremors II: Aftershocks (1996),Comedy|Horror|Sci-Fi,2.8495321817445847
4492,2.810756972111554,1004,Critters (1986),Comedy|Sci-Fi,2.8493614858489233
42013,2.7805309734513273,565,"Ringer, The (2005)",Comedy,2.849201382995596
3909,2.7925764192139737,687,Woman on Top (2000),Comedy|Romance,2.8490917893152212
3459,2.755924170616114,422,Gothic (1986),Drama|Horror,2.848360419764668
1583,2.7051282051282053,273,"Simple Wish, A (1997)",Children|Fantasy,2.848179738685794
82499,2.7643312101910826,471,How Do You Know (2010),Comedy|Drama|Romance,2.847569114627192
4885,2.785031847133758,628,Domestic Disturbance (2001),Thriller,2.8474911684571964
4622,2.7298507462686565,335,Loverboy (1989),Comedy,2.8471741832850075
125914,2.7696850393700787,508,Mortdecai (2015),Adventure|Comedy|Mystery|Romance,2.8470934147445046
119655,2.776481149012567,557,Seventh Son (2014),Adventure|Children|Fantasy,2.847084012433448
3454,2.756849315068493,438,Whatever It Takes (2000),Comedy|Romance,2.8467972130151633
47952,2.786370597243492,653,"Covenant, The (2006)",Action|Horror|Thriller,2.846729133629134
7161,2.8324275362318843,2760,Cheaper by the Dozen (2003),Children|Comedy,2.846709762910072
1894,2.8396729470316386,5626,Six Days Seven Nights (1998),Adventure|Comedy|Romance,2.8466807955233477
4089,2.772045028142589,533,Born in East L.A. (1987),Comedy,2.8462271462081032
64,2.827071290944123,2076,Two if by Sea (1996),Comedy|Romance,2.846128868175025
798,2.8340662562298444,3411,Daylight (1996),Action|Adventure|Drama|Thriller,2.845696605267935
704,2.824603174603175,1890,"Quest, The (1996)",Action|Adventure,2.845605220262806
3436,2.797719087635054,833,Dying Young (1991),Drama|Romance,2.845424720972471
103655,2.8120833333333333,1200,R.I.P.D. (2013),Action|Comedy|Fantasy,2.8452377704604297
2888,2.813349320543565,1251,Drive Me Crazy (1999),Comedy|Romance,2.8451663481699554
1021,2.8348329048843186,3890,Angels in the Outfield (1994),Children|Comedy,2.845071155529275
5530,2.8227848101265822,1817,Simone (S1m0ne) (2002),Comedy|Drama|Fantasy|Sci-Fi,2.844748054417017
73000,2.7463054187192117,406,Nine (2009),Drama|Musical|Romance,2.844655681203414
3177,2.8181229773462784,1545,Next Friday (2000),Comedy,2.8440632173588916
130636,2.7886740331491713,724,Unfriended (2014),Horror|Mystery|Thriller,2.8440384475486855
5387,2.8035,1000,Enough (2002),Drama|Thriller,2.843674438001534
6763,2.810487200660611,1211,Duplex (2003),Comedy|Crime,2.8436639534352457
90524,2.762575452716298,497,Abduction (2011),Action|Drama|Mystery|Thriller,2.8434977954419036
4487,2.8288419519300803,2746,Cocktail (1988),Drama|Romance,2.8434889330595734
813,2.7625250501002006,499,Larger Than Life (1996),Comedy,2.843247767910303
5773,2.682,250,Neighbors (1981),Comedy,2.843185018280449
2095,2.7940461725394896,823,"Shaggy D.A., The (1976)",Children|Comedy,2.8430497300308946
330,2.8172348484848486,1584,Tales from the Hood (1995),Action|Crime|Horror,2.8427437424955624
48520,2.8019057171514543,997,Employee of the Month (2006),Comedy,2.8424953893732368
1581,2.7812971342383106,663,Out to Sea (1997),Comedy,2.8423785564427195
4602,2.7675276752767526,542,Harlem Nights (1989),Comedy|Crime|Romance,2.842287274775719
196,2.838971490928932,14662,Species (1995),Horror|Sci-Fi,2.841744294819234
6039,2.7604790419161676,501,"Woman in Red, The (1984)",Comedy|Romance,2.8416655629018748
5334,2.76697247706422,545,Cadillac Man (1990),Comedy|Crime,2.841623637259247
484,2.7893401015228427,788,Lassie (1994),Adventure|Children,2.8411274043978363
2007,2.737309644670051,394,Polish Wedding (1998),Comedy,2.840978387960983
4991,2.7532188841201717,466,Joe Somebody (2001),Comedy|Drama|Romance,2.8409078271368244
71573,2.7122641509433962,318,Whiteout (2009),Action|Crime|Drama|Mystery|Thriller,2.8408273163170152
91628,2.759405940594059,505,New Year's Eve (2011),Comedy|Romance,2.840515991006918
4639,2.831237368066472,4453,America's Sweethearts (2001),Comedy|Romance,2.840440036074803
1440,2.786279683377309,758,Amos & Andrew (1993),Comedy,2.8403664769293036
5449,2.832731865752436,5542,Mr. Deeds (2002),Comedy|Romance,2.840139702916665
4012,2.7706576728499157,593,Punchline (1988),Comedy|Drama,2.83996318520028
4310,2.83677640703701,13699,Pearl Harbor (2001),Action|Drama|Romance|War,2.839779823888909
1665,2.8299546863820653,4193,Bean (1997),Comedy,2.8397678933834882
1970,2.8263754045307445,3090,"Nightmare on Elm Street 3: Dream Warriors, A (1987)",Horror|Thriller,2.8396972073497606
249964,2.73697270471464,403,F9 (2021),Action|Crime|Thriller,2.8393388642738393
1055,2.7176470588235295,340,Shadow Conspiracy (1997),Thriller,2.8391322900664218
1438,2.8328624535315985,6725,Dante's Peak (1997),Action|Thriller,2.839009020149431
2805,2.82991930477964,4833,Mickey Blue Eyes (1999),Comedy|Romance,2.8384983973750204
4149,2.822143698468787,2547,Saving Silverman (Evil Woman) (2001),Comedy|Romance,2.8384294880432477
879,2.820588235294118,2380,"Relic, The (1997)",Horror|Thriller,2.8380558429838016
101283,2.7641843971631204,564,"Incredible Burt Wonderstone, The (2013)",Comedy,2.8379444035184105
4063,2.777292576419214,687,Prelude to a Kiss (1992),Comedy|Drama|Romance,2.83787264197042
205297,2.7702265372168284,618,Gemini Man (2019),Action|Drama|Sci-Fi|Thriller,2.8376571757066746
91386,2.7323232323232323,396,Happy Feet Two (2011),Animation|Children|Comedy|IMAX,2.837594984679975
637,2.8304530201342284,5960,Sgt. Bilko (1996),Comedy,2.8374534950828836
179881,2.7914409534127844,923,Downsizing (2017),Comedy|Drama|Sci-Fi,2.8368162860483968
876,2.700636942675159,314,Supercop 2 (Project S) (Chao ji ji hua) (1993),Action|Comedy|Crime|Thriller,2.835254939811895
4673,2.8186941313641665,2573,Tango & Cash (1989),Action|Comedy|Crime|Thriller,2.8351341314788323
5874,2.755140186915888,535,Friday After Next (2002),Comedy,2.834500581222243
7381,2.8026874115983027,1414,"Whole Ten Yards, The (2004)",Action|Comedy|Crime,2.832981541656213
5047,2.810586403736378,1927,Kung Pow: Enter the Fist (2002),Action|Comedy,2.8328346916770606
5080,2.75938566552901,586,Slackers (2002),Comedy,2.832632657348324
7222,2.701219512195122,328,Reefer Madness (a.k.a. Tell Your Children) (1938),Comedy|Drama,2.8323193025136346
55245,2.795221843003413,1172,Good Luck Chuck (2007),Comedy|Romance,2.8319832540081045
204268,2.7252475247524752,404,Rambo: Last Blood (2019),Action,2.8319267967837587
43679,2.8109499298081424,2137,Final Destination 3 (2006),Horror|Mystery|Thriller,2.8312020644704794
95720,2.7899159663865545,1071,"Watch, The (2012)",Comedy|Sci-Fi,2.8304909505417952
71252,2.7982456140350878,1368,"Final Destination, The (Final Destination 4) (Final Destination in 3-D, The) (2009)",Horror|Thriller,2.83008535198226
95058,2.7396265560165975,482,Cosmopolis  (2012),Drama,2.8300246348612887
92192,2.746168582375479,522,Apollo 18 (2011),Horror|Sci-Fi|Thriller,2.8297639196006177
31223,2.6970149253731344,335,Racing Stripes (2005),Children|Comedy,2.828335341017496
6425,2.712987012987013,385,"6th Man, The (Sixth Man, The) (1997)",Comedy,2.827677876037413
105755,2.7395209580838324,501,"Counselor, The (2013)",Crime|Drama|Thriller,2.8276636959862866
2492,2.772159800249688,801,20 Dates (1998),Comedy|Romance,2.8273788033337617
5891,2.7354771784232366,482,I Spit on Your Grave (Day of the Woman) (1978),Horror|Thriller,2.8272882824190946
112911,2.7806925498426023,953,Hercules (2014),Action|Adventure,2.827161166170327
27822,2.7870705244122966,1106,Open Water (2003),Drama|Thriller,2.8271200868109205
6294,2.8069936421435058,2202,Bulletproof Monk (2003),Action|Adventure|Sci-Fi,2.827110451515817
5382,2.765193370165746,724,Every Which Way But Loose (1978),Comedy,2.8265649148115077
176935,2.7583081570996977,662,Geostorm (2017),Action,2.8257382869910153
98239,2.7254464285714284,448,Red Dawn (2012),Action|War,2.8253192791219917
2523,2.6484375,256,Rollercoaster (1977),Drama|Thriller,2.8242523383246505
4394,2.6580882352941178,272,Beach Blanket Bingo (1965),Comedy|Musical,2.823891352697477
415,2.8098112039616217,3231,Another Stakeout (1993),Comedy|Thriller,2.8237779837409454
3395,2.6594202898550723,276,Nadine (1987),Comedy,2.823328263707594
2188,2.803341902313625,2334,54 (1998),Drama,2.8227825334392027
80880,2.67056856187291,299,Stone (2010),Drama|Thriller,2.8225314941049757
528,2.773605150214592,932,"Scout, The (1994)",Comedy|Drama,2.822393941587024
2829,2.793730407523511,1595,"Muse, The (1999)",Comedy,2.8222598869895963
33499,2.785073409461664,1226,Monster-in-Law (2005),Comedy|Romance,2.8222015089972987
485,2.819037796113921,15028,Last Action Hero (1993),Action|Adventure|Comedy|Fantasy,2.822068941056112
133798,2.71007371007371,407,Hot Pursuit (2015),Action|Comedy,2.8220231828329254
3257,2.815662484489177,7253,"Bodyguard, The (1992)",Drama|Romance|Thriller,2.82194710748212
3999,2.8096479791395046,3835,Vertical Limit (2000),Action|Adventure,2.821559050324473
64497,2.8050234911456453,2767,"Day the Earth Stood Still, The (2008)",Drama|Sci-Fi|Thriller|IMAX,2.821534203925898
5027,2.790744466800805,1491,Another 48 Hrs. (1990),Action|Comedy|Crime|Drama|Thriller,2.821406405896957
3208,2.800046663555763,2143,Loaded Weapon 1 (National Lampoon's Loaded Weapon 1) (1993),Action|Comedy,2.8213825852335446
4092,2.734404536862004,529,Cherry 2000 (1987),Romance|Sci-Fi,2.8210117053864456
70305,2.7724392819429777,947,Race to Witch Mountain (2009),Adventure|Children|Fantasy|Sci-Fi|Thriller,2.82085877215496
4053,2.691549295774648,355,Double Take (2001),Action|Comedy,2.8207733161452495
413,2.8129413570770647,6514,Airheads (1994),Comedy,2.8200128651347964
4890,2.8137216059165344,7572,Shallow Hal (2001),Comedy|Fantasy|Romance,2.8198116592233777
3600,2.7204301075268815,465,Blue Hawaii (1961),Comedy|Musical,2.819673631629242
74580,2.7390924956369984,573,"Spy Next Door, The (2010)",Action|Children|Comedy,2.8196435157806503
72919,2.724948875255624,489,Did You Hear About the Morgans? (2009),Comedy|Crime|Drama|Romance,2.819440311180534
2241,2.7567750677506777,738,Class (1983),Comedy,2.8193991342791733
2977,2.7096018735363,427,Crazy in Alabama (1999),Comedy|Drama,2.8184124953693095
2328,2.793964620187305,1922,Vampires (1998),Horror|Western,2.8181698860473148
201586,2.774390243902439,1066,Men in Black: International (2019),Action|Adventure|Comedy|Sci-Fi,2.8180584117576366
725,2.788497800125707,1591,"Great White Hype, The (1996)",Comedy,2.8177971659438645
2362,2.7057416267942584,418,Glen or Glenda (1953),Drama,2.8174613969412445
2365,2.765934065934066,910,King Kong vs. Godzilla (Kingukongu tai Gojira) (1962),Action|Sci-Fi,2.8172965791872606
2269,2.803540081919251,3418,Indecent Proposal (1993),Drama|Romance,2.8172202693338013
4929,2.76007326007326,819,"Toy, The (1982)",Comedy,2.8171785800356925
34143,2.7704590818363273,1002,Dark Water (2005),Drama|Horror|Thriller,2.8171436610601295
1426,2.6318897637795278,254,Zeus and Roxanne (1997),Children,2.8165937673893744
459,2.7766497461928936,1182,"Getaway, The (1994)",Action|Adventure|Crime|Drama|Romance|Thriller,2.816384796715435
83613,2.802215657311669,3385,Cowboys & Aliens (2011),Action|Sci-Fi|Thriller|Western|IMAX,2.8161107916068455
1550,2.749647390691114,709,Trial and Error (1997),Comedy|Romance,2.8160194233428504
1771,2.701219512195122,410,Night Flier (1997),Horror,2.8160039545001005
157340,2.76353591160221,905,The Angry Birds Movie (2016),Animation|Comedy,2.8156382750845963
129707,2.654109589041096,292,The Lazarus Effect (2015),Horror|Thriller,2.8156128778334555
116887,2.7617142857142856,875,Exodus: Gods and Kings (2014),Action|Adventure|Drama,2.8156108244684726
697,2.7748058671268336,1159,Feeling Minnesota (1996),Drama|Romance,2.8155160207543974
65435,2.674626865671642,335,Open Season 2 (2008),Adventure|Animation|Children|Comedy,2.815490675835102
5170,2.637218045112782,266,All About the Benjamins (2002),Action|Comedy|Crime,2.815041766595681
94813,2.6671875,320,Chernobyl Diaries (2012),Horror,2.8150202243278537
5109,2.730088495575221,565,Return to Never Land (2002),Adventure|Animation|Children,2.814184796191321
327,2.807646356033453,7533,Tank Girl (1995),Action|Comedy|Sci-Fi,2.8139612441203457
3021,2.664576802507837,319,"Funhouse, The (1981)",Horror,2.8138140616659904
1603,2.799798212741424,3469,Mimic (1997),Horror|Sci-Fi|Thriller,2.813541247914176
2126,2.8041666666666667,5160,Snake Eyes (1998),Action|Crime|Mystery|Thriller,2.813412155081461
1091,2.804567180031864,5649,Weekend at Bernie's (1989),Comedy,2.8130292147408595
510,2.7617021276595746,940,Poetic Justice (1993),Drama,2.8126545593574868
197537,2.7330016583747927,603,Velvet Buzzsaw (2019),Crime|Drama|Horror|Mystery|Thriller,2.812495604672046
5102,2.7635270541082164,998,Rookie of the Year (1993),Comedy|Fantasy,2.8117451324245057
2170,2.7664473684210527,1064,Wrongfully Accused (1998),Action|Comedy,2.8116878708356436
1461,2.794701986754967,2869,Vegas Vacation (National Lampoon's Las Vegas Vacation) (1997),Comedy,2.8114965218961854
4520,2.730252100840336,595,License to Drive (1988),Comedy,2.8113105884821854
1647,2.741404011461318,698,Playing God (1997),Crime|Drama|Thriller,2.8107139144789484
5927,2.7260034904013963,573,"Best Little Whorehouse in Texas, The (1982)",Comedy|Drama|Musical|Romance,2.8105183180680333
157,2.7924214417744917,2705,Canadian Bacon (1995),Comedy|War,2.810340568611028
2451,2.7512135922330097,824,"Gate, The (1987)",Horror,2.810108123422608
2606,2.786926605504587,2180,Idle Hands (1999),Comedy|Horror,2.8092819818107437
199223,2.726968174204355,597,Pet Sematary (2019),Horror|Thriller,2.808801283390609
3326,2.75974025974026,1001,What Planet Are You From? (2000),Comedy|Sci-Fi,2.808596692231472
216745,2.6442953020134228,298,The Wrong Missy (2020),Comedy|Romance,2.808493336295696
45662,2.7577639751552794,966,"Omen, The (2006)",Horror|Thriller,2.808432797448445
71668,2.7673060884070058,1199,Couples Retreat (2009),Comedy|Romance,2.808180817473663
1762,2.7776044915782907,1603,Deep Rising (1998),Action|Horror|Sci-Fi,2.808178090404512
36397,2.7042105263157894,475,Valiant (2005),Adventure|Animation|Children|Comedy|Fantasy|War,2.8076599055396
6720,2.645214521452145,303,Kuffs (1992),Action|Comedy|Crime,2.8075104287373005
7261,2.675531914893617,376,Barbershop 2: Back in Business (2004),Comedy,2.806793095887528
2004,2.7976453274466517,5436,Gremlins 2: The New Batch (1990),Comedy|Horror,2.806727472008323
8869,2.7113899613899615,518,First Daughter (2004),Comedy|Romance,2.8067088350764324
6265,2.7272,625,Head of State (2003),Comedy,2.806345126009974
4317,2.7615384615384615,1105,Love Potion #9 (1992),Comedy|Romance,2.80631140085687
6946,2.738544474393531,742,Looney Tunes: Back in Action (2003),Action|Animation|Children|Fantasy,2.8054950102130554
6252,2.7423857868020303,788,View from the Top (2003),Comedy|Romance,2.805444117677805
159441,2.6882352941176473,425,The Do-Over (2016),Comedy,2.805260432735
114713,2.7547931382441977,991,Annabelle (2014),Horror,2.8050367010404997
4266,2.642156862745098,306,"Forsaken, The (2001)",Horror,2.8049468473961365
2699,2.801442408194551,14351,Arachnophobia (1990),Comedy|Horror,2.804914075138879
120637,2.694933920704846,454,Blackhat (2015),Action|Crime|Drama|Mystery|Thriller,2.8047588641629195
840,2.7337570621468927,708,House Arrest (1996),Children|Comedy,2.80433170197525
6880,2.782590051457976,2332,"Texas Chainsaw Massacre, The (2003)",Horror,2.804047040032592
112497,2.6643454038997216,359,Tammy (2014),Comedy,2.8038575516040734
248912,2.723454833597464,631,Army of the Dead (2021),Action|Horror|Thriller,2.8031196790773
1756,2.70706106870229,524,"Prophecy II, The (1998)",Horror,2.8030340349593947
200938,2.7142857142857144,567,The Dead Don't Die (2019),Comedy|Horror,2.8029966976591694
3841,2.7743312464428,1757,Air America (1990),Action|Comedy,2.802963759718887
67073,2.5983935742971886,249,Day of the Dead (2008),Horror,2.801697139224977
130450,2.6881959910913142,449,Pan (2015),Adventure|Children|Fantasy,2.801210783235587
2264,2.727536231884058,690,We're No Angels (1989),Comedy|Crime,2.80111301056568
134528,2.700587084148728,511,Aloha (2015),Comedy|Drama|Romance,2.8003224182393955
332,2.778139939156888,2301,Village of the Damned (1995),Horror|Sci-Fi,2.8002921705243797
2121,2.7775573192239857,2268,Cujo (1983),Horror|Thriller,2.8000576127856154
6541,2.7937156802928613,8195,"League of Extraordinary Gentlemen, The (a.k.a. LXG) (2003)",Action|Fantasy|Sci-Fi,2.7999461156124674
788,2.797352527133191,22021,"Nutty Professor, The (1996)",Comedy|Fantasy|Romance|Sci-Fi,2.7996742242048738
1382,2.752899197145406,1121,Marked for Death (1990),Action|Drama,2.79871888869269
6251,2.6188811188811187,286,Piglet's Big Movie (2003),Animation|Children,2.7985885317257733
93766,2.760177646188009,1351,Wrath of the Titans (2012),Action|Adventure|Fantasy|IMAX,2.7982780208888784
6332,2.741830065359477,918,"Lizzie McGuire Movie, The (2003)",Children|Comedy|Romance,2.7979818370212666
1717,2.791626213592233,8240,Scream 2 (1997),Comedy|Horror|Mystery|Thriller,2.797884885629483
2531,2.773542600896861,2230,Battle for the Planet of the Apes (1973),Action|Sci-Fi,2.7967909175925274
27899,2.7256515775034296,729,What the #$*! Do We Know!? (a.k.a. What the Bleep Do We Know!?) (2004),Comedy|Documentary|Drama,2.796773704489331
85397,2.741781548250265,943,Red Riding Hood (2011),Fantasy|Horror|Mystery|Thriller,2.7967656729760186
185585,2.7479601087941976,1103,Pacific Rim: Uprising (2018),Action|Fantasy|Sci-Fi,2.7952992126785388
132,2.7699724517906334,2178,Jade (1995),Thriller,2.7940850490832405
159690,2.716275659824047,682,Teenage Mutant Ninja Turtles: Out of the Shadows (2016),Action|Adventure|Comedy,2.7934955479859447
73804,2.6217532467532467,308,Asterix at the Olympic Games (Astérix aux jeux olympiques) (2008),Adventure|Children|Comedy|Fantasy,2.7930777619323335
114670,2.702401372212693,583,Tusk (2014),Comedy|Drama|Horror,2.792961901214228
5507,2.7850626361655775,7344,xXx (2002),Action|Crime|Thriller,2.7922750208247336
761,2.7784650340823025,3961,"Phantom, The (1996)",Action|Adventure,2.7918632284900156
1999,2.749805447470817,1285,"Exorcist III, The (1990)",Horror,2.7912282454006885
66304,2.6142384105960264,302,Hotel for Dogs (2009),Adventure|Children|Comedy,2.7908241162100493
1646,2.7302036199095023,884,RocketMan (a.k.a. Rocket Man) (1997),Children|Comedy|Romance|Sci-Fi,2.7905949383176947
2031,2.596363636363636,275,"Million Dollar Duck, The (a.k.a. $1,000,000 Duck) (1971)",Children|Comedy,2.790542098912228
4159,2.7597365406643757,1746,3000 Miles to Graceland (2001),Action|Thriller,2.790347889929378
32019,2.7503725782414308,1342,Be Cool (2005),Comedy|Crime|Musical,2.7902225190898964
4153,2.736842105263158,1007,Down to Earth (2001),Comedy|Fantasy|Romance,2.7900031894419275
1703,2.7215836526181354,783,For Richer or Poorer (1997),Comedy,2.789965118344913
2367,2.7719707057256993,3004,King Kong (1976),Adventure|Fantasy|Romance|Sci-Fi|Thriller,2.7898075580620727
179,2.746580852775543,1243,Mad Love (1995),Drama|Romance,2.7897077589785617
6703,2.65679012345679,405,"Order, The (2003)",Horror|Mystery|Thriller,2.78936382569218
842,2.764013188883655,2123,Tales from the Crypt Presents: Bordello of Blood (1996),Comedy|Horror,2.7893102599688504
70994,2.668539325842697,445,Halloween II (2009),Horror|Thriller,2.789256385098885
673,2.7847033206314644,12859,Space Jam (1996),Adventure|Animation|Children|Comedy|Fantasy|Sci-Fi,2.7888879992691518
3387,2.741810344827586,1160,Who's Harry Crumb? (1989),Comedy|Mystery,2.7883206796934603
990,2.7336354481369587,993,Maximum Risk (1996),Action|Adventure|Thriller,2.7880384939368037
202519,2.5734126984126986,252,Child's Play (2019),Comedy|Horror,2.7879117700541354
5803,2.7511880515953835,1473,I Spy (2002),Action|Adventure|Comedy|Crime,2.7878883823799967
6060,2.6964586846543,593,"Guru, The (2002)",Comedy|Romance,2.787700446157639
130448,2.6746361746361744,481,Poltergeist (2015),Horror|Thriller,2.787320188546535
85022,2.7411467116357504,1186,Hall Pass (2011),Comedy,2.7869294066625665
2491,2.7275675675675677,925,Simply Irresistible (1999),Comedy|Romance,2.7864085574751822
424,2.7185554171855544,803,Blue Chips (1994),Drama,2.78635327086236
1640,2.6802325581395348,516,How to Be a Player (1997),Comedy,2.7859393458231354
4131,2.610576923076923,312,Making Mr. Right (1987),Comedy|Romance|Sci-Fi,2.785639161383698
486,2.699843260188088,638,Life with Mikey (1993),Comedy,2.785505700327113
1752,2.7568205666316894,1906,Hard Rain (1998),Action|Crime|Thriller,2.7854958492830835
4744,2.7685041808609476,3229,Jeepers Creepers (2001),Horror,2.7854351780155024
2429,2.7523923444976077,1672,Mighty Joe Young (1998),Action|Adventure|Drama|Fantasy|Thriller,2.7851345752616568
158872,2.760878931495045,2321,Sausage Party (2016),Animation|Comedy,2.7845305286665303
5151,2.7683982683982684,3465,40 Days and 40 Nights (2002),Comedy|Romance,2.7842604824093584
3743,2.7050359712230216,695,Boys and Girls (2000),Comedy|Romance,2.784156166564378
45106,2.683876811594203,552,American Dreamz (2006),Comedy|Drama,2.783699594980792
54004,2.7562962962962962,2025,I Now Pronounce You Chuck and Larry (2007),Comedy|Romance,2.7835283018690866
228,2.6673640167364017,478,Destiny Turns on the Radio (1995),Comedy,2.783003171853235
1011,2.7481320049813203,1606,Herbie Rides Again (1974),Children|Comedy|Fantasy|Romance,2.7826109254515696
3981,2.7690282431785542,4178,Red Planet (2000),Action|Sci-Fi|Thriller,2.7823002565271673
418,2.699275362318841,690,Being Human (1993),Drama,2.7803440255832537
192307,2.726930320150659,1062,The Meg (2018),Action|Horror|Sci-Fi|Thriller,2.7797429289954354
217,2.7254335260115607,1038,"Babysitter, The (1995)",Drama|Thriller,2.7795205576347164
4367,2.7745433789954337,11388,Lara Croft: Tomb Raider (2001),Action|Adventure,2.7794743450248873
197707,2.5603112840466924,257,IO (2019),Sci-Fi,2.7791362040326475
85131,2.7533059735522114,2193,Battle: Los Angeles (2011),Action|Sci-Fi|War,2.7789692475613728
43836,2.7506265664160403,1995,"Pink Panther, The (2006)",Adventure|Comedy|Crime,2.778851555604134
56003,2.690809968847352,642,Southland Tales (2006),Comedy|Drama|Sci-Fi|Thriller,2.7786115227524038
8864,2.6458823529411766,425,Mr. 3000 (2004),Comedy|Drama,2.778550238344141
58655,2.6966618287373003,689,Drillbit Taylor (2008),Comedy,2.7785105081779684
57536,2.5755395683453237,278,Strange Wilderness (2008),Comedy,2.7784494318089132
4587,2.7448009506833038,1683,Earth Girls Are Easy (1988),Comedy|Musical|Sci-Fi,2.7783348028469987
6212,2.7385804638088547,1423,Bringing Down the House (2003),Comedy,2.778255281787258
7193,2.6934032983508245,667,"Adventures of Ford Fairlane, The (1990)",Action|Comedy,2.778103510885595
32017,2.7463524130190797,1782,"Pacifier, The (2005)",Action|Comedy,2.7780614533557126
3838,2.5801393728222997,287,Phantasm III: Lord of the Dead (1994),Horror,2.777505142041643
2446,2.6903669724770642,654,In Dreams (1999),Horror|Thriller,2.7771237187065196
150294,2.549800796812749,251,The Forest (2016),Horror|Thriller,2.7764853083018934
5990,2.5606060606060606,264,Pinocchio (2002),Children|Comedy|Fantasy,2.7763014342369203
4618,2.701570680628272,764,Leviathan (1989),Horror|Sci-Fi|Thriller,2.7761526366078746
59725,2.7529976019184654,2502,Sex and the City (2008),Comedy|Romance,2.775806101864887
278312,2.656701030927835,485,Black Adam (2022),Action|Adventure|Fantasy,2.7748535299361174
3840,2.6942896935933147,718,Pumpkinhead (1988),Horror,2.774294141710742
45666,2.7532976827094475,2805,Nacho Libre (2006),Comedy,2.7738187254396403
2399,2.7336350974930363,1436,Santa Claus: The Movie (1985),Adventure|Children|Fantasy,2.7737343495875817
5172,2.6349397590361447,415,Full Frontal (2002),Comedy|Drama|Romance,2.7737083982830497
742,2.746080760095012,2105,Thinner (1996),Horror|Thriller,2.773467439406991
210571,2.5454545454545454,253,Fantasy Island (2020),Fantasy|Horror|Sci-Fi,2.773391124965365
4069,2.7636653252850434,5964,"Wedding Planner, The (2001)",Comedy|Romance,2.7733369289092233
489,2.753738621586476,3076,Made in America (1993),Comedy,2.7725540634666057
45730,2.742849846782431,1958,Lady in the Water (2006),Drama|Fantasy|Mystery,2.772425123757359
63393,2.6459694989106755,459,Camp Rock (2008),Comedy|Musical|Romance,2.7722347868627164
171867,2.581967213114754,305,Rough Night (2017),Comedy|Drama,2.7720978617442076
212371,2.6173333333333333,375,The New Mutants (2020),Action|Horror|Sci-Fi,2.7720227690657424
48877,2.755424063116371,3549,Saw III (2006),Crime|Horror|Thriller,2.771785725169203
135567,2.7395374449339207,1816,Independence Day: Resurgence (2016),Action|Adventure|Sci-Fi,2.771545840292564
710,2.726107226107226,1287,Celtic Pride (1996),Comedy,2.7713164956182803
163937,2.633016627078385,421,Blair Witch (2016),Horror|Thriller,2.771256912405011
50800,2.6341176470588237,425,"Messengers, The (2007)",Drama|Horror|Thriller,2.771130739902236
5677,2.5979228486646884,337,Abandon (2002),Drama|Thriller,2.7708909466122487
2169,2.7213740458015265,1179,Dead Man on Campus (1998),Comedy,2.77082779299679
5092,2.7218959731543624,1192,Big Fat Liar (2002),Children|Comedy,2.7708133844264813
101076,2.7269001490312967,1342,G.I. Joe: Retaliation (2013),Action|Adventure|Sci-Fi|Thriller|IMAX,2.770422405946393
210863,2.5428015564202333,257,Dolittle (2020),Children|Comedy|Fantasy,2.770241165487481
45442,2.72713972201902,1367,Poseidon (2006),Action|Adventure|Thriller|IMAX,2.7699517331642536
55955,2.6479166666666667,480,Fred Claus (2007),Children|Comedy|Fantasy,2.7698792778434855
79134,2.746932515337423,2608,Grown Ups (2010),Comedy,2.7694231529350404
2535,2.6910785619174433,751,Earthquake (1974),Action|Drama|Thriller,2.7692419298130977
2629,2.701803833145434,887,"Love Letter, The (1999)",Comedy|Romance,2.7682586544767287
4040,2.7404795486600846,2127,Don't Tell Mom the Babysitter's Dead (1991),Comedy,2.768199421532942
260669,2.5301204819277108,249,Halloween Kills (2021),Crime|Horror|Thriller,2.767553736935362
87876,2.7429225645295587,2402,Cars 2 (2011),Adventure|Animation|Children|Comedy|IMAX,2.7675374422347567
172,2.762982303452277,13788,Johnny Mnemonic (1995),Action|Sci-Fi|Thriller,2.767275182242526
2500,2.718800648298217,1234,Jawbreaker (1999),Comedy,2.766852117890698
5787,2.6394849785407724,466,"Truth About Charlie, The (2002)",Mystery|Thriller,2.76677158430566
55768,2.7483761212496134,3233,Bee Movie (2007),Animation|Comedy,2.766726501513575
2790,2.675115207373272,651,"Final Conflict, The (a.k.a. Omen III: The Final Conflict) (1981)",Horror|Thriller,2.7663796039783493
2900,2.706149193548387,992,Monkey Shines (1988),Horror|Sci-Fi,2.766109280054893
47124,2.6832641770401104,723,"Ant Bully, The (2006)",Adventure|Animation|Children|Comedy|Fantasy|IMAX,2.765680631361371
7310,2.6327433628318584,452,Raw Deal (1986),Action,2.764966479697698
70663,2.6303370786516855,445,"I Love You, Beth Cooper (2009)",Comedy|Romance,2.764757177720301
83910,2.609090909090909,385,"Dilemma, The (2011)",Comedy|Drama,2.764576440479755
263009,2.7145228215767636,1205,The Matrix Resurrections (2021),Action|Adventure|Sci-Fi,2.764265083994853
69278,2.7035175879396984,995,Land of the Lost (2009),Action|Adventure|Comedy|Sci-Fi,2.763859639537034
2809,2.5512367491166077,283,Love Stinks (1999),Comedy,2.7636115916903865
849,2.7563841807909606,8850,Escape from L.A. (1996),Action|Adventure|Sci-Fi|Thriller,2.763187308973625
3484,2.7397671798723247,2663,"Skulls, The (2000)",Thriller,2.7624454842611756
63436,2.7283220720720722,1776,Saw V (2008),Crime|Horror|Thriller,2.7623413529656364
1837,2.647727272727273,528,"Odd Couple II, The (1998)",Comedy,2.762215221547325
275,2.7240844196151457,1611,Mixed Nuts (1994),Comedy,2.761688803494874
196223,2.6745689655172415,696,Hellboy (2019),Action|Adventure|Fantasy,2.761630866356352
3764,2.7033653846153847,1040,F/X2 (a.k.a. F/X 2 - The Deadly Art of Illusion) (1991),Action|Crime|Thriller,2.761630076514948
36509,2.6587837837837838,592,"Cave, The (2005)",Action|Adventure|Horror|Mystery|Sci-Fi|Thriller,2.761285534094561
631,2.7348256564786912,2323,All Dogs Go to Heaven 2 (1996),Adventure|Animation|Children|Fantasy|Musical|Romance,2.7609802113690725
81535,2.7052102376599634,1094,Saw VII 3D - The Final Chapter (2010),Horror|Mystery|Thriller,2.7607900853526823
152063,2.6914772727272727,880,Gods of Egypt (2016),Adventure|Fantasy,2.760620963433534
4643,2.7555958132045086,12420,Planet of the Apes (2001),Action|Adventure|Drama|Sci-Fi,2.760497360119672
49528,2.5859598853868193,349,Turistas (2006),Adventure|Drama|Horror|Mystery|Thriller,2.7604365372472266
3324,2.7057777777777776,1125,Drowning Mona (2000),Comedy,2.760000731945641
2364,2.679419525065963,758,"Godzilla 1985: The Legend Is Reborn (Gojira) (Godzilla) (Return of Godzilla, The) (1984)",Action|Horror|Sci-Fi|Thriller,2.7599215469461877
5220,2.722594397076736,1642,Showtime (2002),Action|Comedy,2.759778415368405
420,2.7554964425357347,15601,Beverly Hills Cop III (1994),Action|Comedy|Crime|Thriller,2.7594158326311278
27434,2.560064935064935,308,Darkness (2002),Horror|Mystery,2.7589603261269824
128975,2.6317427385892116,482,Hot Tub Time Machine 2 (2015),Comedy|Sci-Fi,2.7588794713642315
52460,2.5981675392670156,382,Pathfinder (2007),Action|Adventure|Drama|Thriller|War,2.758701863401675
1887,2.665151515151515,660,Almost Heroes (1998),Adventure|Comedy|Western,2.758240736736843
2286,2.513833992094862,253,"Fiendish Plot of Dr. Fu Manchu, The (1980)",Comedy,2.7574516947999936
3340,2.559294871794872,312,Bride of the Monster (1955),Horror|Sci-Fi,2.757113577500654
5296,2.722807991120977,1802,"Sweetest Thing, The (2002)",Comedy|Romance,2.757065193632121
6493,2.6633888048411496,661,Alex and Emma (2003),Comedy|Drama|Romance,2.756857902648771
5999,2.645306859205776,554,Heavy Metal 2000 (2000),Action|Adventure|Animation|Fantasy|Sci-Fi,2.7568377202890977
4207,2.701077199281867,1114,Navy Seals (1990),Action|Adventure|War,2.7565962327537727
70336,2.7335440684269243,2689,G.I. Joe: The Rise of Cobra (2009),Action|Adventure|Sci-Fi|Thriller,2.7565488973825234
885,2.66156202143951,653,Bogus (1996),Children|Drama|Fantasy,2.756364348176202
4305,2.693612774451098,1002,Angel Eyes (2001),Romance|Thriller,2.7555879811496657
7142,2.660578386605784,657,Honey (2003),Drama|Romance,2.7552323718071716
2041,2.682648401826484,876,Condorman (1981),Action|Adventure|Children|Comedy,2.753991470904184
5448,2.511627906976744,258,Hey Arnold! The Movie (2002),Adventure|Animation|Children|Comedy,2.7539258347210827
72378,2.74564761081615,8099,2012 (2009),Action|Drama|Sci-Fi|Thriller,2.7533828873872612
438,2.6957720588235294,1088,"Cowboy Way, The (1994)",Action|Comedy|Drama,2.753358520173623
57534,2.6291913214990137,507,"Eye, The (2008)",Drama|Horror|Thriller,2.7529633623761303
1037,2.744390702673653,7443,"Lawnmower Man, The (1992)",Action|Horror|Sci-Fi|Thriller,2.7528263505271933
6014,2.6866456361724502,951,National Security (2003),Action|Comedy,2.7527002297025724
7704,2.5550314465408803,318,"Delta Force, The (1986)",Action,2.752628339425148
6564,2.741245487364621,5540,Lara Croft Tomb Raider: The Cradle of Life (2003),Action|Adventure|Comedy|Romance|Thriller,2.752589439378831
5610,2.678861788617886,861,"Banger Sisters, The (2002)",Comedy|Drama,2.7520182049014474
2468,2.730744018354638,3051,Jumpin' Jack Flash (1986),Action|Comedy|Romance|Thriller,2.7514364088669705
82852,2.7104409857328147,1542,Little Fockers (2010),Comedy,2.7513903655257788
15,2.7308809293320424,3099,Cutthroat Island (1995),Action|Adventure|Romance,2.751266467224265
122898,2.7246011754827877,2382,Justice League (2017),Action|Adventure|Sci-Fi,2.751136495351445
360,2.7213918729565623,2141,I Love Trouble (1994),Action|Comedy,2.7509372800619762
833,2.708692767086928,1507,High School High (1996),Comedy,2.750706193758253
6596,2.6142241379310347,464,"Divorce, Le (2003)",Comedy|Drama|Romance,2.7506873413103055
518,2.699603174603175,1260,"Road to Wellville, The (1994)",Comedy,2.749993376380222
87529,2.6890595009596927,1042,Your Highness (2011),Action|Adventure|Comedy|Fantasy,2.7499922578202156
3705,2.722413793103448,2320,Bird on a Wire (1990),Action|Comedy|Romance,2.749801473634675
1551,2.5526315789473686,323,Buddy (1997),Adventure|Children|Drama,2.749545384892668
2255,2.6204453441295548,494,Young Doctors in Love (1982),Comedy,2.74931350870927
839,2.73327718960539,4156,"Crow: City of Angels, The (1996)",Action|Thriller,2.748635611618906
33495,2.6619241192411924,738,Kicking & Screaming (2005),Comedy,2.7484699621239406
175197,2.6872015281757404,1047,The Dark Tower (2017),Fantasy|Horror|Sci-Fi|Western,2.748256042611403
94018,2.717894239848914,2118,Battleship (2012),Action|Sci-Fi|Thriller|IMAX,2.7480945564325134
48142,2.698369565217391,1288,"Black Dahlia, The (2006)",Crime|Drama|Mystery|Thriller,2.7480415157916043
45361,2.5665722379603397,353,"American Haunting, An (2005)",Drama|Horror|Mystery|Thriller,2.747906638345434
8907,2.73304889298893,4336,Shark Tale (2004),Animation|Children|Comedy,2.747816747501607
142074,2.6029411764705883,442,Knock Knock (2015),Crime|Horror|Thriller,2.7478144530613937
1798,2.5632183908045976,348,Hush (1998),Thriller,2.7474702724411406
2507,2.6123949579831933,476,Breakfast of Champions (1999),Comedy|Sci-Fi,2.747227211505196
85261,2.5019083969465647,262,Mars Needs Moms (2011),Action|Adventure|Animation|Children|Comedy|Sci-Fi|IMAX,2.7470444423960005
74532,2.667080745341615,805,Cop Out (2010),Action|Comedy|Crime,2.746906732726176
30894,2.688670829616414,1121,White Noise (2005),Drama|Horror|Mystery|Sci-Fi|Thriller,2.7461603077743755
4559,2.5841708542713566,398,Vice Versa (1988),Comedy,2.746119965404416
3669,2.5997732426303855,441,Stay Tuned (1992),Comedy,2.7459994283521043
4203,2.65814266487214,743,Harley Davidson and the Marlboro Man (1991),Action|Crime|Drama,2.7452011348120946
2389,2.7248290863890614,3218,Psycho (1998),Crime|Horror|Thriller,2.744949380028301
191469,2.5578034682080926,346,Robin Hood (2018),Adventure,2.74494033555239
612,2.705579138872044,1649,"Pallbearer, The (1996)",Comedy,2.7448574770114953
5438,2.6713800904977374,884,Men at Work (1990),Action|Comedy,2.7446950354136432
387,2.6549100968188104,723,"Low Down Dirty Shame, A (1994)",Action|Comedy,2.744587926350568
104245,2.607594936708861,474,Planes (2013),Adventure|Animation|Comedy,2.744452905823927
7374,2.6297909407665507,574,Home on the Range (2004),Animation|Children|Comedy|Musical|Western,2.743304175015332
2558,2.7134396355353076,2195,Forces of Nature (1999),Comedy|Romance,2.7431421112239116
47264,2.617021276595745,517,Barnyard: The Original Party Animals (2006),Animation|Children|Comedy,2.7431322700354053
3977,2.7400663799551235,21392,Charlie's Angels (2000),Action|Comedy,2.7431144271088597
4638,2.7368990905153745,11545,Jurassic Park III (2001),Action|Adventure|Sci-Fi|Thriller,2.7425588656525925
6702,2.6068464730290457,482,Dickie Roberts: Former Child Star (2003),Comedy,2.7424613567110643
7321,2.58373786407767,412,Twisted (2004),Thriller,2.742419436556388
6885,2.628695652173913,575,In the Cut (2003),Crime|Drama|Mystery|Romance|Thriller,2.7424019973541895
743,2.7322223928735987,6511,Spy Hard (1996),Comedy,2.7422691172384384
3388,2.7137916126242976,2313,Harry and the Hendersons (1987),Children|Comedy,2.742091809055825
69784,2.723781998348472,3633,Brüno (Bruno) (2009),Comedy,2.741818440871768
3688,2.716844512195122,2624,Porky's (1982),Comedy,2.7418166332347513
3785,2.7364827962861824,14648,Scary Movie (2000),Comedy|Horror,2.740970604999706
84942,2.6371473354231973,638,Drive Angry (2011),Action|Fantasy|Thriller,2.740404787033619
4603,2.591928251121076,446,Her Alibi (1989),Comedy|Romance,2.739912225672927
8799,2.587557603686636,434,Little Black Book (2004),Comedy|Romance,2.7397349621029683
2054,2.7360460045786548,18346,"Honey, I Shrunk the Kids (1989)",Adventure|Children|Comedy|Fantasy|Sci-Fi,2.739647161620666
83480,2.6645927601809953,884,Season of the Witch (2011),Adventure|Drama|Fantasy,2.7393988927708683
53435,2.6715736040609137,985,Hostel: Part II (2007),Crime|Horror|Thriller,2.7388483715212875
4876,2.716197899017282,2951,Thirteen Ghosts (a.k.a. Thir13en Ghosts) (2001),Horror|Thriller,2.7386683976437127
5264,2.660377358490566,848,Clockstoppers (2002),Action|Adventure|Sci-Fi|Thriller,2.7385951368585255
61210,2.4762845849802373,253,Mutant Chronicles (2008),Action|Adventure|Sci-Fi,2.738523621478615
2953,2.7313074565883553,9790,Home Alone 2: Lost in New York (1992),Children|Comedy,2.7380953098068628
2616,2.7276072658941435,6386,Dick Tracy (1990),Action|Crime,2.7380163989841773
7150,2.692491467576792,1465,Stuck on You (2003),Comedy,2.7378872779159327
110127,2.7030132788559755,1958,Noah (2014),Adventure|Drama|IMAX,2.7370814289818823
45726,2.700813008130081,1845,"You, Me and Dupree (2006)",Comedy,2.7369812338794195
379,2.725333767502442,6142,Timecop (1994),Action|Sci-Fi|Thriller,2.7362288575349507
86059,2.5665829145728645,398,Hop (2011),Animation|Children|Comedy,2.7352991275624006
432,2.729988465974625,13005,City Slickers II: The Legend of Curly's Gold (1994),Adventure|Comedy|Western,2.735154558704994
40339,2.709101382488479,2604,Chicken Little (2005),Action|Adventure|Animation|Children|Comedy|Sci-Fi,2.7349241142767418
3500,2.6426611796982167,729,Mr. Saturday Night (1992),Comedy|Drama,2.734906437897655
206899,2.5403458213256482,347,Charlie's Angels (2019),Action|Adventure|Comedy,2.734460489377608
42723,2.714307004470939,3355,Hostel (2005),Horror,2.734389135553183
89190,2.645098039215686,765,Conan the Barbarian (2011),Action|Adventure|Fantasy,2.733469775737367
2154,2.6720867208672088,1107,How Stella Got Her Groove Back (1998),Drama|Romance,2.7332141054798416
76175,2.711673270344407,3281,Clash of the Titans (2010),Action|Adventure|Drama|Fantasy,2.732362108167403
416,2.6945525291828796,1799,Bad Girls (1994),Western,2.73229406007135
3385,2.633670520231214,692,Volunteers (1985),Comedy,2.731921570432689
2786,2.572599531615925,427,Haunted Honeymoon (1986),Comedy,2.7318612303892835
79251,2.643320363164721,771,"Serbian Film, A (Srpski film) (2010)",Horror|Thriller,2.731606045318283
212281,2.6317715959004393,683,Mulan (2020),Adventure|Drama|Fantasy,2.731478705462085
48518,2.6539772727272726,880,"Texas Chainsaw Massacre: The Beginning, The (2006)",Horror|Thriller,2.731388967685461
49526,2.511290322580645,310,National Lampoon's Van Wilder: The Rise of Taj (2006),Comedy,2.7311952149223773
269872,2.530791788856305,341,Moonfall (2022),Action|Adventure|Sci-Fi,2.7309120285135053
7308,2.5481283422459895,374,King Solomon's Mines (1985),Adventure|Comedy,2.73071922559017
6338,2.6924360400444938,1798,Daddy Day Care (2003),Children|Comedy,2.7304533712541486
6250,2.7038476486591527,2573,Dreamcatcher (2003),Drama|Horror|Sci-Fi|Thriller,2.7304174512279373
3225,2.6616465863453813,996,Down to You (2000),Comedy|Romance,2.730311676134723
3923,2.540277777777778,360,Return of the Fly (1959),Horror|Sci-Fi,2.7302759166039037
44840,2.6556039173014145,919,"Benchwarmers, The (2006)",Comedy,2.730083916105931
2260,2.4761029411764706,272,Wisdom (1986),Crime|Drama,2.728863516260543
3596,2.546174142480211,379,Screwed (2000),Comedy,2.7280856913841642
47384,2.4782608695652173,276,Zoom (2006),Adventure|Comedy|Drama|Fantasy,2.7280720244239225
72696,2.5325779036827196,353,Old Dogs (2009),Comedy,2.7279697717562996
200822,2.6669611307420493,1132,Dark Phoenix (2019),Action|Sci-Fi,2.7279057177348953
8373,2.703575147518223,2881,"Stepford Wives, The (2004)",Comedy|Fantasy|Thriller,2.727552000262027
169982,2.636482939632546,762,Power Rangers (2017),Action|Adventure|Sci-Fi,2.7272381102187326
3579,2.5063694267515926,314,I Dreamed of Africa (2000),Drama,2.726887556617724
3835,2.6565656565656566,990,"Crush, The (1993)",Thriller,2.726584071046991
96616,2.615814696485623,626,That's My Boy (2012),Comedy,2.726557327260392
7257,2.5659722222222223,432,"Big Bounce, The (2004)",Comedy|Crime|Thriller,2.726487010750649
2884,2.4966887417218544,302,Dog Park (1998),Comedy|Romance,2.7263841089492047
110968,2.5943396226415096,530,Pompeii (2014),Action|Adventure|Drama,2.7255937933240686
784,2.721300676687227,16699,"Cable Guy, The (1996)",Comedy|Thriller,2.725468347442463
4232,2.7152400528556746,6811,Spy Kids (2001),Action|Adventure|Children|Comedy,2.72545857669657
3912,2.472924187725632,277,Beautiful (2000),Comedy|Drama,2.7247860916906577
540,2.7098935750886874,5074,Sliver (1993),Thriller,2.7236966701647813
91660,2.557919621749409,423,"Darkest Hour, The (2011)",Action|Horror|Sci-Fi|Thriller,2.7235675035274847
8946,2.5120481927710845,332,Surviving Christmas (2004),Comedy,2.723300061318845
4390,2.5650224215246635,446,Rape Me (Baise-moi) (2000),Crime|Drama|Thriller,2.722643553921596
83349,2.6935813573180702,2446,"Green Hornet, The (2011)",Action|Comedy|Crime|Fantasy|Thriller|IMAX,2.7223514808045257
4613,2.6506572295247723,989,K-9 (1989),Action|Comedy|Crime,2.72192019195421
4462,2.5104790419161676,334,18 Again! (1988),Comedy|Fantasy,2.7216761118890322
212,2.575975359342916,487,Bushwhacked (1995),Adventure|Comedy|Crime|Mystery,2.7211102128279885
3165,2.5365535248041775,383,Boiling Point (1993),Action|Drama,2.7211030315241604
3597,2.5484261501210654,413,Whipped (2000),Comedy,2.720146556307776
2044,2.4796610169491524,295,"Devil and Max Devlin, The (1981)",Comedy|Fantasy,2.720104809009224
4247,2.6977094635322483,3318,Joe Dirt (2001),Adventure|Comedy|Mystery|Romance,2.7191580940368714
305,2.698336252189142,3426,Ready to Wear (Pret-A-Porter) (1994),Comedy,2.719112086211901
143365,2.6422413793103448,928,The Circle (2016),Drama|Sci-Fi|Thriller,2.7189778278699266
2354,2.6711140760507006,1499,"Rugrats Movie, The (1998)",Animation|Children|Comedy,2.7186709798158457
136864,2.702881020453046,4547,Batman v Superman: Dawn of Justice (2016),Action|Adventure|Fantasy|Sci-Fi,2.7185648169520045
4629,2.515625,352,Next of Kin (1989),Action|Crime|Thriller,2.71836412983877
3394,2.662215239591516,1273,Blind Date (1987),Comedy|Romance,2.7182896416453888
70282,2.478187919463087,298,Aliens in the Attic (2009),Adventure|Children|Fantasy|Sci-Fi,2.7179831881881826
6686,2.641489361702128,940,"Medallion, The (2003)",Action|Comedy|Crime|Fantasy,2.71760871866441
42009,2.6399132321041217,922,Cheaper by the Dozen 2 (2005),Adventure|Comedy,2.717537796242307
66783,2.620081411126187,737,Friday the 13th (2009),Horror,2.717278634364659
191,2.676520750426379,1759,"Scarlet Letter, The (1995)",Drama|Romance,2.71724936780722
343,2.641039236479321,943,"Baby-Sitters Club, The (1995)",Children,2.717060999765179
55577,2.68854415274463,2514,Saw IV (2007),Crime|Horror|Thriller,2.7170599752506845
487,2.6051401869158877,642,Lightning Jack (1994),Comedy|Western,2.716876198922569
74452,2.6271820448877805,802,"Wolfman, The (2010)",Horror|Thriller,2.7166857033210743
3825,2.7048554725560248,6158,Coyote Ugly (2000),Comedy|Drama|Romance,2.7165189101781078
53993,2.695774647887324,3550,Evan Almighty (2007),Comedy|Fantasy,2.716040171002163
97785,2.536159600997506,401,Silent Hill: Revelation 3D (2012),Horror|Mystery|Thriller,2.7157485853517724
1004,2.672195416164053,1658,"Glimmer Man, The (1996)",Action|Thriller,2.715645815522637
2026,2.661169415292354,1334,Disturbing Behavior (1998),Horror|Thriller,2.715247334398962
2339,2.5306122448979593,392,I'll Be Home For Christmas (1998),Comedy|Romance,2.714877524762236
2296,2.687382297551789,2655,"Night at the Roxbury, A (1998)",Comedy,2.714613108447301
4132,2.6769505354411014,1961,Mannequin (1987),Comedy|Romance,2.7139078716775042
4665,2.5247395833333335,384,Shocker (1989),Horror,2.7136435544637654
4109,2.564154786150713,491,Flowers in the Attic (1987),Drama|Thriller,2.7124814240034016
5582,2.62079701120797,803,Captain Ron (1992),Adventure|Comedy,2.711726405190719
53974,2.5949367088607596,632,License to Wed (2007),Comedy|Romance,2.710824163492016
2722,2.701169107227208,8468,Deep Blue Sea (1999),Action|Horror|Sci-Fi|Thriller,2.709846964588342
2559,2.532451923076923,416,"King and I, The (1999)",Animation|Children,2.7093773584300154
4341,2.544642857142857,448,What's the Worst That Could Happen? (2001),Comedy,2.7090902649162247
167370,2.6504354711005544,1263,Assassin's Creed (2016),Action|Adventure|Sci-Fi,2.70882003149687
4224,2.6288770053475936,935,Exit Wounds (2001),Action|Thriller,2.707969427840288
1588,2.692778457772338,4902,George of the Jungle (1997),Children|Comedy,2.707869499625331
3048,2.494236311239193,347,Under the Rainbow (1981),Comedy,2.707610346736226
2016,2.622737556561086,884,"Apple Dumpling Gang Rides Again, The (1979)",Children|Comedy|Western,2.706739346473755
3577,2.467845659163987,311,Two Moon Junction (1988),Drama|Romance,2.706670844115229
325,2.6359773371104818,1059,National Lampoon's Senior Trip (1995),Comedy,2.7062198987844006
54278,2.4545454545454546,297,Underdog (2007),Action|Adventure|Children|Comedy|Fantasy|Sci-Fi,2.7055596366003245
112788,2.613161131611316,813,Sex Tape (2014),Comedy,2.705024018853109
2253,2.6864596273291927,4025,Toys (1992),Comedy|Fantasy,2.705015326895837
224266,2.4506802721088436,294,Hubie Halloween (2020),Comedy,2.7048535745443307
148238,2.488472622478386,347,A Very Murray Christmas (2015),Comedy,2.704254078906053
45074,2.5185643564356437,404,"Wild, The (2006)",Adventure|Animation|Children|Comedy|Fantasy,2.7040358487059537
51575,2.6595744680851063,1692,Wild Hogs (2007),Adventure|Comedy,2.7038822224844745
6484,2.618464961067853,899,Hollywood Homicide (2003),Action|Crime|Drama,2.702295501019355
43932,2.511392405063291,395,Pulse (2006),Action|Drama|Fantasy|Horror|Mystery|Sci-Fi|Thriller,2.7022286156547866
27704,2.414448669201521,263,Battle Royale 2: Requiem (Batoru rowaiaru II: Chinkonka) (2003),Action|Drama|Thriller|War,2.7016311889433817
5883,2.4600638977635785,313,They (2002),Horror|Thriller,2.701486039544611
191367,2.607453416149068,805,The Predator (2018),Action|Adventure|Horror|Sci-Fi,2.7013616145935258
2122,2.6752824375213966,2921,Children of the Corn (1984),Horror|Thriller,2.701178272380869
6316,2.577049180327869,610,"Wiz, The (1978)",Adventure|Children|Comedy|Fantasy|Musical,2.7010886082432375
3938,2.437282229965157,287,"Slumber Party Massacre, The (1982)",Horror,2.700998331069448
6006,2.665168007572172,2113,Just Married (2003),Comedy|Romance,2.700988613243625
5804,2.6551724137931036,1653,"Santa Clause 2, The (2002)",Children|Comedy|Fantasy|Romance,2.7009648276040368
160080,2.6638390693165293,2063,Ghostbusters (2016),Action|Comedy|Horror|Sci-Fi,2.700577449552367
73929,2.6370833333333334,1200,Legion (2010),Action|Fantasy|Horror|Thriller,2.7003002316378755
5943,2.678591470258137,3564,Maid in Manhattan (2002),Comedy|Romance,2.6999042738126144
65601,2.516867469879518,415,My Bloody Valentine 3-D (2009),Horror|Thriller,2.699902102154115
50003,2.517857142857143,420,DOA: Dead or Alive (2006),Action|Adventure,2.6991553380477153
256,2.691472432837218,10683,Junior (1994),Comedy|Sci-Fi,2.698612775969422
61465,2.5892857142857144,700,Bangkok Dangerous (2008),Action|Crime|Thriller,2.6983507278112735
829,2.6587506453278267,1937,Joe's Apartment (1996),Comedy|Fantasy|Musical,2.6981861044055617
274195,2.5473372781065087,507,Jurassic World Dominion (2022),Action|Adventure|Sci-Fi|Thriller,2.6980619203864498
2259,2.6451724137931034,1450,Blame It on Rio (1984),Comedy|Romance,2.6979015866855716
26870,2.5557620817843865,538,Major League II (1994),Comedy,2.6978841093151824
5596,2.3984375,256,Spaced Invaders (1990),Adventure|Comedy|Sci-Fi,2.6974945645080552
2042,2.6690882673447147,2753,D2: The Mighty Ducks (1994),Children|Comedy,2.6969469354809013
5128,2.662294353045798,2249,Queen of the Damned (2002),Fantasy|Horror,2.6964510211057755
414,2.6129032258064515,930,"Air Up There, The (1994)",Comedy,2.6957036267877825
183589,2.498730964467005,394,Fifty Shades Freed (2018),Drama|Romance,2.6947659132370774
5454,2.4961439588688945,389,Mo' Money (1992),Comedy|Romance,2.6947248873179452
220,2.4730113636363638,352,Castle Freak (1995),Horror,2.693401573673019
4621,2.6751352622912257,4251,Look Who's Talking (1989),Comedy|Romance,2.6933854098135774
436,2.6352765321375187,1338,Color of Night (1994),Drama|Thriller,2.6932793532170374
191483,2.56984126984127,630,The Nun (2018),Horror|Mystery|Thriller,2.6930993351008277
7846,2.527542372881356,472,Tremors 3: Back to Perfection (2001),Comedy|Horror|Sci-Fi,2.692419206020415
87520,2.6717806841046277,3976,Transformers: Dark of the Moon (2011),Action|Adventure|Sci-Fi|War|IMAX,2.691416366214612
2279,2.664811066126856,2964,Urban Legend (1998),Horror|Thriller,2.691171529029885
3673,2.380952380952381,252,Benji the Hunted (1987),Adventure|Children,2.6910860563388246
6744,2.529835390946502,486,Once Bitten (1985),Comedy|Horror,2.690794673588403
3857,2.5936352509179925,817,Bless the Child (2000),Thriller,2.6897129239329365
4822,2.4172413793103447,290,Max Keeble's Big Move (2001),Children|Comedy,2.688745603303242
4563,2.6029411764705883,918,Young Einstein (1988),Comedy,2.688717975507856
234,2.6642089093701995,3255,Exit to Eden (1994),Comedy,2.688422901800884
2421,2.6769029253383785,6871,"Karate Kid, Part II, The (1986)",Action|Adventure|Drama,2.6883755397716422
2733,2.4484848484848483,330,Vibes (1988),Adventure|Comedy|Romance,2.6877958293662414
84637,2.5976027397260273,876,Gnomeo & Juliet (2011),Adventure|Animation|Children|Comedy|Fantasy|Romance,2.6877633617389254
4373,2.5585365853658537,615,Pootie Tang (2001),Comedy,2.687191811112533
478,2.4063604240282683,283,Jimmy Hollywood (1994),Comedy|Crime|Drama,2.686529433389955
60937,2.649703331811958,2191,"Mummy: Tomb of the Dragon Emperor, The (2008)",Action|Adventure|Fantasy|Thriller,2.6859563939588167
3453,2.565610859728507,663,Here on Earth (2000),Drama|Romance,2.685563116153216
3692,2.482142857142857,392,Class of Nuke 'Em High (1986),Comedy|Horror,2.685231714183363
2597,2.527613412228797,507,Lost & Found (1999),Comedy|Romance,2.6848326572564063
7294,2.546712802768166,578,Welcome to Mooseport (2004),Comedy,2.68468376541313
45208,2.6070038910505837,1028,RV (2006),Adventure|Children|Comedy,2.6845994248728307
1460,2.5874848116646416,823,That Darn Cat (1997),Children|Comedy|Mystery,2.684452845993206
4974,2.662506709608159,3726,Not Another Teen Movie (2001),Comedy,2.683958088409801
3063,2.6189146049481247,1253,Poison Ivy (1992),Drama|Thriller,2.6829116489913556
4756,2.581896551724138,812,"Musketeer, The (2001)",Action|Adventure|Drama|Romance,2.6811810779716443
1655,2.5795739348370925,798,Phantoms (1998),Drama|Horror|Thriller,2.680738375795317
65813,2.463709677419355,372,"Unborn, The (2009)",Horror|Mystery|Thriller,2.680729595136282
1515,2.660649819494585,4155,Volcano (1997),Action|Drama|Thriller,2.6801164889348343
237372,2.412251655629139,302,Coming 2 America (2021),Children|Comedy,2.6800962164097246
7319,2.546875,608,Club Dread (2004),Comedy|Horror,2.679968497631132
243,2.5074468085106383,470,Gordy (1995),Children|Comedy|Fantasy,2.6797398881904537
3884,2.36328125,256,"Crew, The (2000)",Comedy,2.6796692525650965
4732,2.6120833333333335,1200,Bubble Boy (2001),Comedy,2.6795948689489393
8977,2.648262548262548,2590,Alexander (2004),Action|Adventure|Drama|War,2.679546657374376
1503,2.619541080680977,1351,8 Heads in a Duffel Bag (1997),Comedy,2.6795205985499826
5784,2.6448657861099276,2347,Ghost Ship (2002),Horror,2.6794040624138513
1427,2.578358208955224,804,Turbulence (1997),Action|Thriller,2.6792335507836618
69526,2.664415215072876,5626,Transformers: Revenge of the Fallen (2009),Action|Adventure|Sci-Fi|IMAX,2.678848151563451
2793,2.6439588688946016,2334,"American Werewolf in Paris, An (1997)",Comedy|Horror|Romance|Thriller,2.678758374548034
3316,2.648466033601169,2738,Reindeer Games (2000),Action|Thriller,2.678183067936696
6264,2.649312714776632,2910,"Core, The (2003)",Action|Drama|Sci-Fi|Thriller,2.677344963632947
2521,2.56064880112835,709,Airport 1975 (1974),Action|Drama|Thriller,2.676130082075496
1605,2.589905362776025,951,Excess Baggage (1997),Adventure|Romance,2.6760271736145658
44,2.669195008563739,12261,Mortal Kombat (1995),Action|Adventure|Fantasy,2.675877905148732
3354,2.6633015006821283,7330,Mission to Mars (2000),Sci-Fi,2.6745259873622977
4213,2.487556561085973,442,Deepstar Six (1989),Horror|Sci-Fi|Thriller,2.6739976923145425
5428,2.4405099150141645,353,Cheech & Chong's The Corsican Brothers (1984),Comedy,2.673974091410728
43904,2.511787819253438,509,When a Stranger Calls (2006),Horror|Thriller,2.6737894255444217
70334,2.533219761499148,587,Hannah Montana: The Movie (2009),Comedy|Drama|Musical|Romance,2.673722940088668
34150,2.664259513984411,8724,Fantastic Four (2005),Action|Adventure|Sci-Fi,2.6737136272130657
312,2.611320754716981,1325,Stuart Saves His Family (1995),Comedy,2.6735910830549066
1525,2.4339080459770117,348,Warriors of Virtue (1997),Action|Adventure|Children|Fantasy,2.672080759959989
1911,2.661891990735097,8203,Dr. Dolittle (1998),Comedy,2.671998604529173
2051,2.584299262381454,949,Herbie Goes to Monte Carlo (1977),Adventure|Children|Comedy,2.6717296983221615
3990,2.5788590604026846,894,Rugrats in Paris: The Movie (2000),Animation|Children|Comedy,2.671681691854158
258,2.6253458771444382,1807,"Kid in King Arthur's Court, A (1995)",Adventure|Children|Comedy|Fantasy|Romance,2.6713191330415476
170827,2.604697452229299,1256,The Mummy (2017),Action|Adventure|Fantasy|Horror|Thriller,2.6709183371786276
2477,2.4223880597014924,335,Firewalker (1986),Adventure,2.670774114780129
3113,2.6566367180878117,5899,End of Days (1999),Action|Fantasy|Horror|Mystery|Thriller,2.670743669483908
5255,2.537420382165605,628,Sorority Boys (2002),Comedy,2.670161940495059
4758,2.3943894389438944,303,Soul Survivors (a.k.a. The Killer Cut) (2001),Horror|Thriller,2.6698043225586474
2574,2.61531007751938,1548,"Out-of-Towners, The (1999)",Comedy,2.669299908520294
3715,2.4028662420382165,314,Burglar (1987),Comedy|Crime,2.6691508360634524
12,2.649131047440113,4258,Dracula: Dead and Loving It (1995),Comedy|Horror,2.6687889692738063
2862,2.6002435064935066,1232,Caligula (1979),Drama,2.6682861811196688
113345,2.6352554179566563,2584,Jupiter Ascending (2015),Action|Adventure|Sci-Fi,2.6677485988280973
19,2.663910016499658,24849,Ace Ventura: When Nature Calls (1995),Comedy,2.6672934789611924
244,2.3905228758169934,306,Gumby: The Movie (1995),Animation|Children,2.6661831061815056
585,2.657528021811572,9903,"Brady Bunch Movie, The (1995)",Comedy,2.6660492130162945
7453,2.4398395721925135,374,New York Minute (2004),Action|Adventure|Comedy,2.665700763557742
3180,2.45375,400,Play it to the Bone (1999),Comedy|Drama,2.6652257753430693
2479,2.4049079754601226,326,Gloria (1999),Drama|Thriller,2.66475040114823
1126,2.6384875499538887,3253,Drop Dead Fred (1991),Comedy|Fantasy,2.6645435351152567
46062,2.6175342465753424,1825,High School Musical (2006),Children|Comedy|Drama|Musical|Romance,2.664046002999237
2147,2.6001489203276247,1343,"Clan of the Cave Bear, The (1986)",Adventure|Drama|Fantasy,2.6634619044036163
3616,2.6122388059701493,1675,Loser (2000),Comedy|Romance,2.663062012381162
711,2.6240958408679926,2212,Flipper (1996),Adventure|Children,2.662629528067015
430,2.339622641509434,265,Calendar Girl (1993),Comedy|Drama,2.661928401673706
619,2.5435684647302903,723,Ed (1996),Comedy,2.6617604749666812
5529,2.509700176366843,567,Serving Sara (2002),Comedy|Romance,2.660822411594702
32011,2.4649321266968327,442,Cursed (2005),Horror|Thriller,2.659523817658297
27839,2.6099053978853646,1797,"Ring Two, The (2005)",Drama|Horror|Mystery|Thriller,2.6579818200401375
4485,2.364406779661017,295,Casual Sex? (1988),Comedy,2.6575933179263056
6695,2.5841750841750843,1188,Jeepers Creepers 2 (2003),Horror|Thriller,2.657084700132311
135536,2.6402071563088514,5310,Suicide Squad (2016),Action|Crime|Sci-Fi,2.656544461245951
6558,2.533707865168539,712,Curly Sue (1991),Comedy|Drama,2.6558070617339133
7016,2.5121951219512195,615,Over the Top (1987),Action|Drama,2.6542018817225577
8810,2.639568576947843,6212,AVP: Alien vs. Predator (2004),Action|Horror|Sci-Fi|Thriller,2.6536496472039683
7316,2.5392156862745097,765,Confessions of a Teenage Drama Queen (2004),Comedy,2.653580240280222
1591,2.6388170652876535,6188,Spawn (1997),Action|Adventure|Sci-Fi|Thriller,2.652979696068001
3974,2.4014285714285712,350,"Little Vampire, The (2000)",Adventure|Children,2.6523042337954874
54732,2.561671763506626,981,Balls of Fury (2007),Comedy,2.6514066229938353
71670,2.443661971830986,426,All About Steve (2009),Comedy,2.650711224803849
48596,2.3640776699029127,309,"Marine, The (2006)",Action|Drama|Thriller,2.6500537831513133
818,2.6193450371370695,2962,"Very Brady Sequel, A (1996)",Comedy,2.6492463189822533
5305,2.39067055393586,343,Return of the Killer Tomatoes! (1988),Comedy|Horror|Sci-Fi,2.6490370089882034
1468,2.5758450123660346,1213,Booty Call (1997),Comedy|Romance,2.6489260589781227
2868,2.4684959349593494,492,Fright Night Part II (1988),Horror,2.648758274558128
176603,2.372274143302181,321,The Snowman (2017),Crime|Thriller,2.648648895631019
115534,2.4008379888268156,358,Ouija (2014),Horror,2.6486488805735995
77798,2.547159090909091,880,"Nightmare on Elm Street, A (2010)",Fantasy|Horror|Thriller,2.6481220707061013
2552,2.367507886435331,317,My Boyfriend's Back (1993),Comedy,2.6479325068388717
104076,2.3552631578947367,304,"Smurfs 2, The (2013)",Animation|Children|Comedy,2.647793462868724
437,2.5985991379310347,1856,Cops and Robbersons (1994),Comedy,2.6466649273695273
4222,2.406417112299465,374,C.H.U.D. (1984),Horror,2.6456333370045235
2902,2.5752941176470587,1275,Psycho II (1983),Horror|Mystery|Thriller,2.6454918338605666
5346,2.4361948955916475,431,Wild Orchid (1990),Drama|Romance,2.6444550751877007
2851,2.502373417721519,632,Saturn 3 (1980),Adventure|Sci-Fi|Thriller,2.6444148094223157
116977,2.585668789808917,1570,Dumb and Dumber To (2014),Comedy,2.643061743702302
61123,2.5578007518796992,1064,High School Musical 2 (2007),Comedy|Drama|Musical|Romance,2.6425965462869354
6383,2.6281540504648073,6777,"2 Fast 2 Furious (Fast and the Furious 2, The) (2003)",Action|Crime|Thriller,2.641507138675489
57520,2.3509615384615383,312,One Missed Call (2008),Horror|Mystery|Thriller,2.6412283929757843
48591,2.5030441400304415,657,"Grudge 2, The (2006)",Drama|Horror|Mystery|Thriller,2.640981350723168
3833,2.389502762430939,362,"Brain That Wouldn't Die, The (1962)",Horror|Sci-Fi,2.6403093888035976
6204,2.303703703703704,270,"Meteor Man, The (1993)",Comedy,2.640132984428826
113348,2.579560585885486,1502,Teenage Mutant Ninja Turtles (2014),Action|Adventure|Comedy,2.6400508342110443
3431,2.476618705035971,556,Death Wish 2 (1982),Action|Drama,2.6400360363027926
3146,2.619107551487414,4370,Deuce Bigalow: Male Gigolo (1999),Comedy,2.63990668895627
867,2.373913043478261,345,Carpool (1996),Comedy|Crime,2.638432405489338
3243,2.605347593582888,2805,Encino Man (1992),Comedy,2.6379269149677844
5093,2.5929899856938485,2097,Collateral Damage (2002),Action|Thriller,2.63671299101416
6800,2.552054794520548,1095,Cobra (1986),Action|Crime,2.635958780876641
2815,2.585112205801861,1827,Iron Eagle (1986),Action|War,2.6354665473385603
606,2.5764818355640537,1569,Candyman: Farewell to the Flesh (1995),Fantasy|Horror,2.6351642035426144
6751,2.4261744966442955,447,Cold Creek Manor (2003),Drama|Thriller,2.633230357264144
27618,2.3844086021505375,372,"Sound of Thunder, A (2005)",Action|Adventure|Drama|Sci-Fi|Thriller,2.633217918537796
97701,2.430131004366812,458,Paranormal Activity 4 (2012),Horror|IMAX,2.632571800283092
2808,2.6124185753309517,4759,Universal Soldier (1992),Action|Sci-Fi,2.631934544543644
4127,2.35459940652819,337,"Like Father, Like Son (1987)",Comedy,2.6309353227856596
1744,2.442540322580645,496,Firestorm (1998),Action|Adventure|Thriller,2.6305074582093138
1924,2.5932169773899245,2521,Plan 9 from Outer Space (1959),Horror|Sci-Fi,2.6302267250153863
62912,2.5218140068886337,871,High School Musical 3: Senior Year (2008),Musical,2.6292213640683255
2465,2.2985865724381624,283,Deadly Friend (1986),Horror,2.6291878278250005
455,2.617609459891339,9387,Free Willy (1993),Adventure|Children|Drama,2.6276180746603965
6725,2.3419452887537995,329,Sgt. Pepper's Lonely Hearts Club Band (1978),Adventure|Musical,2.627556680429344
3766,2.5148986889153755,839,Missing in Action (1984),Action|War,2.627047527916277
2668,2.5655948553054664,1555,Swamp Thing (1982),Horror|Sci-Fi,2.6262348276623526
4544,2.5737885462555066,1816,Short Circuit 2 (1988),Comedy|Sci-Fi,2.6257760693593477
1623,2.5465502909393183,1203,Wishmaster (1997),Horror,2.62515669510305
2385,2.5330739299610894,1028,Home Fries (1998),Comedy|Romance,2.6250802769364223
3248,2.5940672588832485,3152,Sister Act 2: Back in the Habit (1993),Comedy,2.6241480212943977
6534,2.612577552171461,8865,Hulk (2003),Action|Adventure|Sci-Fi,2.623296832927739
564,2.3608815426997247,363,Chasers (1994),Comedy,2.6229204210166985
51937,2.4816176470588234,680,"Hills Have Eyes II, The (2007)",Horror|Thriller,2.6218807251804472
32296,2.574630541871921,2030,Miss Congeniality 2: Armed and Fabulous (2005),Adventure|Comedy|Crime,2.621644216780077
5538,2.389294403892944,411,"Care Bears Movie, The (1985)",Animation|Children|Fantasy,2.6215563049251673
1987,2.4866946778711485,714,Prom Night (1980),Horror,2.6206927049746787
5705,2.4584745762711866,590,Xanadu (1980),Fantasy|Musical|Romance,2.620652051043173
60516,2.4550173010380623,578,Meet Dave (2008),Adventure|Children|Comedy|Romance|Sci-Fi,2.6205889534648903
44399,2.33030303030303,330,"Shaggy Dog, The (2006)",Adventure|Children|Comedy|Fantasy,2.6204266809813745
108689,2.4353281853281854,518,"I, Frankenstein (2014)",Action|Fantasy|Sci-Fi|IMAX,2.620243846160018
6057,2.2349397590361444,249,Biker Boyz (2003),Action|Crime|Drama,2.6199337329184935
1388,2.5997579180956225,4957,Jaws 2 (1978),Horror|Thriller,2.6191369418582995
2979,2.322530864197531,324,Body Shots (1999),Drama,2.619069655472365
4516,2.3009868421052633,304,Johnny Be Good (1988),Comedy,2.6179508150119695
2471,2.6012211902304783,5814,Crocodile Dundee II (1988),Action|Adventure|Comedy,2.6178008882911015
1526,2.5018028846153846,832,Fathers' Day (1997),Comedy,2.6176935938755834
100498,2.555163566388711,1559,"Good Day to Die Hard, A (2013)",Action|Crime|Thriller|IMAX,2.617105484606515
688,2.5851485148514852,3030,Operation Dumbo Drop (1995),Action|Adventure|Comedy|War,2.6170255285675434
168712,2.4732142857142856,672,Fifty Shades Darker (2017),Drama|Romance,2.6169671035075663
3797,2.2764084507042255,284,"In Crowd, The (2000)",Thriller,2.616747993282263
55241,2.4487847222222223,576,Mr. Woodcock (2007),Comedy,2.6166383872228365
2566,2.310344827586207,319,Doug's 1st Movie (1999),Animation|Children,2.6148353682340515
3895,2.50174621653085,859,"Watcher, The (2000)",Crime|Thriller,2.6148253503205328
891,2.5703301673450927,2211,Halloween: The Curse of Michael Myers (Halloween 6: The Curse of Michael Myers) (1995),Horror|Thriller,2.61431969007688
4736,2.4589257503949447,633,Summer Catch (2001),Comedy|Drama|Romance,2.613068381471956
4030,2.544334975369458,1421,Dracula 2000 (2000),Horror,2.613009764429078
1359,2.5907668231611893,4473,Jingle All the Way (1996),Children|Comedy,2.612606155492517
104218,2.4994219653179193,865,Grown Ups 2 (2013),Comedy,2.6124113525631727
3511,2.445392491467577,586,Ready to Rumble (2000),Comedy,2.612246982417197
2458,2.504343105320304,921,Armed and Dangerous (1986),Comedy|Crime,2.61087700283795
87867,2.436056838365897,563,Zookeeper (2011),Comedy,2.610500068506119
3802,2.5492914356130623,1623,Freejack (1992),Action|Sci-Fi,2.609896364987509
667,2.5192837465564737,1089,Bloodsport 2 (a.k.a. Bloodsport II: The Next Kumite) (1996),Action,2.609660666432557
7449,2.4340463458110517,561,Godsend (2004),Drama|Horror|Thriller,2.6095382215336684
160,2.6030558958158725,15511,Congo (1995),Action|Adventure|Mystery|Sci-Fi,2.6094051996281777
4130,2.396551724137931,464,Maid to Order (1987),Comedy|Fantasy,2.6090124921028446
5313,2.5871261378413526,4614,The Scorpion King (2002),Action|Adventure|Fantasy|Thriller,2.6085185806041906
6485,2.3365384615384617,364,Rugrats Go Wild! (2003),Adventure|Animation|Children|Comedy,2.6080355777779705
6158,2.361042183622829,403,"Jungle Book 2, The (2003)",Animation|Children,2.606941257278905
4229,2.426763110307414,553,Say It Isn't So (2001),Comedy|Romance,2.6062663743859806
4248,2.5446703635243377,1623,Josie and the Pussycats (2001),Comedy,2.6058897407020236
1975,2.5590588235294116,2125,Friday the 13th Part 2 (1981),Horror,2.6058237523148056
4635,2.374125874125874,429,Pink Cadillac (1989),Action|Comedy|Drama,2.6057899478095856
6464,2.4644886363636362,704,Good Burger (1997),Children|Comedy,2.6056931531326666
62394,2.540078843626807,1522,Max Payne (2008),Action|Crime|Drama|Thriller,2.605435092676107
2522,2.4578402366863905,676,Airport '77 (1977),Drama,2.6051086664721788
4526,2.514027149321267,1105,My Stepmother Is an Alien (1988),Comedy|Romance|Sci-Fi,2.604302389851627
2995,2.5714285714285716,3192,House on Haunted Hill (1999),Horror|Thriller,2.6027972349153186
53464,2.5822257488593534,5041,Fantastic Four: Rise of the Silver Surfer (2007),Action|Adventure|Sci-Fi,2.6021219693415976
5213,2.2861635220125787,318,"Oh, God! Book II (1980)",Comedy,2.6018080889400563
2050,2.507469654528478,1071,Herbie Goes Bananas (1980),Adventure|Children|Comedy,2.6013069214486837
3919,2.494155154091392,941,Hellraiser III: Hell on Earth (1992),Horror,2.6010295030003516
75,2.4296610169491526,590,Big Bully (1996),Comedy|Drama,2.6003874187866467
6040,2.4752781211372064,809,Darkness Falls (2003),Horror|Thriller,2.599929110142847
5621,2.5642023346303504,2827,"Tuxedo, The (2002)",Action|Comedy,2.5998780862902304
52279,2.2115384615384617,260,Are We Done Yet? (2007),Comedy,2.5996561320890508
59900,2.572311827956989,3720,You Don't Mess with the Zohan (2008),Comedy,2.5994519906321947
34334,2.503777148253069,1059,Stealth (2005),Action|Adventure|Sci-Fi|Thriller,2.599178076015076
6793,2.54930966469428,2028,Beethoven (1992),Children|Comedy|Drama,2.59913259502838
2107,2.558938329430133,2562,Halloween H20: 20 Years Later (Halloween 7: The Revenge of Laurie Strode) (1998),Horror|Thriller,2.5984435610018566
1831,2.585557018068685,8357,Lost in Space (1998),Action|Adventure|Sci-Fi,2.5976905385398528
2306,2.4990412272291467,1043,Holy Man (1998),Comedy,2.5965361139562804
1702,2.5758697261287935,5404,Flubber (1997),Children|Comedy|Fantasy,2.5947681730828633
1439,2.307042253521127,355,Meet Wally Sparks (1997),Comedy,2.594742516343961
5310,2.345873786407767,412,Transylvania 6-5000 (1985),Comedy|Horror,2.5941367916781934
2088,2.566042780748663,3740,Popeye (1980),Adventure|Comedy|Musical,2.5934380419715004
1431,2.560896490710705,3391,Beverly Hills Ninja (1997),Action|Comedy,2.591270366114486
135137,2.5277439024390245,1640,Pixels (2015),Action|Comedy|Sci-Fi,2.5906427050770917
68519,2.196564885496183,262,S. Darko (S. Darko: A Donnie Darko Tale) (2009),Crime|Mystery|Sci-Fi|Thriller,2.5904580262676022
5969,2.455019556714472,767,My Girl 2 (1994),Comedy|Drama|Romance,2.589787386179858
5573,2.413265306122449,588,Stealing Harvard (2002),Comedy|Crime,2.589275905867031
3955,2.5008539709649873,1171,"Ladies Man, The (2000)",Comedy,2.589242204113049
2526,2.4235668789808917,628,Meteor (1979),Sci-Fi,2.5886247070590924
98203,2.544030482641829,2362,"Twilight Saga: Breaking Dawn - Part 2, The (2012)",Adventure|Drama|Fantasy|Romance|IMAX,2.5879830731242555
4233,2.452349869451697,766,Tomcats (2001),Comedy,2.5879052178737987
435,2.5808942541138387,14828,Coneheads (1993),Comedy|Sci-Fi,2.5878970481743675
2027,2.494614003590664,1114,Jane Austen's Mafia! (1998),Comedy|Crime,2.587838436877333
3004,2.5272148233931673,1727,"Bachelor, The (1999)",Comedy|Romance,2.587410802986041
505,2.5109729334308706,1367,North (1994),Comedy,2.5870815060462395
3694,2.3404255319148937,423,"Toxic Avenger, Part II, The (1989)",Comedy|Horror,2.5866423658581903
5462,2.34367816091954,435,"Crocodile Hunter: Collision Course, The (2002)",Adventure|Comedy,2.584391001052958
6615,2.5404900332225915,2408,Freddy vs. Jason (2003),Action|Horror|Thriller,2.5840133259137033
8978,2.438365650969529,722,Christmas with the Kranks (2004),Children|Comedy,2.583649197260396
5879,2.473157894736842,950,Eight Crazy Nights (Adam Sandler's Eight Crazy Nights) (2002),Animation|Comedy|Musical,2.5835891280508116
49282,2.21875,288,Deck the Halls (2006),Comedy,2.5832836759547737
4493,2.3364055299539173,434,Critters 2: The Main Course (1988),Comedy|Horror|Sci-Fi,2.580121548718873
3439,2.5447637925338618,3027,Teenage Mutant Ninja Turtles II: The Secret of the Ooze (1991),Action|Children|Fantasy,2.5797383942184187
8782,2.237942122186495,311,Thunderbirds (2004),Action|Adventure|Fantasy|Sci-Fi,2.578969468869652
1772,2.544861597200127,3143,Blues Brothers 2000 (1998),Action|Comedy|Musical,2.5786329212595063
5246,2.411993769470405,642,Smokey and the Bandit II (1980),Action|Comedy,2.5776911051971245
1626,2.4464285714285716,812,Fire Down Below (1997),Action|Drama|Thriller,2.5774955279669323
2886,2.320048309178744,414,"Adventures of Elmo in Grouchland, The (1999)",Children|Comedy,2.5772590219039344
1995,2.5124167171411265,1651,Poltergeist II: The Other Side (1986),Horror|Thriller,2.5769593166061995
112370,2.5272265805260727,2167,Transformers: Age of Extinction (2014),Action|Adventure|Sci-Fi,2.5764580510866004
6298,2.3904347826086956,575,Malibu's Most Wanted (2003),Comedy|Crime,2.576119681539165
33836,2.5302083333333334,2400,Bewitched (2005),Comedy|Fantasy|Romance,2.574829176495949
26686,2.2071917808219177,292,Ghost Dad (1990),Comedy|Fantasy,2.5743483187652396
79879,2.4444444444444446,828,Piranha (Piranha 3D) (2010),Action|Horror|Thriller,2.574022662847171
173,2.567427077763916,16833,Judge Dredd (1995),Action|Crime|Sci-Fi,2.5738041438961776
611,2.518452075858534,1951,Hellraiser: Bloodline (1996),Action|Horror|Sci-Fi,2.5735101621074223
4200,2.4323258869908018,761,Double Impact (1991),Action,2.573487479572352
33830,2.4702209414024976,1041,Herbie: Fully Loaded (2005),Adventure|Comedy|Romance,2.5734281770835863
74754,2.482188295165394,1179,"Room, The (2003)",Comedy|Drama|Romance,2.573334971370627
2907,2.51038062283737,1734,Superstar (1999),Comedy,2.5724771827223347
4386,2.536229508196721,3050,Cats & Dogs (2001),Children|Comedy,2.571604172790966
4477,2.4484126984126986,882,Big Top Pee-Wee (1988),Adventure|Children|Comedy,2.5709302375277376
3864,2.496934604904632,1468,Godzilla 2000 (Gojira ni-sen mireniamu) (1999),Action|Adventure|Sci-Fi,2.570601086621305
5458,2.371559633027523,545,Like Mike (2002),Children|Comedy|Fantasy,2.5701788709158815
6687,2.3860544217687076,588,My Boss's Daughter (2003),Comedy|Romance,2.5701577316526687
427,2.5384390529085064,3421,Boxing Helena (1993),Drama|Mystery|Romance|Thriller,2.5700877423417854
222477,2.4768518518518516,1188,Wonder Woman 1984 (2020),Action|Adventure|Fantasy,2.5683520117058376
2950,2.5406453226613306,3998,"Blue Lagoon, The (1980)",Adventure|Drama|Romance,2.5678647968212385
2460,2.4659514925373136,1072,"Texas Chainsaw Massacre 2, The (1986)",Horror,2.5675410747370115
148652,2.3229398663697105,449,The Ridiculous 6 (2015),Comedy|Western,2.5662200968908415
1474,2.5126274890723654,2059,Jungle2Jungle (a.k.a. Jungle 2 Jungle) (1997),Children|Comedy,2.565737252749304
2835,2.3440643863179074,497,Chill Factor (1999),Action|Adventure|Comedy|Thriller,2.564640039710576
2713,2.538910960504791,4279,Lake Placid (1999),Horror|Thriller,2.564536541359155
5480,2.492889463477699,1547,Stuart Little 2 (2002),Children|Comedy,2.563876054134483
6153,2.221183800623053,321,Zapped! (1982),Comedy|Sci-Fi,2.5635462460433733
3826,2.550498753117207,8822,Hollow Man (2000),Horror|Sci-Fi|Thriller,2.562972252546067
634,2.251412429378531,354,Theodore Rex (1995),Comedy,2.56255598875455
5942,2.5042105263157897,1900,"Hot Chick, The (2002)",Comedy,2.5622248618456505
7259,2.2521008403361344,357,You Got Served (2004),Drama|Musical,2.5614210358476948
1869,2.3326446280991737,484,Black Dog (1998),Action|Thriller,2.5610110596535933
2163,2.5031007751937984,1935,Attack of the Killer Tomatoes! (1978),Comedy|Horror,2.5603118300380596
4636,2.4138157894736842,760,"Punisher, The (1989)",Action,2.5596838196254517
3709,2.4129287598944593,758,Sleepwalkers (1992),Horror,2.55930579563027
58293,2.5224430907342095,3119,"10,000 BC (2008)",Adventure|Romance|Thriller,2.558111881475138
7005,2.3881278538812785,657,King Ralph (1991),Comedy,2.5576388184348366
3956,2.3799368088467614,633,Lost Souls (2000),Drama|Horror|Thriller,2.5563726109764353
4565,2.3828967642526964,649,American Ninja (1985),Action|Adventure,2.5553680873372517
3031,2.282766990291262,412,Repossessed (1990),Comedy,2.5547964981390807
1971,2.5009474182851728,2111,"Nightmare on Elm Street 4: The Dream Master, A (1988)",Horror|Thriller,2.554118820975515
60363,2.1467391304347827,276,Zombie Strippers! (2008),Comedy|Horror,2.5537531065348036
2408,2.495247623811906,1999,Cocoon: The Return (1988),Comedy|Sci-Fi,2.5516993663508694
1985,2.46107544141252,1246,Halloween 4: The Return of Michael Myers (1988),Horror,2.551652288193269
93,2.4981220657276997,2130,Vampire in Brooklyn (1995),Comedy|Horror|Romance,2.5511644060784895
184987,2.2831753554502368,422,A Wrinkle in Time (2018),Adventure|Children|Fantasy|Sci-Fi,2.5509986668953917
1867,2.1259398496240602,266,Tarzan and the Lost City (1998),Action|Adventure,2.550912809516641
34520,2.472630173564753,1498,"Dukes of Hazzard, The (2005)",Action|Adventure|Comedy,2.548494479145983
7228,2.422099447513812,905,Cool World (1992),Animation|Comedy|Fantasy,2.5478507718347503
5442,2.278169014084507,426,V. I. Warshawski (1991),Action|Comedy|Crime,2.546251304815704
3130,2.449748743718593,1194,Bonfire of the Vanities (1990),Comedy|Crime|Drama,2.5455437006168955
5096,2.400252525252525,792,Baby's Day Out (1994),Comedy,2.544879436660696
8912,2.4134396355353074,878,Taxi (2004),Action|Comedy,2.5441166080576076
2614,2.2762237762237763,429,Chopping Mall (a.k.a. Killbots) (1986),Action|Horror|Sci-Fi,2.5438339070956166
6249,2.3037578288100207,479,Boat Trip (2003),Comedy,2.5435705531255923
31422,2.355155482815057,611,Are We There Yet? (2005),Children|Comedy,2.543278294708825
1336,2.2965738758029977,467,Body Parts (1991),Horror|Thriller,2.5429040447270825
460,2.419406150583245,943,Getting Even with Dad (1994),Comedy,2.541710718701333
5478,2.4826795720835455,1963,Eight Legged Freaks (2002),Action|Comedy|Horror|Sci-Fi,2.541464354455499
3432,2.3132411067193677,506,Death Wish 3 (1985),Action|Drama,2.5413498551067937
45732,2.4756924816280383,1769,My Super Ex-Girlfriend (2006),Comedy|Fantasy|Romance,2.5409906366123782
78467,2.333629893238434,562,Jonah Hex (2010),Action|Drama|Thriller|Western,2.5397274702430863
74698,2.3829499323410013,739,Tooth Fairy (2010),Comedy|Fantasy,2.5396953189797737
4015,2.5237498350705896,7579,"Dude, Where's My Car? (2000)",Comedy|Sci-Fi,2.5390545364171895
3975,2.3201506591337098,531,Lucky Numbers (2000),Comedy|Drama,2.5387421536352335
1969,2.493572778827977,2645,"Nightmare on Elm Street 2: Freddy's Revenge, A (1985)",Horror,2.5375669531152143
50147,2.1159420289855073,276,Black Christmas (2006),Action|Horror|Thriller,2.5375595458565794
2373,2.47571277719113,1894,Red Sonja (1985),Action|Adventure|Fantasy,2.537199591964216
1005,2.484732824427481,2227,D3: The Mighty Ducks (1996),Children|Comedy,2.537043097709972
3889,2.454798331015299,1438,Highlander: Endgame (Highlander IV) (2000),Action|Adventure|Fantasy,2.5359920597665053
46337,2.340567612687813,599,Garfield: A Tail of Two Kitties (2006),Animation|Children|Comedy,2.535635105106874
2806,2.470348204570185,1838,Teaching Mrs. Tingle (1999),Comedy|Thriller,2.5341247810724608
49013,2.3464,625,"Santa Clause 3: The Escape Clause, The (2006)",Comedy|Fantasy,2.534002752740724
46965,2.4957613302901858,3067,Snakes on a Plane (2006),Action|Comedy|Horror|Thriller,2.533992281317325
1750,2.2131147540983607,366,Star Kid (1997),Adventure|Children|Fantasy|Sci-Fi,2.5336884137585276
5504,2.4809673085535153,2233,Spy Kids 2: The Island of Lost Dreams (2002),Adventure|Children,2.5335287504009503
3662,2.199438202247191,356,Puppet Master III: Toulon's Revenge (1991),Horror|Sci-Fi|Thriller,2.5309390074725058
8815,2.375812743823147,769,Exorcist: The Beginning (2004),Horror|Thriller,2.5296836679635706
1644,2.5153706022998974,8783,I Know What You Did Last Summer (1997),Horror|Mystery|Thriller,2.5288660199537323
4142,2.3092592592592593,540,Left Behind: The Movie (2000),Action|Adventure|Drama|Thriller,2.5287932635570014
7448,2.3672086720867207,738,Envy (2004),Comedy,2.528082891498752
6503,2.5083497798694396,6587,Charlie's Angels: Full Throttle (2003),Action|Adventure|Comedy|Crime|Thriller,2.526436168700554
4852,2.0476190476190474,252,Bones (2001),Horror,2.523387912996843
27685,2.14797507788162,321,Bring It On Again (2004),Comedy,2.5223109416039984
5482,2.0613026819923372,261,"Country Bears, The (2002)",Children|Comedy,2.521994519749203
4676,2.3778173190984577,843,Troop Beverly Hills (1989),Comedy,2.520803192252146
2827,2.4831513260530422,3205,"Astronaut's Wife, The (1999)",Horror|Sci-Fi|Thriller,2.5207634863835433
2986,2.499740034662045,5770,RoboCop 2 (1990),Action|Crime|Sci-Fi|Thriller,2.520637492834258
88356,2.374401913875598,836,"Smurfs, The (2011)",Animation|Children|Comedy,2.519093930887749
2196,2.17877094972067,358,Knock Off (1998),Action,2.5176553066734533
4580,2.337260677466863,679,Cyborg (1989),Action|Sci-Fi,2.516397247138828
2149,2.3456703910614527,716,House II: The Second Story (1987),Comedy|Fantasy|Horror,2.515768479241495
61401,2.3723529411764708,850,"Spirit, The (2008)",Action|Comedy|Fantasy|Thriller,2.5156656707799794
83177,2.026,250,Yogi Bear (2010),Children|Comedy,2.51446182726021
100083,2.368483412322275,844,Movie 43 (2013),Comedy,2.513464183017768
1453,2.4391646489104115,1652,"Beautician and the Beast, The (1997)",Comedy|Romance,2.513264772276353
2162,2.4585162423178226,2278,"NeverEnding Story II: The Next Chapter, The (1990)",Adventure|Children|Fantasy,2.5123530830741694
59306,2.1246056782334386,317,Prom Night (2008),Horror|Mystery|Thriller,2.511866064004451
43928,2.4533838144817794,2113,Ultraviolet (2006),Action|Fantasy|Sci-Fi|Thriller,2.5115225054490535
69436,2.435105067985167,1618,Year One (2009),Adventure|Comedy,2.5110959374471684
33164,2.433125,1600,House of Wax (2005),Horror|Thriller,2.5101222378820482
91671,2.0884353741496597,294,Alvin and the Chipmunks: Chipwrecked (2011),Animation|Comedy,2.5086848510225064
51077,2.479362101313321,4264,Ghost Rider (2007),Action|Fantasy|Thriller,2.508357155181838
2525,2.3590361445783135,830,Alligator (1980),Action|Horror|Sci-Fi,2.5080776769117796
444,2.415424739195231,1342,Even Cowgirls Get the Blues (1993),Comedy|Romance,2.507678047407203
2404,2.4787949015063733,4315,Rambo III (1988),Action|Adventure|Thriller|War,2.5074968789018426
70697,2.298141891891892,592,G-Force (2009),Action|Adventure|Children|Fantasy,2.507390897395789
419,2.4797008547008548,4680,"Beverly Hillbillies, The (1993)",Comedy,2.5062316146848422
174585,2.3539928486293205,839,Transformers: The Last Knight (2017),Action|Adventure|Sci-Fi|Thriller,2.50295524002217
174,2.4455626715462033,2186,Jury Duty (1995),Comedy,2.5027578157707175
6157,2.4875212018415316,8254,Daredevil (2003),Action|Crime,2.5026714421691563
8531,2.4590219224283305,2965,White Chicks (2004),Action|Comedy|Crime,2.50131149246091
265148,2.1838790931989926,397,Morbius (2022),Action|Horror|Sci-Fi,2.500332877566371
2379,2.466545170528508,3841,Police Academy 2: Their First Assignment (1985),Comedy|Crime,2.499319055629751
1839,2.2704174228675136,551,My Giant (1998),Comedy,2.499018634354443
87,2.3810408921933086,1076,Dunston Checks In (1996),Children|Comedy,2.4982753457771296
1988,2.1253687315634218,339,Prom Night II (1987),Horror|Thriller,2.497814263684502
3563,2.242943548387097,496,"Crow: Salvation, The (2000)",Action|Horror,2.4976037127401245
3434,2.00390625,256,Death Wish 5: The Face of Death (1994),Action|Drama,2.497454952703741
37380,2.441966219142486,2309,Doom (2005),Action|Horror|Sci-Fi,2.4967610170921923
870,2.238821138211382,492,Gone Fishin' (1997),Comedy,2.4962410657580225
6958,2.38953488372093,1204,"Haunted Mansion, The (2003)",Children|Comedy|Fantasy|Horror,2.494985894156596
82854,2.3526785714285716,896,Gulliver's Travels (2010),Adventure|Comedy|Fantasy,2.4945104425016327
5564,2.3392204628501827,821,Swimfan (2002),Thriller,2.494125624469688
2906,2.4183914843287995,1691,Random Hearts (1999),Drama|Romance,2.49366720223729
3024,2.377906976744186,1118,Piranha (1978),Horror|Sci-Fi,2.4921098877899763
880,2.468711221414643,5641,"Island of Dr. Moreau, The (1996)",Sci-Fi|Thriller,2.4913776134773293
3064,2.221638655462185,476,Poison Ivy: New Seduction (1997),Drama|Thriller,2.4906400960409973
2473,2.3920671243325704,1311,Soul Man (1986),Comedy,2.4898807651901524
5053,2.2518115942028984,552,Blankman (1994),Comedy,2.4859096087153443
3663,1.9722222222222223,252,Puppet Master 4 (1993),Horror|Sci-Fi|Thriller,2.485456190098062
2719,2.4594946861840787,4987,"Haunting, The (1999)",Horror|Thriller,2.485430395083963
78174,2.343201754385965,912,Sex and the City 2 (2010),Comedy|Drama|Romance,2.4851106948230846
4566,2.057755775577558,303,American Ninja 2: The Confrontation (1987),Action|Adventure,2.4849882326872965
405,2.4499730312837107,3708,Highlander III: The Sorcerer (a.k.a. Highlander: The Final Dimension) (1994),Action|Fantasy,2.4848909514064337
4133,2.4022012578616354,1590,Masters of the Universe (1987),Action|Adventure|Fantasy|Sci-Fi,2.483802819957648
3824,2.4014171287738755,1623,Autumn in New York (2000),Drama|Romance,2.481684387851979
4397,2.2865671641791043,670,Cannonball Run II (1984),Action|Comedy,2.481189471781607
1606,2.335920177383592,902,Kull the Conqueror (1997),Action|Adventure,2.4806368977496907
6888,2.4498644986449865,4428,Scary Movie 3 (2003),Comedy|Horror,2.4794126463298594
6166,2.3938802083333335,1536,Dennis the Menace (1993),Comedy,2.4791108777075013
3946,2.3762567672080435,1293,Get Carter (2000),Action|Drama|Thriller,2.477764450107088
2119,2.387837837837838,1480,Maximum Overdrive (1986),Horror,2.4766990604546937
2498,2.344844844844845,999,My Favorite Martian (1999),Comedy|Sci-Fi,2.4765325792292003
56801,2.4269245072517664,2689,AVPR: Aliens vs. Predator - Requiem (2007),Action|Horror|Sci-Fi,2.475906261486136
3979,2.4493483412322274,5064,Little Nicky (2000),Comedy,2.4753835015942554
6624,2.373760488176964,1311,Agent Cody Banks (2003),Action|Adventure|Children|Fantasy,2.4744951635490215
1992,2.385598923283984,1486,Child's Play 2 (1990),Horror|Thriller,2.4744740363249287
5597,2.0936599423631126,347,Suburban Commando (1991),Comedy|Sci-Fi,2.4743497325392165
60037,2.4253868828297716,2714,"Happening, The (2008)",Drama|Sci-Fi|Thriller,2.474084513692706
3325,2.3324468085106385,940,"Next Best Thing, The (2000)",Comedy|Drama,2.4732652078561017
3299,2.32649667405765,902,Hanging Up (2000),Comedy|Drama,2.4732513733774604
3961,2.237676056338028,568,Ghoulies (1985),Horror,2.471495906010673
4494,2.0576323987538943,321,Critters 3 (1991),Comedy|Sci-Fi,2.471424821232004
3768,2.12853470437018,389,Braddock: Missing in Action III (1988),Action|War,2.4705518194389704
2036,2.3654602675059007,1271,Blank Check (1994),Children|Comedy,2.470205280360628
102,2.4039506172839507,2025,Mr. Wrong (1996),Comedy,2.4697502113637886
5048,2.3235613463626494,921,Snow Dogs (2002),Adventure|Children|Comedy,2.4685571464399683
692,2.324919441460795,931,Solo (1996),Action|Sci-Fi|Thriller,2.4683998691585045
3273,2.450255427841635,7830,Scream 3 (2000),Comedy|Horror|Mystery|Thriller,2.4673488972038418
1105,2.323809523809524,945,Children of the Corn IV: The Gathering (1996),Horror,2.4658388521820247
4899,2.367690058479532,1368,Black Knight (2001),Adventure|Comedy|Fantasy,2.465808031183202
44759,2.237691001697793,589,Basic Instinct 2 (2006),Crime|Drama|Mystery|Thriller,2.465646265210788
3774,2.077809798270893,347,House Party 2 (1991),Comedy|Drama|Romance,2.465119996006241
8967,2.2434426229508198,610,Seed of Chucky (Child's Play 5) (2004),Comedy|Horror,2.4641576500408884
429,2.376610824742268,1552,Cabin Boy (1994),Comedy,2.4634710453773776
5309,2.3777777777777778,1575,Three Men and a Little Lady (1990),Comedy|Romance,2.463383412259509
49649,2.4111196614082337,2599,Eragon (2006),Action|Adventure|Fantasy,2.463030656139653
2448,2.3754045307443366,1545,Virus (1999),Horror|Sci-Fi,2.4627710606054514
3401,2.2336134453781513,595,Baby... Secret of the Lost Legend (1985),Adventure|Sci-Fi,2.4611506169215778
3695,2.0784313725490198,357,"Toxic Avenger Part III: The Last Temptation of Toxie, The (1989)",Comedy|Horror,2.4590939191617744
3238,2.3516179952644043,1267,Eye of the Beholder (1999),Thriller,2.458912201081944
6535,2.416980040497541,3457,"Legally Blonde 2: Red, White & Blonde (2003)",Comedy,2.456478859553717
195165,1.9285714285714286,259,Holmes and Watson (2018),Adventure|Comedy|Mystery,2.4561232636741863
2537,1.989795918367347,294,Beyond the Poseidon Adventure (1979),Adventure,2.455268015509522
1456,2.2205128205128206,585,"Pest, The (1997)",Comedy,2.4546888183476665
1977,2.3667941363926066,1569,Friday the 13th Part IV: The Final Chapter (1984),Horror,2.454186151944617
374,2.4292477643345607,5703,Richie Rich (1994),Children|Comedy,2.45332834987485
3433,2.0249221183800623,321,Death Wish 4: The Crackdown (1987),Action|Drama,2.4530005362697302
82095,2.2885304659498207,837,Skyline (2010),Sci-Fi|Thriller,2.4527718994567818
31431,2.195327102803738,535,Boogeyman (2005),Drama|Horror|Mystery|Thriller,2.45243654244179
2642,2.42351061830483,5321,Superman III (1983),Action|Adventure|Sci-Fi,2.4494990943500095
5694,2.173956262425447,503,Staying Alive (1983),Comedy|Drama|Musical,2.449082332251788
3190,2.329759862778731,1166,Supernova (2000),Adventure|Sci-Fi|Thriller,2.4485582059651705
747,2.3235823582358237,1111,"Stupids, The (1996)",Comedy,2.448316056783675
7175,2.1160287081339715,418,Torque (2004),Action|Crime,2.447840764162722
148888,2.275585696670777,811,Zoolander 2 (2016),Comedy,2.446895938881139
4388,2.4231917717319176,6028,Scary Movie 2 (2001),Comedy,2.44626567344073
71,2.3422818791946307,1341,Fair Game (1995),Action,2.4460437798730226
4748,2.3255813953488373,1161,3 Ninjas (1992),Action|Children|Comedy,2.445538694673466
5584,2.201570680628272,573,Ernest Goes to Jail (1990),Comedy,2.4449020630491782
1855,2.277043269230769,832,Krippendorf's Tribe (1998),Comedy,2.4446896157092417
59014,2.280701754385965,855,Superhero Movie (2008),Action|Comedy|Sci-Fi,2.4440302614549503
7369,2.3429394812680115,1388,Scooby-Doo 2: Monsters Unleashed (2004),Action|Adventure|Children|Comedy|Mystery,2.4436220939703825
2536,2.0323529411764705,340,"Concorde: Airport '79, The (1979)",Drama,2.443479377857224
2392,2.3687299893276412,1874,Jack Frost (1998),Children|Comedy|Drama,2.44333930266151
3710,2.2699876998769986,813,Action Jackson (1988),Action|Comedy|Crime|Thriller,2.4422874146530926
1497,2.2802768166089966,867,Double Team (1997),Action,2.4419437275921854
8363,2.124153498871332,443,Soul Plane (2004),Comedy,2.4410536285881186
7345,2.1723809523809523,525,Agent Cody Banks 2: Destination London (2004),Action|Adventure|Children|Comedy,2.440192538596872
5419,2.4022793404461686,4124,Scooby-Doo (2002),Adventure|Children|Comedy|Fantasy|Mystery,2.4365901359784394
5585,2.1863957597173145,566,Ernest Scared Stupid (1991),Comedy,2.4364523323354024
33158,2.3388429752066116,1452,xXx: State of the Union (2005),Action|Crime|Thriller,2.43633664860963
4735,2.351960210649503,1709,Ghosts of Mars (2001),Horror|Sci-Fi|Thriller,2.434989021717207
5962,2.116331096196868,447,Body of Evidence (1993),Drama|Thriller,2.4342075091537856
7725,2.0386740331491713,362,On Deadly Ground (1994),Action|Adventure|Thriller,2.4324193904405296
2113,2.1866438356164384,584,Graveyard Shift (Stephen King's Graveyard Shift) (1990),Horror|Thriller,2.431222242310145
87430,2.3950151057401814,3972,Green Lantern (2011),Action|Adventure|Sci-Fi,2.4309898376223367
3991,2.3630558183538315,2114,102 Dalmatians (2000),Children|Comedy,2.4306847541665406
43558,2.241424802110818,758,Big Momma's House 2 (2006),Action|Comedy|Crime,2.4301966487437876
31221,2.366637893828226,2317,Elektra (2005),Action|Adventure|Crime|Drama,2.428568925375158
57326,2.074074074074074,405,In the Name of the King: A Dungeon Siege Tale (2008),Action|Adventure|Fantasy,2.4284523713413666
101997,2.106263982102908,447,Scary Movie 5 (Scary MoVie) (2013),Comedy,2.42774106282529
6995,1.9142857142857144,280,Hercules in New York (1970),Action|Comedy|Fantasy,2.4276139263000935
355,2.413592233009709,10815,"Flintstones, The (1994)",Children|Comedy|Fantasy,2.426898743265948
1973,2.3366788321167884,1644,"Freddy's Dead: The Final Nightmare (Nightmare on Elm Street Part 6: Freddy's Dead, A) (1991)",Horror,2.424568125954947
5443,1.9358108108108107,296,Juwanna Mann (2002),Comedy,2.4242338146818128
65802,2.343612334801762,1816,Paul Blart: Mall Cop (2009),Action|Comedy|Crime,2.423344958893951
91104,2.3684794672586014,2703,"Twilight Saga: Breaking Dawn - Part 1, The (2011)",Adventure|Drama|Fantasy|Romance,2.422156917788583
1592,2.332719459791283,1629,Air Bud (1997),Children|Comedy,2.4218355639917566
1445,2.3124531132783197,1333,McHale's Navy (1997),Comedy|War,2.4214330903471266
3767,2.125,492,Missing in Action 2: The Beginning (1985),Action|War,2.4206573162641645
4265,2.3152639087018545,1402,Driven (2001),Action|Thriller,2.4192652526622567
470,2.110169491525424,472,House Party 3 (1994),Comedy,2.419149681814565
1490,1.9866863905325445,338,B*A*P*S (1997),Comedy,2.418580687715317
3391,2.2127808988764044,712,Who's That Girl? (1987),Comedy,2.418009163929774
255,2.2808411214953273,1070,"Jerky Boys, The (1995)",Comedy,2.4175183907954505
473,2.315389924085576,1449,In the Army Now (1994),Comedy|War,2.4164939075446843
4158,2.2836879432624113,1128,Monkeybone (2001),Animation|Comedy|Fantasy,2.4140932570412668
4398,1.8536121673003803,263,Speed Zone! (a.k.a. Cannonball Run III) (1989),Action|Comedy,2.4134889736669654
762,2.394592163134746,10004,Striptease (1996),Comedy|Crime,2.409412459462213
2548,2.2442497261774372,913,"Rage: Carrie 2, The (1999)",Horror,2.4072338459593077
4368,2.3500384024577574,2604,Dr. Dolittle 2 (2001),Comedy,2.407187425293603
2456,2.3317356205852673,1982,"Fly II, The (1989)",Horror|Sci-Fi,2.4068604624232908
5735,1.9458204334365325,323,Faces of Death (1978),Documentary|Horror,2.406828126630739
1863,2.2689463955637708,1082,Major League: Back to the Minors (1998),Comedy,2.4066158281013745
3286,2.244864864864865,925,Snow Day (2000),Comedy,2.4060524794446883
126,2.3049932523616734,1482,"NeverEnding Story III, The (1994)",Adventure|Children|Fantasy,2.4056646863597666
4143,2.2147395171537485,787,Valentine (2001),Horror|Mystery,2.4046384840429766
253618,1.8793706293706294,286,Space Jam: A New Legacy (2021),Animation|Children|Comedy|Sci-Fi,2.4031875221912875
3054,2.3267477203647418,1974,Pokémon: The First Movie (1998),Adventure|Animation|Children|Fantasy|Sci-Fi,2.4027014285933332
65,2.373380335365854,5248,Bio-Dome (1996),Comedy,2.401983846462574
54274,1.8389513108614233,267,I Know Who Killed Me (2007),Crime|Drama|Thriller,2.401560390812405
92938,2.2625113739763423,1099,Ghost Rider: Spirit of Vengeance (2012),Action|Fantasy|Thriller,2.3996327662438754
1882,2.382431138998192,9403,Godzilla (1998),Action|Sci-Fi|Thriller,2.398487863075676
30883,2.003916449086162,383,Fat Albert (2004),Comedy|Fantasy,2.3982671397691404
7117,2.1537216828478964,618,Leprechaun (1993),Comedy|Horror,2.3981601172224245
78772,2.359975369458128,4060,"Twilight Saga: Eclipse, The (2010)",Fantasy|Romance|Thriller|IMAX,2.397239435962802
4215,2.263459841129744,1133,Revenge of the Nerds II: Nerds in Paradise (1987),Comedy,2.3970366926840727
5841,2.137372013651877,586,Return to the Blue Lagoon (1991),Adventure|Romance,2.3960534263026947
2461,2.080208333333333,480,Leatherface: Texas Chainsaw Massacre III (1990),Comedy|Horror|Thriller,2.3960282694747153
44972,2.332990961380444,2434,Scary Movie 4 (2006),Comedy|Horror,2.3953427282493274
175485,2.145292207792208,616,Death Note (2017),Horror|Thriller,2.3927217084288586
63992,2.3748592659310965,8882,Twilight (2008),Drama|Fantasy|Romance|Thriller,2.392038572935868
56176,2.294894894894895,1665,Alvin and the Chipmunks (2007),Children|Comedy,2.3872537779508436
1328,1.8216911764705883,272,"Amityville Curse, The (1990)",Horror,2.3871472559418696
1979,2.277967257844475,1466,Friday the 13th Part VI: Jason Lives (1986),Horror,2.3835004989329525
132157,2.0294784580498866,441,Paul Blart: Mall Cop 2 (2015),Action|Comedy|Crime,2.3814538420352513
2748,2.2218237704918034,976,Allan Quatermain and the Lost City of Gold (1987),Action|Adventure|Comedy,2.380982125577696
1986,2.243612334801762,1135,Halloween 5: The Revenge of Michael Myers (1989),Horror,2.380565796387109
1972,2.2893504973668812,1709,"Nightmare on Elm Street 5: The Dream Child, A (1989)",Horror,2.3803386309924512
3392,2.237202925045704,1094,She-Devil (1989),Comedy,2.379525657621655
3646,2.334251101321586,3632,Big Momma's House (2000),Comedy,2.3772746027004352
89002,1.9588859416445623,377,Spy Kids: All the Time in the World in 4D (2011),Action|Adventure|Children|Comedy|Sci-Fi,2.3749241182618945
57223,1.8264604810996563,291,D-War (Dragon Wars) (2007),Action|Adventure|Drama|Fantasy,2.3698184953141697
3953,2.2564549895324495,1433,Dr. T and the Women (2000),Comedy|Romance,2.367242407765099
4123,2.0811051693404634,561,Ishtar (1987),Comedy,2.3650635950365726
2965,1.9977064220183487,436,"Omega Code, The (1999)",Action,2.363797642896949
1976,2.2643916913946587,1685,Friday the 13th Part 3: 3D (1982),Horror,2.3597212914939343
72407,2.3173600792471523,4038,"Twilight Saga: New Moon, The (2009)",Drama|Fantasy|Horror|Romance|Thriller,2.3572896511745367
102880,2.2674611973392462,1804,After Earth (2013),Action|Adventure|Sci-Fi|IMAX,2.35689269112968
39400,2.0789473684210527,589,"Fog, The (2005)",Action|Horror|Mystery|Thriller,2.3540577701636476
4104,2.2035087719298247,1140,Ernest Goes to Camp (1987),Comedy,2.347156026798272
1602,1.9846491228070176,456,Leave It to Beaver (1997),Comedy,2.3449638326289124
4471,1.9858695652173912,460,Arthur 2: On the Rocks (1988),Comedy|Romance,2.3437226768516295
63540,1.8991935483870968,372,Beverly Hills Chihuahua (2008),Adventure|Children|Comedy,2.342510880367403
2701,2.3288656781827477,13691,Wild Wild West (1999),Action|Comedy|Sci-Fi|Western,2.340939677158381
2265,2.1262626262626263,792,Nothing But Trouble (1991),Adventure|Comedy,2.336406000211471
3945,2.0384615384615383,585,Digimon: The Movie (2000),Adventure|Animation|Children,2.326975663293105
4502,2.121230398069964,829,Ernest Saves Christmas (1988),Children|Comedy,2.325322391335115
27793,2.0128440366972478,545,Starship Troopers 2: Hero of the Federation (2004),Action|Horror|Sci-Fi|War,2.3239261942563556
502,2.278220622267935,3889,"Next Karate Kid, The (1994)",Action|Children|Romance,2.3219422909253775
1322,1.7449324324324325,296,Amityville 1992: It's About Time (1992),Horror,2.320545064452414
73042,2.0370675453047777,607,Alvin and the Chipmunks: The Squeakquel (2009),Animation|Children|Comedy|Musical,2.3185711013203885
8372,2.235048678720445,2157,Garfield: The Movie (2004),Animation|Children|Comedy,2.3147117526165344
2903,2.101610904584882,807,Psycho III (1986),Horror|Thriller,2.314579984487281
1325,1.7,280,Amityville: A New Generation (1993),Horror,2.3141709314050303
2412,2.2722169135212615,4186,Rocky V (1990),Action|Drama,2.313347540106907
5691,2.063768115942029,690,Jason Goes to Hell: The Final Friday (1993),Action|Horror,2.3133081325169034
5675,1.7450980392156863,306,Swept Away (2002),Comedy|Romance,2.3102631205985236
5248,1.8591731266149871,387,Smokey and the Bandit III (1983),Action|Comedy,2.3076977600568025
1326,2.032488114104596,631,Amityville II: The Possession (1982),Horror,2.307608825571225
4254,2.221223895094706,2059,Crocodile Dundee in Los Angeles (2001),Comedy|Drama,2.305760650643494
2514,2.148660714285714,1120,Pet Sematary II (1992),Comedy|Horror,2.3043794328439775
2549,2.203458213256484,1735,Wing Commander (1999),Action|Sci-Fi,2.3040299438581178
169,2.2531303357996584,3514,Free Willy 2: The Adventure Home (1995),Adventure|Children|Drama,2.3028687994951023
4483,2.0818639798488663,794,Caddyshack II (1988),Comedy,2.302200599885052
2380,2.244290768735928,3109,Police Academy 3: Back in Training (1986),Comedy|Crime,2.300683464552286
2315,2.2196024040684237,2163,Bride of Chucky (Child's Play 4) (1998),Comedy|Horror|Thriller,2.300661306696016
34530,2.132923368022706,1057,Deuce Bigalow: European Gigolo (2005),Comedy,2.2991538445670576
3908,2.1597938144329896,1261,Urban Legends: Final Cut (2000),Horror,2.299135708073462
5476,2.095102505694761,878,Halloween: Resurrection (Halloween 8) (2002),Horror|Thriller,2.2960910512202686
2655,1.7484662576687116,326,Howling II: Your Sister Is a Werewolf (1985),Horror,2.2925117509482007
4845,2.090340909090909,880,Corky Romano (2001),Comedy|Crime,2.292023213411392
77427,2.135893011216566,1159,"Human Centipede, The (First Sequence) (2009)",Horror,2.2895553701400106
3754,2.1903973509933774,1812,"Adventures of Rocky and Bullwinkle, The (2000)",Adventure|Animation|Children|Comedy|Fantasy,2.2887888813722745
175475,1.713375796178344,314,The Emoji Movie (2017),Animation|Children|Comedy,2.2845354514480736
33681,2.0105263157894737,665,"Adventures of Sharkboy and Lavagirl 3-D, The (2005)",Action|Adventure|Children|Fantasy,2.281392937542533
193,2.258718074656189,8144,Showgirls (1995),Drama,2.280852268658047
2515,1.9136546184738956,498,Children of the Corn II: The Final Sacrifice (1993),Horror,2.277366455509601
3440,2.1959429335711103,2243,Teenage Mutant Ninja Turtles III (1993),Action|Adventure|Children|Comedy|Fantasy,2.276762713439593
80350,1.8597701149425288,435,Vampires Suck (2010),Comedy,2.2765974639861395
3690,2.048004987531172,802,Porky's Revenge (1985),Comedy,2.2746836098773633
2568,2.152575957727873,1514,"Mod Squad, The (1999)",Action|Crime,2.272939477917137
46865,1.9651162790697674,602,Little Man (2006),Comedy,2.2693207258433667
1993,2.112458193979933,1196,Child's Play 3 (1991),Comedy|Horror|Thriller,2.2662225798464397
2422,2.216641865079365,4032,"Karate Kid, Part III, The (1989)",Action|Adventure|Children|Drama,2.2624833576164174
54290,1.5316205533596838,253,Bratz: The Movie (2007),Comedy,2.262333145288147
3962,1.629692832764505,293,Ghoulies II (1987),Comedy|Horror,2.2614227821002415
6996,2.131101813110181,1434,Highlander II: The Quickening (1991),Action|Sci-Fi,2.260363067098533
5609,2.0198973042362,779,Ballistic: Ecks vs. Sever (2002),Action|Thriller,2.258454135246737
4255,2.1636579572446557,2105,Freddy Got Fingered (2001),Comedy,2.252629680793628
8811,1.6522435897435896,312,Yu-Gi-Oh! (2004),Action|Adventure|Animation|Fantasy,2.252567312569301
3877,2.110944527736132,1334,Supergirl (1984),Action|Adventure|Fantasy,2.251541478059335
3689,2.0597548518896835,979,Porky's II: The Next Day (1983),Comedy,2.2513763381546714
208207,1.6344262295081968,305,Cats (2019),Comedy|Drama|Fantasy,2.250343032352629
4340,2.1734126984126982,2520,"Animal, The (2001)",Comedy,2.248172561529893
92058,1.8099078341013826,434,"Human Centipede II (Full Sequence), The (2011)",Horror,2.245519117909095
122902,2.129422169811321,1696,Fantastic Four (2015),Action|Adventure|Fantasy|Sci-Fi,2.241485426304757
1980,2.088446215139442,1255,Friday the 13th Part VII: The New Blood (1988),Horror,2.2401522744997147
5523,2.0224971878515188,889,"Adventures of Pluto Nash, The (2002)",Action|Adventure|Comedy|Sci-Fi,2.2374242074172788
519,2.1987130961392882,5284,RoboCop 3 (1993),Action|Crime|Drama|Sci-Fi|Thriller,2.234987982002227
1984,2.0933823529411764,1360,Halloween III: Season of the Witch (1982),Horror,2.234424144210405
4749,1.9468562874251496,668,3 Ninjas Kick Back (1994),Action|Children|Comedy,2.23412041184439
5323,2.0986062717770033,1435,Jason X (2002),Horror|Sci-Fi|Thriller,2.232593981602305
2152,1.9848675914249685,793,Air Bud: Golden Receiver (1998),Children|Comedy,2.2285872018620996
3799,2.0885115606936417,1384,Pokémon the Movie 2000 (2000),Animation|Children,2.2282227972442414
2516,1.7837528604118993,437,Children of the Corn III (1994),Horror,2.2269500009040986
2798,2.1221695629278567,1899,Problem Child (1990),Children|Comedy,2.2244820548536346
2449,1.6468842729970326,337,"Garbage Pail Kids Movie, The (1987)",Adventure|Children|Comedy,2.223869270558323
1978,2.0797636632200884,1354,Friday the 13th Part V: A New Beginning (1985),Horror,2.2234481287791636
3821,2.174247982391783,4089,Nutty Professor II: The Klumps (2000),Comedy,2.2219195937251026
2368,1.7751141552511416,438,King Kong Lives (1986),Adventure|Sci-Fi,2.220796339525581
66,2.1339544513457556,2415,Lawnmower Man 2: Beyond Cyberspace (1996),Action|Sci-Fi|Thriller,2.215347800450513
1996,2.050371593724195,1211,Poltergeist III (1988),Horror|Thriller,2.2131413148983636
4750,1.8119918699186992,492,3 Ninjas Knuckle Up (1995),Action|Children,2.212802005156055
1862,2.1251629726205996,2301,Species II (1998),Horror|Sci-Fi,2.2110533768461984
47810,2.0423868312757203,1215,"Wicker Man, The (2006)",Horror|Mystery|Thriller,2.2060694074869334
3572,1.69693094629156,391,Carnosaur (1993),Horror|Sci-Fi,2.205758721081609
6794,2.0300261096605743,1149,Beethoven's 2nd (1993),Children|Comedy,2.20363760327643
8830,1.9457755359394704,793,Anacondas: The Hunt for the Blood Orchid (2004),Adventure|Drama|Horror|Sci-Fi|Thriller,2.1988338666091964
3041,1.779503105590062,483,Meatballs Part II (1984),Comedy,2.196290484519909
4686,2.0127388535031847,1099,Weekend at Bernie's II (1993),Adventure|Comedy,2.195982643831235
2450,2.144615009746589,4104,Howard the Duck (1986),Adventure|Comedy|Sci-Fi,2.193816767125393
2381,2.1267020923281303,3011,Police Academy 4: Citizens on Patrol (1987),Comedy|Crime,2.193768215472905
6566,2.0584247901872175,1549,Spy Kids 3-D: Game Over (2003),Action|Adventure|Children,2.1894793957506655
58315,1.9637837837837837,925,"Love Guru, The (2008)",Comedy,2.1845685370305152
2828,1.9839024390243902,1025,Dudley Do-Right (1999),Children|Comedy,2.183424920025215
1562,2.161004620913914,11686,Batman & Robin (1997),Action|Adventure|Fantasy|Thriller,2.1786076972257935
2053,2.135481288773264,4997,"Honey, I Blew Up the Kid (1992)",Children|Comedy|Sci-Fi,2.176740884427862
6827,1.6132075471698113,371,It's Pat (1994),Comedy,2.1720680845622224
7701,2.0565683646112602,1865,Look Who's Talking Too (1990),Comedy|Romance,2.1682506294621895
125916,2.058341608738828,2014,Fifty Shades of Grey (2015),Drama|Romance,2.1624751449998327
2338,2.115521203258826,4787,I Still Know What You Did Last Summer (1998),Horror|Mystery|Thriller,2.159487878158844
5556,1.8606442577030813,714,FearDotCom (a.k.a. Fear.com) (a.k.a. Fear Dot Com) (2002),Crime|Horror|Thriller,2.1564700442622513
2720,2.106160733319122,4691,Inspector Gadget (1999),Action|Adventure|Children|Comedy,2.1514534718557305
3997,2.062979410577311,2477,Dungeons & Dragons (2000),Action|Adventure|Comedy|Fantasy,2.1490021664845083
1681,2.0619047619047617,2520,Mortal Kombat: Annihilation (1997),Action|Adventure|Fantasy,2.1466882175665867
3042,1.6082089552238805,402,Meatballs III (1987),Comedy,2.1423644271318514
737,2.0955271565495206,4695,Barb Wire (1996),Action|Sci-Fi,2.1413185957685474
2153,2.0684263618022865,2974,"Avengers, The (1998)",Action|Adventure,2.140762979186485
4241,1.8530961791831357,759,Pokémon 3: The Movie (2001),Animation|Children,2.1375781383273362
2974,1.8021308980213089,657,Bats (1999),Horror|Thriller,2.1326470974943392
1499,2.0985164914302175,6943,Anaconda (1997),Action|Adventure|Thriller,2.1298912673452244
3973,1.994558645707376,1654,Book of Shadows: Blair Witch 2 (2000),Crime|Horror|Mystery|Thriller,2.1267355119134597
1323,1.6300904977375565,442,Amityville 3-D (1983),Horror,2.125437842842846
6013,1.9148936170212767,1081,Kangaroo Jack (2003),Action|Comedy,2.11892999896242
546,2.078132598476252,6169,Super Mario Bros. (1993),Action|Adventure|Children|Comedy|Fantasy|Sci-Fi,2.114081709845919
6951,1.9826061320754718,1696,"Cat in the Hat, The (2003)",Children|Comedy,2.1134582783794142
2462,1.7699386503067485,652,Texas Chainsaw Massacre: The Next Generation (a.k.a. The Return of the Texas Chainsaw Massacre) (1994),Horror,2.111183267421603
1998,1.918110918544194,1154,Exorcist II: The Heretic (1977),Horror,2.110959445163677
84312,1.5876168224299065,428,Home Alone 4 (2002),Children|Comedy|Crime,2.108827013768832
42721,1.6978221415607986,551,BloodRayne (2005),Action|Fantasy,2.1045943313165676
1731,1.8486033519553073,895,Mr. Magoo (1997),Comedy,2.1002404105429866
2818,1.6064516129032258,465,Iron Eagle IV (1995),Action|War,2.0940818120466766
5106,1.8972246313963572,1153,Crossroads (2002),Comedy|Musical|Romance,2.093918971124989
5501,1.8657362848893166,1039,"Master of Disguise, The (2002)",Comedy|Mystery,2.0859267067475136
50806,1.8528245787908821,1009,Norbit (2007),Comedy|Romance,2.0808212144209577
2816,1.8416243654822335,985,Iron Eagle II (1988),Action|War,2.076314940935345
5452,1.975659229208925,2465,Look Who's Talking Now (1993),Children|Comedy|Romance,2.0700707489664776
2643,2.001505199781062,3654,Superman IV: The Quest for Peace (1987),Action|Adventure|Sci-Fi,2.065506419744324
5094,1.845903165735568,1074,Rollerball (2002),Action|Sci-Fi,2.0639995506993145
6371,1.4854014598540146,411,Pokémon Heroes (2003),Animation|Children,2.0585922194576796
2382,1.953423566878981,2512,Police Academy 5: Assignment: Miami Beach (1988),Comedy|Crime,2.0482324624651826
181,1.9613543091655268,2924,Mighty Morphin Power Rangers: The Movie (1995),Action|Children,2.043230169756413
2799,1.8523089171974523,1256,Problem Child 2 (1991),Comedy,2.042969636268272
1381,1.9730578080041852,3823,Grease 2 (1982),Comedy|Musical|Romance,2.0361416060365243
8387,1.820855614973262,1122,Police Academy: Mission to Moscow (1994),Comedy|Crime,2.0358633055803654
4124,1.8606965174129353,1407,Jaws: The Revenge (1987),Horror|Thriller,2.0327103119875134
1599,1.6317957166392092,607,Steel (1997),Action,2.031154347026665
1981,1.8548387096774193,1426,Friday the 13th Part VIII: Jason Takes Manhattan (1989),Horror,2.0257716912174595
2386,1.62106135986733,603,Jerry Springer: Ringmaster (1998),Comedy|Drama,2.0254313952578036
4125,1.5010570824524312,473,Leonard Part 6 (1987),Comedy|Sci-Fi,2.0196218390637526
2807,1.8406474820143885,1390,Universal Soldier: The Return (1999),Action|Sci-Fi,2.0174903933248665
2817,1.6703601108033241,722,Aces: Iron Eagle III (1992),Action,2.012529617489055
393,1.9132516277288396,2611,Street Fighter (1994),Action|Adventure|Fantasy,2.0082747668170646
1389,1.8650535132619823,2149,Jaws 3-D (1983),Action|Horror,1.98338754978111
1595,1.7214934409687184,991,Free Willy 3: The Rescue (1997),Adventure|Children|Drama,1.9791636467619351
1739,1.592284417549168,661,3 Ninjas: High Noon On Mega Mountain (1998),Action|Children|Comedy,1.97875041830984
3564,1.8325867861142218,1786,"Flintstones in Viva Rock Vegas, The (2000)",Children|Comedy,1.9760012804659313
78893,1.8460216110019647,2036,"Last Airbender, The (2010)",Action|Adventure|Fantasy,1.9722810650882419
90890,1.6173260572987722,733,Jack and Jill (2011),Comedy,1.969105820979859
1556,1.9201595112845748,5893,Speed 2: Cruise Control (1997),Action|Romance|Thriller,1.9641259228610237
2383,1.8466006884681583,2324,Police Academy 6: City Under Siege (1989),Comedy|Crime,1.9586711514711506
3268,1.8277126099706744,2046,Stop! Or My Mom Will Shoot (1992),Action|Comedy,1.955407645483517
1707,1.8779917469050893,3635,Home Alone 3 (1997),Children|Comedy,1.9502214283632748
810,1.8151079136690647,2085,Kazaam (1996),Children|Comedy|Fantasy,1.9420133705900526
5672,1.4845094664371772,581,Pokemon 4 Ever (a.k.a. Pokémon 4: The Movie) (2002),Adventure|Animation|Children|Fantasy,1.9405530854562283
31424,1.4844517184942716,611,Alone in the Dark (2005),Action|Horror|Sci-Fi|Thriller,1.9246017044076331
8859,0.8657587548638133,257,SuperBabies: Baby Geniuses 2 (2004),Comedy,1.9182941403837201
1760,1.8102693602693603,2970,Spice World (1997),Comedy,1.9026577419677915
8666,1.7999326372515998,2969,Catwoman (2004),Action|Crime|Fantasy,1.8931492605799198
6482,1.7586206896551724,2233,Dumb and Dumberer: When Harry Met Lloyd (2003),Comedy,1.8836234359241404
67867,1.5053691275167784,745,Dragonball Evolution (2009),Action|Adventure|Fantasy|Sci-Fi,1.8809387318846202
57532,1.6299385425812116,1139,Meet the Spartans (2008),Comedy,1.8765509082931944
43919,1.617403314917127,1086,Date Movie (2006),Comedy|Romance,1.8761442846805934
2555,1.6817589576547232,1535,Baby Geniuses (1999),Comedy,1.8663966621560202
6872,1.3378136200716846,558,"House of the Dead, The (2003)",Action|Horror,1.8521068355683785
1826,1.1977272727272728,440,Barney's Great Adventure (1998),Adventure|Children,1.85072580290336
1495,1.4344155844155844,770,Turbo: A Power Rangers Movie (1997),Action|Adventure|Children,1.8181028615370742
61348,1.2482517482517483,715,Disaster Movie (2008),Comedy,1.7019037302833548
6483,1.00635593220339,472,From Justin to Kelly (2003),Musical|Romance,1.6964419553615286
50798,1.4631367292225201,1492,Epic Movie (2007),Adventure|Comedy,1.6835918235511091
3593,1.5672654690618761,5010,Battlefield Earth (2000),Action|Sci-Fi,1.6353163219722995
31698,1.2205528846153846,832,Son of the Mask (2005),Adventure|Children|Comedy|Fantasy,1.6314784028310911
6587,1.204057279236277,838,Gigli (2003),Comedy|Crime|Romance,1.6164918627473794
4775,1.1287978863936592,757,Glitter (2001),Drama|Musical|Romance,1.5930659167115289
